ISO-10303-21;
HEADER;
/* Generated by software containing ST-Developer
 * from STEP Tools, Inc. (www.steptools.com) 
 */
/* OPTION: using custom schema-name function */

FILE_DESCRIPTION(
/* description */ (''),
/* implementation_level */ '2;1');

FILE_NAME(
/* name */ '1',
/* time_stamp */ '2025-12-17T16:29:07+08:00',
/* author */ (''),
/* organization */ (''),
/* preprocessor_version */ 'ST-DEVELOPER v19.2',
/* originating_system */ 'Rhino 8.8',
/* authorisation */ '');

FILE_SCHEMA (('CONFIG_CONTROL_DESIGN'));
ENDSEC;

DATA;
#10=SHAPE_REPRESENTATION_RELATIONSHIP('','',#2922,#13);
#11=MANIFOLD_SOLID_BREP('brep_1',#14);
#12=MANIFOLD_SOLID_BREP('brep_2',#15);
#13=ADVANCED_BREP_SHAPE_REPRESENTATION('brep_rep_0',(#11,#12,#3278),#2921);
#14=CLOSED_SHELL('',(#16,#17,#18,#19,#20,#21,#22,#23,#24,#25,#26,#27,#28,
#29,#30,#31,#32,#33,#34,#35,#36,#37,#38,#39,#40,#41,#42,#43,#44,#45,#46,
#47,#48,#49,#50,#51,#52,#53,#54,#55,#56,#57,#58,#59,#60,#61,#62,#63,#64,
#65,#66,#67,#68,#69,#70,#71,#72,#73,#74,#75,#76,#77,#78,#79,#80,#81,#82,
#83,#84,#85,#86,#87));
#15=CLOSED_SHELL('',(#88,#89,#90,#91,#92,#93,#94,#95,#96,#97,#98,#99,#100,
#101,#102,#103,#104,#105,#106,#107,#108,#109,#110,#111,#112,#113,#114,#115,
#116,#117,#118,#119,#120,#121,#122,#123,#124,#125,#126,#127,#128,#129,#130,
#131,#132,#133,#134,#135,#136,#137,#138,#139,#140,#141,#142,#143,#144,#145,
#146,#147,#148,#149,#150,#151,#152,#153));
#16=ADVANCED_FACE('',(#242,#154,#155,#156,#157,#158),#2806,.T.);
#17=ADVANCED_FACE('',(#243),#2698,.F.);
#18=ADVANCED_FACE('',(#244),#2699,.F.);
#19=ADVANCED_FACE('',(#245),#2700,.F.);
#20=ADVANCED_FACE('',(#246),#2701,.F.);
#21=ADVANCED_FACE('',(#247,#159,#160,#161,#162,#163),#2807,.T.);
#22=ADVANCED_FACE('',(#248),#2702,.F.);
#23=ADVANCED_FACE('',(#249),#2703,.F.);
#24=ADVANCED_FACE('',(#250),#2704,.F.);
#25=ADVANCED_FACE('',(#251),#2705,.F.);
#26=ADVANCED_FACE('',(#252,#164,#165,#166,#167,#168),#2808,.T.);
#27=ADVANCED_FACE('',(#253),#2706,.F.);
#28=ADVANCED_FACE('',(#254),#2707,.F.);
#29=ADVANCED_FACE('',(#255),#2708,.F.);
#30=ADVANCED_FACE('',(#256),#2709,.F.);
#31=ADVANCED_FACE('',(#257,#169,#170,#171,#172,#173),#2809,.T.);
#32=ADVANCED_FACE('',(#258),#2710,.F.);
#33=ADVANCED_FACE('',(#259),#2711,.F.);
#34=ADVANCED_FACE('',(#260),#2712,.F.);
#35=ADVANCED_FACE('',(#261),#2713,.F.);
#36=ADVANCED_FACE('',(#262),#2714,.F.);
#37=ADVANCED_FACE('',(#263),#2715,.F.);
#38=ADVANCED_FACE('',(#264),#2716,.F.);
#39=ADVANCED_FACE('',(#265),#2717,.F.);
#40=ADVANCED_FACE('',(#266),#2718,.T.);
#41=ADVANCED_FACE('',(#267),#2810,.T.);
#42=ADVANCED_FACE('',(#268),#2811,.T.);
#43=ADVANCED_FACE('',(#269),#2812,.T.);
#44=ADVANCED_FACE('',(#270),#2813,.T.);
#45=ADVANCED_FACE('',(#271),#2719,.T.);
#46=ADVANCED_FACE('',(#272),#2814,.T.);
#47=ADVANCED_FACE('',(#273),#2815,.T.);
#48=ADVANCED_FACE('',(#274),#2720,.F.);
#49=ADVANCED_FACE('',(#275),#2721,.F.);
#50=ADVANCED_FACE('',(#276),#2816,.T.);
#51=ADVANCED_FACE('',(#277),#2817,.T.);
#52=ADVANCED_FACE('',(#278),#2722,.T.);
#53=ADVANCED_FACE('',(#279),#2723,.T.);
#54=ADVANCED_FACE('',(#280),#2724,.T.);
#55=ADVANCED_FACE('',(#281),#2818,.T.);
#56=ADVANCED_FACE('',(#282),#2725,.T.);
#57=ADVANCED_FACE('',(#283),#2819,.T.);
#58=ADVANCED_FACE('',(#284),#2820,.T.);
#59=ADVANCED_FACE('',(#285),#2726,.T.);
#60=ADVANCED_FACE('',(#286),#2727,.T.);
#61=ADVANCED_FACE('',(#287),#2821,.T.);
#62=ADVANCED_FACE('',(#288),#2728,.T.);
#63=ADVANCED_FACE('',(#289,#174,#175,#176,#177,#178,#179,#180,#181,#182),
#2822,.T.);
#64=ADVANCED_FACE('',(#290),#2729,.T.);
#65=ADVANCED_FACE('',(#291),#2823,.T.);
#66=ADVANCED_FACE('',(#292),#2730,.T.);
#67=ADVANCED_FACE('',(#293),#2731,.F.);
#68=ADVANCED_FACE('',(#294),#2732,.F.);
#69=ADVANCED_FACE('',(#295,#183,#184,#185,#186,#187,#188,#189,#190,#191),
#2824,.T.);
#70=ADVANCED_FACE('',(#296),#2825,.T.);
#71=ADVANCED_FACE('',(#297),#2733,.F.);
#72=ADVANCED_FACE('',(#298),#2734,.F.);
#73=ADVANCED_FACE('',(#299),#2735,.F.);
#74=ADVANCED_FACE('',(#300),#2736,.F.);
#75=ADVANCED_FACE('',(#301),#2737,.F.);
#76=ADVANCED_FACE('',(#302),#2738,.F.);
#77=ADVANCED_FACE('',(#303),#2739,.F.);
#78=ADVANCED_FACE('',(#304),#2740,.F.);
#79=ADVANCED_FACE('',(#305),#2741,.F.);
#80=ADVANCED_FACE('',(#306),#2742,.F.);
#81=ADVANCED_FACE('',(#307),#2743,.F.);
#82=ADVANCED_FACE('',(#308),#2744,.F.);
#83=ADVANCED_FACE('',(#309),#2745,.F.);
#84=ADVANCED_FACE('',(#310),#2746,.F.);
#85=ADVANCED_FACE('',(#311),#2747,.F.);
#86=ADVANCED_FACE('',(#312),#2748,.F.);
#87=ADVANCED_FACE('',(#313),#2749,.T.);
#88=ADVANCED_FACE('',(#314,#192,#193,#194,#195,#196,#197,#198,#199),#2826,
 .T.);
#89=ADVANCED_FACE('',(#315),#2750,.F.);
#90=ADVANCED_FACE('',(#316),#2751,.F.);
#91=ADVANCED_FACE('',(#317),#2752,.F.);
#92=ADVANCED_FACE('',(#318),#2753,.F.);
#93=ADVANCED_FACE('',(#319,#200,#201,#202,#203,#204,#205,#206,#207),#2827,
 .T.);
#94=ADVANCED_FACE('',(#320),#2754,.F.);
#95=ADVANCED_FACE('',(#321),#2755,.F.);
#96=ADVANCED_FACE('',(#322),#2756,.F.);
#97=ADVANCED_FACE('',(#323),#2757,.F.);
#98=ADVANCED_FACE('',(#324,#208,#209,#210,#211,#212,#213,#214,#215),#2828,
 .T.);
#99=ADVANCED_FACE('',(#325),#2758,.F.);
#100=ADVANCED_FACE('',(#326),#2759,.F.);
#101=ADVANCED_FACE('',(#327),#2760,.F.);
#102=ADVANCED_FACE('',(#328),#2761,.F.);
#103=ADVANCED_FACE('',(#329,#216,#217,#218,#219,#220,#221,#222,#223),#2829,
 .T.);
#104=ADVANCED_FACE('',(#330),#2762,.F.);
#105=ADVANCED_FACE('',(#331),#2763,.F.);
#106=ADVANCED_FACE('',(#332),#2764,.F.);
#107=ADVANCED_FACE('',(#333),#2765,.F.);
#108=ADVANCED_FACE('',(#334),#2766,.F.);
#109=ADVANCED_FACE('',(#335),#2767,.F.);
#110=ADVANCED_FACE('',(#336),#2768,.F.);
#111=ADVANCED_FACE('',(#337),#2769,.F.);
#112=ADVANCED_FACE('',(#338),#2770,.F.);
#113=ADVANCED_FACE('',(#339),#2771,.F.);
#114=ADVANCED_FACE('',(#340),#2772,.F.);
#115=ADVANCED_FACE('',(#341),#2773,.F.);
#116=ADVANCED_FACE('',(#342),#2774,.F.);
#117=ADVANCED_FACE('',(#343),#2775,.F.);
#118=ADVANCED_FACE('',(#344),#2776,.F.);
#119=ADVANCED_FACE('',(#345),#2777,.F.);
#120=ADVANCED_FACE('',(#346),#2778,.T.);
#121=ADVANCED_FACE('',(#347),#2830,.T.);
#122=ADVANCED_FACE('',(#348,#224,#225,#226,#227,#228,#229,#230,#231,#232),
#2831,.T.);
#123=ADVANCED_FACE('',(#349),#2832,.T.);
#124=ADVANCED_FACE('',(#350),#2779,.T.);
#125=ADVANCED_FACE('',(#351),#2833,.T.);
#126=ADVANCED_FACE('',(#352),#2834,.T.);
#127=ADVANCED_FACE('',(#353),#2780,.T.);
#128=ADVANCED_FACE('',(#354),#2781,.T.);
#129=ADVANCED_FACE('',(#355),#2782,.T.);
#130=ADVANCED_FACE('',(#356,#233,#234,#235,#236,#237,#238,#239,#240,#241),
#2835,.T.);
#131=ADVANCED_FACE('',(#357),#2783,.T.);
#132=ADVANCED_FACE('',(#358),#2784,.F.);
#133=ADVANCED_FACE('',(#359),#2785,.F.);
#134=ADVANCED_FACE('',(#360),#2786,.F.);
#135=ADVANCED_FACE('',(#361),#2787,.F.);
#136=ADVANCED_FACE('',(#362),#2788,.F.);
#137=ADVANCED_FACE('',(#363),#2789,.F.);
#138=ADVANCED_FACE('',(#364),#2790,.F.);
#139=ADVANCED_FACE('',(#365),#2791,.F.);
#140=ADVANCED_FACE('',(#366),#2792,.F.);
#141=ADVANCED_FACE('',(#367),#2793,.F.);
#142=ADVANCED_FACE('',(#368),#2794,.F.);
#143=ADVANCED_FACE('',(#369),#2795,.F.);
#144=ADVANCED_FACE('',(#370),#2796,.F.);
#145=ADVANCED_FACE('',(#371),#2797,.F.);
#146=ADVANCED_FACE('',(#372),#2798,.F.);
#147=ADVANCED_FACE('',(#373),#2799,.F.);
#148=ADVANCED_FACE('',(#374),#2800,.F.);
#149=ADVANCED_FACE('',(#375),#2801,.F.);
#150=ADVANCED_FACE('',(#376),#2802,.F.);
#151=ADVANCED_FACE('',(#377),#2803,.F.);
#152=ADVANCED_FACE('',(#378),#2804,.F.);
#153=ADVANCED_FACE('',(#379),#2805,.F.);
#154=FACE_BOUND('',#381,.T.);
#155=FACE_BOUND('',#382,.T.);
#156=FACE_BOUND('',#383,.T.);
#157=FACE_BOUND('',#384,.T.);
#158=FACE_BOUND('',#385,.T.);
#159=FACE_BOUND('',#391,.T.);
#160=FACE_BOUND('',#392,.T.);
#161=FACE_BOUND('',#393,.T.);
#162=FACE_BOUND('',#394,.T.);
#163=FACE_BOUND('',#395,.T.);
#164=FACE_BOUND('',#401,.T.);
#165=FACE_BOUND('',#402,.T.);
#166=FACE_BOUND('',#403,.T.);
#167=FACE_BOUND('',#404,.T.);
#168=FACE_BOUND('',#405,.T.);
#169=FACE_BOUND('',#411,.T.);
#170=FACE_BOUND('',#412,.T.);
#171=FACE_BOUND('',#413,.T.);
#172=FACE_BOUND('',#414,.T.);
#173=FACE_BOUND('',#415,.T.);
#174=FACE_BOUND('',#448,.T.);
#175=FACE_BOUND('',#449,.T.);
#176=FACE_BOUND('',#450,.T.);
#177=FACE_BOUND('',#451,.T.);
#178=FACE_BOUND('',#452,.T.);
#179=FACE_BOUND('',#453,.T.);
#180=FACE_BOUND('',#454,.T.);
#181=FACE_BOUND('',#455,.T.);
#182=FACE_BOUND('',#456,.T.);
#183=FACE_BOUND('',#463,.T.);
#184=FACE_BOUND('',#464,.T.);
#185=FACE_BOUND('',#465,.T.);
#186=FACE_BOUND('',#466,.T.);
#187=FACE_BOUND('',#467,.T.);
#188=FACE_BOUND('',#468,.T.);
#189=FACE_BOUND('',#469,.T.);
#190=FACE_BOUND('',#470,.T.);
#191=FACE_BOUND('',#471,.T.);
#192=FACE_BOUND('',#491,.T.);
#193=FACE_BOUND('',#492,.T.);
#194=FACE_BOUND('',#493,.T.);
#195=FACE_BOUND('',#494,.T.);
#196=FACE_BOUND('',#495,.T.);
#197=FACE_BOUND('',#496,.T.);
#198=FACE_BOUND('',#497,.T.);
#199=FACE_BOUND('',#498,.T.);
#200=FACE_BOUND('',#504,.T.);
#201=FACE_BOUND('',#505,.T.);
#202=FACE_BOUND('',#506,.T.);
#203=FACE_BOUND('',#507,.T.);
#204=FACE_BOUND('',#508,.T.);
#205=FACE_BOUND('',#509,.T.);
#206=FACE_BOUND('',#510,.T.);
#207=FACE_BOUND('',#511,.T.);
#208=FACE_BOUND('',#517,.T.);
#209=FACE_BOUND('',#518,.T.);
#210=FACE_BOUND('',#519,.T.);
#211=FACE_BOUND('',#520,.T.);
#212=FACE_BOUND('',#521,.T.);
#213=FACE_BOUND('',#522,.T.);
#214=FACE_BOUND('',#523,.T.);
#215=FACE_BOUND('',#524,.T.);
#216=FACE_BOUND('',#530,.T.);
#217=FACE_BOUND('',#531,.T.);
#218=FACE_BOUND('',#532,.T.);
#219=FACE_BOUND('',#533,.T.);
#220=FACE_BOUND('',#534,.T.);
#221=FACE_BOUND('',#535,.T.);
#222=FACE_BOUND('',#536,.T.);
#223=FACE_BOUND('',#537,.T.);
#224=FACE_BOUND('',#557,.T.);
#225=FACE_BOUND('',#558,.T.);
#226=FACE_BOUND('',#559,.T.);
#227=FACE_BOUND('',#560,.T.);
#228=FACE_BOUND('',#561,.T.);
#229=FACE_BOUND('',#562,.T.);
#230=FACE_BOUND('',#563,.T.);
#231=FACE_BOUND('',#564,.T.);
#232=FACE_BOUND('',#565,.T.);
#233=FACE_BOUND('',#574,.T.);
#234=FACE_BOUND('',#575,.T.);
#235=FACE_BOUND('',#576,.T.);
#236=FACE_BOUND('',#577,.T.);
#237=FACE_BOUND('',#578,.T.);
#238=FACE_BOUND('',#579,.T.);
#239=FACE_BOUND('',#580,.T.);
#240=FACE_BOUND('',#581,.T.);
#241=FACE_BOUND('',#582,.T.);
#242=FACE_OUTER_BOUND('',#380,.T.);
#243=FACE_OUTER_BOUND('',#386,.T.);
#244=FACE_OUTER_BOUND('',#387,.T.);
#245=FACE_OUTER_BOUND('',#388,.T.);
#246=FACE_OUTER_BOUND('',#389,.T.);
#247=FACE_OUTER_BOUND('',#390,.T.);
#248=FACE_OUTER_BOUND('',#396,.T.);
#249=FACE_OUTER_BOUND('',#397,.T.);
#250=FACE_OUTER_BOUND('',#398,.T.);
#251=FACE_OUTER_BOUND('',#399,.T.);
#252=FACE_OUTER_BOUND('',#400,.T.);
#253=FACE_OUTER_BOUND('',#406,.T.);
#254=FACE_OUTER_BOUND('',#407,.T.);
#255=FACE_OUTER_BOUND('',#408,.T.);
#256=FACE_OUTER_BOUND('',#409,.T.);
#257=FACE_OUTER_BOUND('',#410,.T.);
#258=FACE_OUTER_BOUND('',#416,.T.);
#259=FACE_OUTER_BOUND('',#417,.T.);
#260=FACE_OUTER_BOUND('',#418,.T.);
#261=FACE_OUTER_BOUND('',#419,.T.);
#262=FACE_OUTER_BOUND('',#420,.T.);
#263=FACE_OUTER_BOUND('',#421,.T.);
#264=FACE_OUTER_BOUND('',#422,.T.);
#265=FACE_OUTER_BOUND('',#423,.T.);
#266=FACE_OUTER_BOUND('',#424,.T.);
#267=FACE_OUTER_BOUND('',#425,.T.);
#268=FACE_OUTER_BOUND('',#426,.T.);
#269=FACE_OUTER_BOUND('',#427,.T.);
#270=FACE_OUTER_BOUND('',#428,.T.);
#271=FACE_OUTER_BOUND('',#429,.T.);
#272=FACE_OUTER_BOUND('',#430,.T.);
#273=FACE_OUTER_BOUND('',#431,.T.);
#274=FACE_OUTER_BOUND('',#432,.T.);
#275=FACE_OUTER_BOUND('',#433,.T.);
#276=FACE_OUTER_BOUND('',#434,.T.);
#277=FACE_OUTER_BOUND('',#435,.T.);
#278=FACE_OUTER_BOUND('',#436,.T.);
#279=FACE_OUTER_BOUND('',#437,.T.);
#280=FACE_OUTER_BOUND('',#438,.T.);
#281=FACE_OUTER_BOUND('',#439,.T.);
#282=FACE_OUTER_BOUND('',#440,.T.);
#283=FACE_OUTER_BOUND('',#441,.T.);
#284=FACE_OUTER_BOUND('',#442,.T.);
#285=FACE_OUTER_BOUND('',#443,.T.);
#286=FACE_OUTER_BOUND('',#444,.T.);
#287=FACE_OUTER_BOUND('',#445,.T.);
#288=FACE_OUTER_BOUND('',#446,.T.);
#289=FACE_OUTER_BOUND('',#447,.T.);
#290=FACE_OUTER_BOUND('',#457,.T.);
#291=FACE_OUTER_BOUND('',#458,.T.);
#292=FACE_OUTER_BOUND('',#459,.T.);
#293=FACE_OUTER_BOUND('',#460,.T.);
#294=FACE_OUTER_BOUND('',#461,.T.);
#295=FACE_OUTER_BOUND('',#462,.T.);
#296=FACE_OUTER_BOUND('',#472,.T.);
#297=FACE_OUTER_BOUND('',#473,.T.);
#298=FACE_OUTER_BOUND('',#474,.T.);
#299=FACE_OUTER_BOUND('',#475,.T.);
#300=FACE_OUTER_BOUND('',#476,.T.);
#301=FACE_OUTER_BOUND('',#477,.T.);
#302=FACE_OUTER_BOUND('',#478,.T.);
#303=FACE_OUTER_BOUND('',#479,.T.);
#304=FACE_OUTER_BOUND('',#480,.T.);
#305=FACE_OUTER_BOUND('',#481,.T.);
#306=FACE_OUTER_BOUND('',#482,.T.);
#307=FACE_OUTER_BOUND('',#483,.T.);
#308=FACE_OUTER_BOUND('',#484,.T.);
#309=FACE_OUTER_BOUND('',#485,.T.);
#310=FACE_OUTER_BOUND('',#486,.T.);
#311=FACE_OUTER_BOUND('',#487,.T.);
#312=FACE_OUTER_BOUND('',#488,.T.);
#313=FACE_OUTER_BOUND('',#489,.T.);
#314=FACE_OUTER_BOUND('',#490,.T.);
#315=FACE_OUTER_BOUND('',#499,.T.);
#316=FACE_OUTER_BOUND('',#500,.T.);
#317=FACE_OUTER_BOUND('',#501,.T.);
#318=FACE_OUTER_BOUND('',#502,.T.);
#319=FACE_OUTER_BOUND('',#503,.T.);
#320=FACE_OUTER_BOUND('',#512,.T.);
#321=FACE_OUTER_BOUND('',#513,.T.);
#322=FACE_OUTER_BOUND('',#514,.T.);
#323=FACE_OUTER_BOUND('',#515,.T.);
#324=FACE_OUTER_BOUND('',#516,.T.);
#325=FACE_OUTER_BOUND('',#525,.T.);
#326=FACE_OUTER_BOUND('',#526,.T.);
#327=FACE_OUTER_BOUND('',#527,.T.);
#328=FACE_OUTER_BOUND('',#528,.T.);
#329=FACE_OUTER_BOUND('',#529,.T.);
#330=FACE_OUTER_BOUND('',#538,.T.);
#331=FACE_OUTER_BOUND('',#539,.T.);
#332=FACE_OUTER_BOUND('',#540,.T.);
#333=FACE_OUTER_BOUND('',#541,.T.);
#334=FACE_OUTER_BOUND('',#542,.T.);
#335=FACE_OUTER_BOUND('',#543,.T.);
#336=FACE_OUTER_BOUND('',#544,.T.);
#337=FACE_OUTER_BOUND('',#545,.T.);
#338=FACE_OUTER_BOUND('',#546,.T.);
#339=FACE_OUTER_BOUND('',#547,.T.);
#340=FACE_OUTER_BOUND('',#548,.T.);
#341=FACE_OUTER_BOUND('',#549,.T.);
#342=FACE_OUTER_BOUND('',#550,.T.);
#343=FACE_OUTER_BOUND('',#551,.T.);
#344=FACE_OUTER_BOUND('',#552,.T.);
#345=FACE_OUTER_BOUND('',#553,.T.);
#346=FACE_OUTER_BOUND('',#554,.T.);
#347=FACE_OUTER_BOUND('',#555,.T.);
#348=FACE_OUTER_BOUND('',#556,.T.);
#349=FACE_OUTER_BOUND('',#566,.T.);
#350=FACE_OUTER_BOUND('',#567,.T.);
#351=FACE_OUTER_BOUND('',#568,.T.);
#352=FACE_OUTER_BOUND('',#569,.T.);
#353=FACE_OUTER_BOUND('',#570,.T.);
#354=FACE_OUTER_BOUND('',#571,.T.);
#355=FACE_OUTER_BOUND('',#572,.T.);
#356=FACE_OUTER_BOUND('',#573,.T.);
#357=FACE_OUTER_BOUND('',#583,.T.);
#358=FACE_OUTER_BOUND('',#584,.T.);
#359=FACE_OUTER_BOUND('',#585,.T.);
#360=FACE_OUTER_BOUND('',#586,.T.);
#361=FACE_OUTER_BOUND('',#587,.T.);
#362=FACE_OUTER_BOUND('',#588,.T.);
#363=FACE_OUTER_BOUND('',#589,.T.);
#364=FACE_OUTER_BOUND('',#590,.T.);
#365=FACE_OUTER_BOUND('',#591,.T.);
#366=FACE_OUTER_BOUND('',#592,.T.);
#367=FACE_OUTER_BOUND('',#593,.T.);
#368=FACE_OUTER_BOUND('',#594,.T.);
#369=FACE_OUTER_BOUND('',#595,.T.);
#370=FACE_OUTER_BOUND('',#596,.T.);
#371=FACE_OUTER_BOUND('',#597,.T.);
#372=FACE_OUTER_BOUND('',#598,.T.);
#373=FACE_OUTER_BOUND('',#599,.T.);
#374=FACE_OUTER_BOUND('',#600,.T.);
#375=FACE_OUTER_BOUND('',#601,.T.);
#376=FACE_OUTER_BOUND('',#602,.T.);
#377=FACE_OUTER_BOUND('',#603,.T.);
#378=FACE_OUTER_BOUND('',#604,.T.);
#379=FACE_OUTER_BOUND('',#605,.T.);
#380=EDGE_LOOP('',(#606,#607,#608,#609,#610,#611,#612,#613,#614,#615,#616,
#617));
#381=EDGE_LOOP('',(#618,#619));
#382=EDGE_LOOP('',(#620,#621));
#383=EDGE_LOOP('',(#622,#623));
#384=EDGE_LOOP('',(#624,#625));
#385=EDGE_LOOP('',(#626,#627));
#386=EDGE_LOOP('',(#628,#629,#630,#631));
#387=EDGE_LOOP('',(#632,#633,#634,#635));
#388=EDGE_LOOP('',(#636,#637,#638,#639));
#389=EDGE_LOOP('',(#640,#641,#642,#643));
#390=EDGE_LOOP('',(#644,#645,#646,#647,#648,#649,#650,#651,#652,#653,#654,
#655));
#391=EDGE_LOOP('',(#656,#657));
#392=EDGE_LOOP('',(#658,#659));
#393=EDGE_LOOP('',(#660,#661));
#394=EDGE_LOOP('',(#662,#663));
#395=EDGE_LOOP('',(#664,#665));
#396=EDGE_LOOP('',(#666,#667,#668,#669));
#397=EDGE_LOOP('',(#670,#671,#672,#673));
#398=EDGE_LOOP('',(#674,#675,#676,#677));
#399=EDGE_LOOP('',(#678,#679,#680,#681));
#400=EDGE_LOOP('',(#682,#683,#684,#685,#686,#687,#688,#689,#690,#691,#692,
#693));
#401=EDGE_LOOP('',(#694,#695));
#402=EDGE_LOOP('',(#696,#697));
#403=EDGE_LOOP('',(#698,#699));
#404=EDGE_LOOP('',(#700,#701));
#405=EDGE_LOOP('',(#702,#703));
#406=EDGE_LOOP('',(#704,#705,#706,#707));
#407=EDGE_LOOP('',(#708,#709,#710,#711));
#408=EDGE_LOOP('',(#712,#713,#714,#715));
#409=EDGE_LOOP('',(#716,#717,#718,#719));
#410=EDGE_LOOP('',(#720,#721,#722,#723,#724,#725,#726,#727,#728,#729,#730,
#731));
#411=EDGE_LOOP('',(#732,#733));
#412=EDGE_LOOP('',(#734,#735));
#413=EDGE_LOOP('',(#736,#737));
#414=EDGE_LOOP('',(#738,#739));
#415=EDGE_LOOP('',(#740,#741));
#416=EDGE_LOOP('',(#742,#743,#744,#745));
#417=EDGE_LOOP('',(#746,#747,#748,#749));
#418=EDGE_LOOP('',(#750,#751,#752,#753));
#419=EDGE_LOOP('',(#754,#755,#756,#757));
#420=EDGE_LOOP('',(#758,#759,#760,#761));
#421=EDGE_LOOP('',(#762,#763,#764,#765));
#422=EDGE_LOOP('',(#766,#767,#768,#769));
#423=EDGE_LOOP('',(#770,#771,#772,#773));
#424=EDGE_LOOP('',(#774,#775,#776,#777));
#425=EDGE_LOOP('',(#778,#779,#780,#781));
#426=EDGE_LOOP('',(#782,#783,#784,#785));
#427=EDGE_LOOP('',(#786,#787,#788,#789));
#428=EDGE_LOOP('',(#790,#791,#792,#793));
#429=EDGE_LOOP('',(#794,#795,#796,#797));
#430=EDGE_LOOP('',(#798,#799,#800,#801));
#431=EDGE_LOOP('',(#802,#803,#804,#805));
#432=EDGE_LOOP('',(#806,#807,#808,#809));
#433=EDGE_LOOP('',(#810,#811,#812,#813));
#434=EDGE_LOOP('',(#814,#815,#816,#817));
#435=EDGE_LOOP('',(#818,#819,#820,#821));
#436=EDGE_LOOP('',(#822,#823,#824,#825));
#437=EDGE_LOOP('',(#826,#827,#828,#829));
#438=EDGE_LOOP('',(#830,#831,#832,#833));
#439=EDGE_LOOP('',(#834,#835,#836,#837,#838,#839,#840,#841,#842,#843,#844,
#845,#846,#847,#848,#849));
#440=EDGE_LOOP('',(#850,#851,#852,#853));
#441=EDGE_LOOP('',(#854,#855,#856,#857));
#442=EDGE_LOOP('',(#858,#859,#860,#861,#862,#863,#864,#865,#866,#867,#868,
#869,#870,#871,#872,#873));
#443=EDGE_LOOP('',(#874,#875,#876,#877));
#444=EDGE_LOOP('',(#878,#879,#880,#881));
#445=EDGE_LOOP('',(#882,#883,#884,#885));
#446=EDGE_LOOP('',(#886,#887,#888,#889));
#447=EDGE_LOOP('',(#890,#891,#892,#893));
#448=EDGE_LOOP('',(#894,#895));
#449=EDGE_LOOP('',(#896,#897));
#450=EDGE_LOOP('',(#898,#899));
#451=EDGE_LOOP('',(#900,#901));
#452=EDGE_LOOP('',(#902,#903));
#453=EDGE_LOOP('',(#904,#905));
#454=EDGE_LOOP('',(#906,#907));
#455=EDGE_LOOP('',(#908,#909));
#456=EDGE_LOOP('',(#910,#911));
#457=EDGE_LOOP('',(#912,#913,#914,#915));
#458=EDGE_LOOP('',(#916,#917,#918,#919));
#459=EDGE_LOOP('',(#920,#921,#922,#923));
#460=EDGE_LOOP('',(#924,#925,#926,#927));
#461=EDGE_LOOP('',(#928,#929,#930,#931));
#462=EDGE_LOOP('',(#932,#933,#934,#935));
#463=EDGE_LOOP('',(#936,#937));
#464=EDGE_LOOP('',(#938,#939));
#465=EDGE_LOOP('',(#940,#941));
#466=EDGE_LOOP('',(#942,#943));
#467=EDGE_LOOP('',(#944,#945));
#468=EDGE_LOOP('',(#946,#947));
#469=EDGE_LOOP('',(#948,#949));
#470=EDGE_LOOP('',(#950,#951));
#471=EDGE_LOOP('',(#952,#953));
#472=EDGE_LOOP('',(#954,#955,#956,#957));
#473=EDGE_LOOP('',(#958,#959,#960,#961));
#474=EDGE_LOOP('',(#962,#963,#964,#965));
#475=EDGE_LOOP('',(#966,#967,#968,#969));
#476=EDGE_LOOP('',(#970,#971,#972,#973));
#477=EDGE_LOOP('',(#974,#975,#976,#977));
#478=EDGE_LOOP('',(#978,#979,#980,#981));
#479=EDGE_LOOP('',(#982,#983,#984,#985));
#480=EDGE_LOOP('',(#986,#987,#988,#989));
#481=EDGE_LOOP('',(#990,#991,#992,#993));
#482=EDGE_LOOP('',(#994,#995,#996,#997));
#483=EDGE_LOOP('',(#998,#999,#1000,#1001));
#484=EDGE_LOOP('',(#1002,#1003,#1004,#1005));
#485=EDGE_LOOP('',(#1006,#1007,#1008,#1009));
#486=EDGE_LOOP('',(#1010,#1011,#1012,#1013));
#487=EDGE_LOOP('',(#1014,#1015,#1016,#1017));
#488=EDGE_LOOP('',(#1018,#1019,#1020,#1021));
#489=EDGE_LOOP('',(#1022,#1023,#1024,#1025));
#490=EDGE_LOOP('',(#1026,#1027,#1028,#1029,#1030,#1031));
#491=EDGE_LOOP('',(#1032,#1033));
#492=EDGE_LOOP('',(#1034,#1035));
#493=EDGE_LOOP('',(#1036,#1037));
#494=EDGE_LOOP('',(#1038,#1039));
#495=EDGE_LOOP('',(#1040,#1041));
#496=EDGE_LOOP('',(#1042,#1043));
#497=EDGE_LOOP('',(#1044,#1045));
#498=EDGE_LOOP('',(#1046,#1047));
#499=EDGE_LOOP('',(#1048,#1049,#1050,#1051));
#500=EDGE_LOOP('',(#1052,#1053,#1054,#1055));
#501=EDGE_LOOP('',(#1056,#1057,#1058,#1059));
#502=EDGE_LOOP('',(#1060,#1061,#1062,#1063));
#503=EDGE_LOOP('',(#1064,#1065,#1066,#1067,#1068,#1069));
#504=EDGE_LOOP('',(#1070,#1071));
#505=EDGE_LOOP('',(#1072,#1073));
#506=EDGE_LOOP('',(#1074,#1075));
#507=EDGE_LOOP('',(#1076,#1077));
#508=EDGE_LOOP('',(#1078,#1079));
#509=EDGE_LOOP('',(#1080,#1081));
#510=EDGE_LOOP('',(#1082,#1083));
#511=EDGE_LOOP('',(#1084,#1085));
#512=EDGE_LOOP('',(#1086,#1087,#1088,#1089));
#513=EDGE_LOOP('',(#1090,#1091,#1092,#1093));
#514=EDGE_LOOP('',(#1094,#1095,#1096,#1097));
#515=EDGE_LOOP('',(#1098,#1099,#1100,#1101));
#516=EDGE_LOOP('',(#1102,#1103,#1104,#1105,#1106,#1107));
#517=EDGE_LOOP('',(#1108,#1109));
#518=EDGE_LOOP('',(#1110,#1111));
#519=EDGE_LOOP('',(#1112,#1113));
#520=EDGE_LOOP('',(#1114,#1115));
#521=EDGE_LOOP('',(#1116,#1117));
#522=EDGE_LOOP('',(#1118,#1119));
#523=EDGE_LOOP('',(#1120,#1121));
#524=EDGE_LOOP('',(#1122,#1123));
#525=EDGE_LOOP('',(#1124,#1125,#1126,#1127));
#526=EDGE_LOOP('',(#1128,#1129,#1130,#1131));
#527=EDGE_LOOP('',(#1132,#1133,#1134,#1135));
#528=EDGE_LOOP('',(#1136,#1137,#1138,#1139));
#529=EDGE_LOOP('',(#1140,#1141,#1142,#1143,#1144,#1145));
#530=EDGE_LOOP('',(#1146,#1147));
#531=EDGE_LOOP('',(#1148,#1149));
#532=EDGE_LOOP('',(#1150,#1151));
#533=EDGE_LOOP('',(#1152,#1153));
#534=EDGE_LOOP('',(#1154,#1155));
#535=EDGE_LOOP('',(#1156,#1157));
#536=EDGE_LOOP('',(#1158,#1159));
#537=EDGE_LOOP('',(#1160,#1161));
#538=EDGE_LOOP('',(#1162,#1163,#1164,#1165));
#539=EDGE_LOOP('',(#1166,#1167,#1168,#1169));
#540=EDGE_LOOP('',(#1170,#1171,#1172,#1173));
#541=EDGE_LOOP('',(#1174,#1175,#1176,#1177));
#542=EDGE_LOOP('',(#1178,#1179,#1180,#1181));
#543=EDGE_LOOP('',(#1182,#1183,#1184,#1185));
#544=EDGE_LOOP('',(#1186,#1187,#1188,#1189));
#545=EDGE_LOOP('',(#1190,#1191,#1192,#1193));
#546=EDGE_LOOP('',(#1194,#1195,#1196,#1197));
#547=EDGE_LOOP('',(#1198,#1199,#1200,#1201));
#548=EDGE_LOOP('',(#1202,#1203,#1204,#1205));
#549=EDGE_LOOP('',(#1206,#1207,#1208,#1209));
#550=EDGE_LOOP('',(#1210,#1211,#1212,#1213));
#551=EDGE_LOOP('',(#1214,#1215,#1216,#1217));
#552=EDGE_LOOP('',(#1218,#1219,#1220,#1221));
#553=EDGE_LOOP('',(#1222,#1223,#1224,#1225));
#554=EDGE_LOOP('',(#1226,#1227,#1228,#1229));
#555=EDGE_LOOP('',(#1230,#1231,#1232,#1233,#1234,#1235,#1236,#1237,#1238,
#1239));
#556=EDGE_LOOP('',(#1240,#1241,#1242,#1243));
#557=EDGE_LOOP('',(#1244,#1245));
#558=EDGE_LOOP('',(#1246,#1247));
#559=EDGE_LOOP('',(#1248,#1249));
#560=EDGE_LOOP('',(#1250,#1251));
#561=EDGE_LOOP('',(#1252,#1253));
#562=EDGE_LOOP('',(#1254,#1255));
#563=EDGE_LOOP('',(#1256,#1257));
#564=EDGE_LOOP('',(#1258,#1259));
#565=EDGE_LOOP('',(#1260,#1261));
#566=EDGE_LOOP('',(#1262,#1263,#1264,#1265,#1266,#1267,#1268,#1269,#1270,
#1271));
#567=EDGE_LOOP('',(#1272,#1273,#1274,#1275));
#568=EDGE_LOOP('',(#1276,#1277,#1278,#1279));
#569=EDGE_LOOP('',(#1280,#1281,#1282,#1283));
#570=EDGE_LOOP('',(#1284,#1285,#1286,#1287));
#571=EDGE_LOOP('',(#1288,#1289,#1290,#1291));
#572=EDGE_LOOP('',(#1292,#1293,#1294,#1295));
#573=EDGE_LOOP('',(#1296,#1297,#1298,#1299));
#574=EDGE_LOOP('',(#1300,#1301));
#575=EDGE_LOOP('',(#1302,#1303));
#576=EDGE_LOOP('',(#1304,#1305));
#577=EDGE_LOOP('',(#1306,#1307));
#578=EDGE_LOOP('',(#1308,#1309));
#579=EDGE_LOOP('',(#1310,#1311));
#580=EDGE_LOOP('',(#1312,#1313));
#581=EDGE_LOOP('',(#1314,#1315));
#582=EDGE_LOOP('',(#1316,#1317));
#583=EDGE_LOOP('',(#1318,#1319,#1320,#1321));
#584=EDGE_LOOP('',(#1322,#1323,#1324,#1325));
#585=EDGE_LOOP('',(#1326,#1327,#1328,#1329));
#586=EDGE_LOOP('',(#1330,#1331,#1332,#1333));
#587=EDGE_LOOP('',(#1334,#1335,#1336,#1337));
#588=EDGE_LOOP('',(#1338,#1339,#1340,#1341));
#589=EDGE_LOOP('',(#1342,#1343,#1344,#1345));
#590=EDGE_LOOP('',(#1346,#1347,#1348,#1349));
#591=EDGE_LOOP('',(#1350,#1351,#1352,#1353));
#592=EDGE_LOOP('',(#1354,#1355,#1356,#1357));
#593=EDGE_LOOP('',(#1358,#1359,#1360,#1361));
#594=EDGE_LOOP('',(#1362,#1363,#1364,#1365));
#595=EDGE_LOOP('',(#1366,#1367,#1368,#1369));
#596=EDGE_LOOP('',(#1370,#1371,#1372,#1373));
#597=EDGE_LOOP('',(#1374,#1375,#1376,#1377));
#598=EDGE_LOOP('',(#1378,#1379,#1380,#1381));
#599=EDGE_LOOP('',(#1382,#1383,#1384,#1385));
#600=EDGE_LOOP('',(#1386,#1387,#1388,#1389));
#601=EDGE_LOOP('',(#1390,#1391,#1392,#1393));
#602=EDGE_LOOP('',(#1394,#1395,#1396,#1397));
#603=EDGE_LOOP('',(#1398,#1399,#1400,#1401));
#604=EDGE_LOOP('',(#1402,#1403,#1404,#1405));
#605=EDGE_LOOP('',(#1406,#1407,#1408,#1409));
#606=ORIENTED_EDGE('',*,*,#1416,.F.);
#607=ORIENTED_EDGE('',*,*,#1526,.F.);
#608=ORIENTED_EDGE('',*,*,#1415,.F.);
#609=ORIENTED_EDGE('',*,*,#1414,.F.);
#610=ORIENTED_EDGE('',*,*,#1413,.F.);
#611=ORIENTED_EDGE('',*,*,#1619,.F.);
#612=ORIENTED_EDGE('',*,*,#1412,.F.);
#613=ORIENTED_EDGE('',*,*,#1523,.F.);
#614=ORIENTED_EDGE('',*,*,#1411,.F.);
#615=ORIENTED_EDGE('',*,*,#1516,.F.);
#616=ORIENTED_EDGE('',*,*,#1410,.F.);
#617=ORIENTED_EDGE('',*,*,#1509,.F.);
#618=ORIENTED_EDGE('',*,*,#1436,.F.);
#619=ORIENTED_EDGE('',*,*,#1444,.F.);
#620=ORIENTED_EDGE('',*,*,#1455,.F.);
#621=ORIENTED_EDGE('',*,*,#1463,.F.);
#622=ORIENTED_EDGE('',*,*,#1474,.F.);
#623=ORIENTED_EDGE('',*,*,#1482,.F.);
#624=ORIENTED_EDGE('',*,*,#1486,.F.);
#625=ORIENTED_EDGE('',*,*,#1494,.F.);
#626=ORIENTED_EDGE('',*,*,#1417,.F.);
#627=ORIENTED_EDGE('',*,*,#1425,.F.);
#628=ORIENTED_EDGE('',*,*,#1420,.F.);
#629=ORIENTED_EDGE('',*,*,#1419,.F.);
#630=ORIENTED_EDGE('',*,*,#1418,.F.);
#631=ORIENTED_EDGE('',*,*,#1417,.T.);
#632=ORIENTED_EDGE('',*,*,#1424,.F.);
#633=ORIENTED_EDGE('',*,*,#1423,.F.);
#634=ORIENTED_EDGE('',*,*,#1422,.F.);
#635=ORIENTED_EDGE('',*,*,#1421,.F.);
#636=ORIENTED_EDGE('',*,*,#1418,.T.);
#637=ORIENTED_EDGE('',*,*,#1426,.F.);
#638=ORIENTED_EDGE('',*,*,#1420,.T.);
#639=ORIENTED_EDGE('',*,*,#1425,.T.);
#640=ORIENTED_EDGE('',*,*,#1422,.T.);
#641=ORIENTED_EDGE('',*,*,#1428,.F.);
#642=ORIENTED_EDGE('',*,*,#1424,.T.);
#643=ORIENTED_EDGE('',*,*,#1427,.F.);
#644=ORIENTED_EDGE('',*,*,#1510,.T.);
#645=ORIENTED_EDGE('',*,*,#1435,.T.);
#646=ORIENTED_EDGE('',*,*,#1514,.T.);
#647=ORIENTED_EDGE('',*,*,#1434,.T.);
#648=ORIENTED_EDGE('',*,*,#1522,.T.);
#649=ORIENTED_EDGE('',*,*,#1433,.T.);
#650=ORIENTED_EDGE('',*,*,#1618,.T.);
#651=ORIENTED_EDGE('',*,*,#1432,.T.);
#652=ORIENTED_EDGE('',*,*,#1431,.T.);
#653=ORIENTED_EDGE('',*,*,#1430,.T.);
#654=ORIENTED_EDGE('',*,*,#1528,.T.);
#655=ORIENTED_EDGE('',*,*,#1429,.T.);
#656=ORIENTED_EDGE('',*,*,#1445,.T.);
#657=ORIENTED_EDGE('',*,*,#1438,.T.);
#658=ORIENTED_EDGE('',*,*,#1464,.T.);
#659=ORIENTED_EDGE('',*,*,#1457,.T.);
#660=ORIENTED_EDGE('',*,*,#1483,.T.);
#661=ORIENTED_EDGE('',*,*,#1476,.T.);
#662=ORIENTED_EDGE('',*,*,#1495,.T.);
#663=ORIENTED_EDGE('',*,*,#1488,.T.);
#664=ORIENTED_EDGE('',*,*,#1426,.T.);
#665=ORIENTED_EDGE('',*,*,#1419,.T.);
#666=ORIENTED_EDGE('',*,*,#1439,.F.);
#667=ORIENTED_EDGE('',*,*,#1438,.F.);
#668=ORIENTED_EDGE('',*,*,#1437,.F.);
#669=ORIENTED_EDGE('',*,*,#1436,.T.);
#670=ORIENTED_EDGE('',*,*,#1443,.F.);
#671=ORIENTED_EDGE('',*,*,#1442,.F.);
#672=ORIENTED_EDGE('',*,*,#1441,.F.);
#673=ORIENTED_EDGE('',*,*,#1440,.F.);
#674=ORIENTED_EDGE('',*,*,#1437,.T.);
#675=ORIENTED_EDGE('',*,*,#1445,.F.);
#676=ORIENTED_EDGE('',*,*,#1439,.T.);
#677=ORIENTED_EDGE('',*,*,#1444,.T.);
#678=ORIENTED_EDGE('',*,*,#1441,.T.);
#679=ORIENTED_EDGE('',*,*,#1447,.F.);
#680=ORIENTED_EDGE('',*,*,#1443,.T.);
#681=ORIENTED_EDGE('',*,*,#1446,.F.);
#682=ORIENTED_EDGE('',*,*,#1500,.T.);
#683=ORIENTED_EDGE('',*,*,#1454,.T.);
#684=ORIENTED_EDGE('',*,*,#1517,.T.);
#685=ORIENTED_EDGE('',*,*,#1453,.T.);
#686=ORIENTED_EDGE('',*,*,#1524,.T.);
#687=ORIENTED_EDGE('',*,*,#1452,.T.);
#688=ORIENTED_EDGE('',*,*,#1541,.T.);
#689=ORIENTED_EDGE('',*,*,#1451,.T.);
#690=ORIENTED_EDGE('',*,*,#1450,.T.);
#691=ORIENTED_EDGE('',*,*,#1449,.T.);
#692=ORIENTED_EDGE('',*,*,#1533,.T.);
#693=ORIENTED_EDGE('',*,*,#1448,.T.);
#694=ORIENTED_EDGE('',*,*,#1446,.T.);
#695=ORIENTED_EDGE('',*,*,#1440,.T.);
#696=ORIENTED_EDGE('',*,*,#1465,.T.);
#697=ORIENTED_EDGE('',*,*,#1459,.T.);
#698=ORIENTED_EDGE('',*,*,#1484,.T.);
#699=ORIENTED_EDGE('',*,*,#1478,.T.);
#700=ORIENTED_EDGE('',*,*,#1496,.T.);
#701=ORIENTED_EDGE('',*,*,#1490,.T.);
#702=ORIENTED_EDGE('',*,*,#1427,.T.);
#703=ORIENTED_EDGE('',*,*,#1421,.T.);
#704=ORIENTED_EDGE('',*,*,#1458,.F.);
#705=ORIENTED_EDGE('',*,*,#1457,.F.);
#706=ORIENTED_EDGE('',*,*,#1456,.F.);
#707=ORIENTED_EDGE('',*,*,#1455,.T.);
#708=ORIENTED_EDGE('',*,*,#1462,.F.);
#709=ORIENTED_EDGE('',*,*,#1461,.F.);
#710=ORIENTED_EDGE('',*,*,#1460,.F.);
#711=ORIENTED_EDGE('',*,*,#1459,.F.);
#712=ORIENTED_EDGE('',*,*,#1456,.T.);
#713=ORIENTED_EDGE('',*,*,#1464,.F.);
#714=ORIENTED_EDGE('',*,*,#1458,.T.);
#715=ORIENTED_EDGE('',*,*,#1463,.T.);
#716=ORIENTED_EDGE('',*,*,#1460,.T.);
#717=ORIENTED_EDGE('',*,*,#1466,.F.);
#718=ORIENTED_EDGE('',*,*,#1462,.T.);
#719=ORIENTED_EDGE('',*,*,#1465,.F.);
#720=ORIENTED_EDGE('',*,*,#1473,.F.);
#721=ORIENTED_EDGE('',*,*,#1532,.F.);
#722=ORIENTED_EDGE('',*,*,#1472,.F.);
#723=ORIENTED_EDGE('',*,*,#1471,.F.);
#724=ORIENTED_EDGE('',*,*,#1470,.F.);
#725=ORIENTED_EDGE('',*,*,#1542,.F.);
#726=ORIENTED_EDGE('',*,*,#1469,.F.);
#727=ORIENTED_EDGE('',*,*,#1525,.F.);
#728=ORIENTED_EDGE('',*,*,#1468,.F.);
#729=ORIENTED_EDGE('',*,*,#1519,.F.);
#730=ORIENTED_EDGE('',*,*,#1467,.F.);
#731=ORIENTED_EDGE('',*,*,#1498,.F.);
#732=ORIENTED_EDGE('',*,*,#1442,.T.);
#733=ORIENTED_EDGE('',*,*,#1447,.T.);
#734=ORIENTED_EDGE('',*,*,#1461,.T.);
#735=ORIENTED_EDGE('',*,*,#1466,.T.);
#736=ORIENTED_EDGE('',*,*,#1480,.F.);
#737=ORIENTED_EDGE('',*,*,#1485,.F.);
#738=ORIENTED_EDGE('',*,*,#1492,.F.);
#739=ORIENTED_EDGE('',*,*,#1497,.F.);
#740=ORIENTED_EDGE('',*,*,#1423,.T.);
#741=ORIENTED_EDGE('',*,*,#1428,.T.);
#742=ORIENTED_EDGE('',*,*,#1477,.F.);
#743=ORIENTED_EDGE('',*,*,#1476,.F.);
#744=ORIENTED_EDGE('',*,*,#1475,.F.);
#745=ORIENTED_EDGE('',*,*,#1474,.T.);
#746=ORIENTED_EDGE('',*,*,#1481,.F.);
#747=ORIENTED_EDGE('',*,*,#1480,.T.);
#748=ORIENTED_EDGE('',*,*,#1479,.F.);
#749=ORIENTED_EDGE('',*,*,#1478,.F.);
#750=ORIENTED_EDGE('',*,*,#1475,.T.);
#751=ORIENTED_EDGE('',*,*,#1483,.F.);
#752=ORIENTED_EDGE('',*,*,#1477,.T.);
#753=ORIENTED_EDGE('',*,*,#1482,.T.);
#754=ORIENTED_EDGE('',*,*,#1479,.T.);
#755=ORIENTED_EDGE('',*,*,#1485,.T.);
#756=ORIENTED_EDGE('',*,*,#1481,.T.);
#757=ORIENTED_EDGE('',*,*,#1484,.F.);
#758=ORIENTED_EDGE('',*,*,#1489,.F.);
#759=ORIENTED_EDGE('',*,*,#1488,.F.);
#760=ORIENTED_EDGE('',*,*,#1487,.F.);
#761=ORIENTED_EDGE('',*,*,#1486,.T.);
#762=ORIENTED_EDGE('',*,*,#1493,.F.);
#763=ORIENTED_EDGE('',*,*,#1492,.T.);
#764=ORIENTED_EDGE('',*,*,#1491,.F.);
#765=ORIENTED_EDGE('',*,*,#1490,.F.);
#766=ORIENTED_EDGE('',*,*,#1487,.T.);
#767=ORIENTED_EDGE('',*,*,#1495,.F.);
#768=ORIENTED_EDGE('',*,*,#1489,.T.);
#769=ORIENTED_EDGE('',*,*,#1494,.T.);
#770=ORIENTED_EDGE('',*,*,#1491,.T.);
#771=ORIENTED_EDGE('',*,*,#1497,.T.);
#772=ORIENTED_EDGE('',*,*,#1493,.T.);
#773=ORIENTED_EDGE('',*,*,#1496,.F.);
#774=ORIENTED_EDGE('',*,*,#1498,.T.);
#775=ORIENTED_EDGE('',*,*,#1501,.T.);
#776=ORIENTED_EDGE('',*,*,#1500,.F.);
#777=ORIENTED_EDGE('',*,*,#1499,.T.);
#778=ORIENTED_EDGE('',*,*,#1429,.F.);
#779=ORIENTED_EDGE('',*,*,#1503,.F.);
#780=ORIENTED_EDGE('',*,*,#1416,.T.);
#781=ORIENTED_EDGE('',*,*,#1502,.F.);
#782=ORIENTED_EDGE('',*,*,#1412,.T.);
#783=ORIENTED_EDGE('',*,*,#1505,.F.);
#784=ORIENTED_EDGE('',*,*,#1433,.F.);
#785=ORIENTED_EDGE('',*,*,#1504,.F.);
#786=ORIENTED_EDGE('',*,*,#1448,.F.);
#787=ORIENTED_EDGE('',*,*,#1506,.F.);
#788=ORIENTED_EDGE('',*,*,#1473,.T.);
#789=ORIENTED_EDGE('',*,*,#1499,.F.);
#790=ORIENTED_EDGE('',*,*,#1469,.T.);
#791=ORIENTED_EDGE('',*,*,#1508,.F.);
#792=ORIENTED_EDGE('',*,*,#1452,.F.);
#793=ORIENTED_EDGE('',*,*,#1507,.F.);
#794=ORIENTED_EDGE('',*,*,#1509,.T.);
#795=ORIENTED_EDGE('',*,*,#1511,.T.);
#796=ORIENTED_EDGE('',*,*,#1510,.F.);
#797=ORIENTED_EDGE('',*,*,#1502,.T.);
#798=ORIENTED_EDGE('',*,*,#1410,.T.);
#799=ORIENTED_EDGE('',*,*,#1512,.F.);
#800=ORIENTED_EDGE('',*,*,#1435,.F.);
#801=ORIENTED_EDGE('',*,*,#1511,.F.);
#802=ORIENTED_EDGE('',*,*,#1467,.T.);
#803=ORIENTED_EDGE('',*,*,#1513,.F.);
#804=ORIENTED_EDGE('',*,*,#1454,.F.);
#805=ORIENTED_EDGE('',*,*,#1501,.F.);
#806=ORIENTED_EDGE('',*,*,#1512,.T.);
#807=ORIENTED_EDGE('',*,*,#1516,.T.);
#808=ORIENTED_EDGE('',*,*,#1515,.F.);
#809=ORIENTED_EDGE('',*,*,#1514,.F.);
#810=ORIENTED_EDGE('',*,*,#1513,.T.);
#811=ORIENTED_EDGE('',*,*,#1519,.T.);
#812=ORIENTED_EDGE('',*,*,#1518,.F.);
#813=ORIENTED_EDGE('',*,*,#1517,.F.);
#814=ORIENTED_EDGE('',*,*,#1434,.F.);
#815=ORIENTED_EDGE('',*,*,#1515,.T.);
#816=ORIENTED_EDGE('',*,*,#1411,.T.);
#817=ORIENTED_EDGE('',*,*,#1520,.F.);
#818=ORIENTED_EDGE('',*,*,#1453,.F.);
#819=ORIENTED_EDGE('',*,*,#1518,.T.);
#820=ORIENTED_EDGE('',*,*,#1468,.T.);
#821=ORIENTED_EDGE('',*,*,#1521,.F.);
#822=ORIENTED_EDGE('',*,*,#1522,.F.);
#823=ORIENTED_EDGE('',*,*,#1520,.T.);
#824=ORIENTED_EDGE('',*,*,#1523,.T.);
#825=ORIENTED_EDGE('',*,*,#1504,.T.);
#826=ORIENTED_EDGE('',*,*,#1524,.F.);
#827=ORIENTED_EDGE('',*,*,#1521,.T.);
#828=ORIENTED_EDGE('',*,*,#1525,.T.);
#829=ORIENTED_EDGE('',*,*,#1507,.T.);
#830=ORIENTED_EDGE('',*,*,#1526,.T.);
#831=ORIENTED_EDGE('',*,*,#1503,.T.);
#832=ORIENTED_EDGE('',*,*,#1528,.F.);
#833=ORIENTED_EDGE('',*,*,#1527,.T.);
#834=ORIENTED_EDGE('',*,*,#1529,.T.);
#835=ORIENTED_EDGE('',*,*,#1449,.F.);
#836=ORIENTED_EDGE('',*,*,#1543,.T.);
#837=ORIENTED_EDGE('',*,*,#1546,.T.);
#838=ORIENTED_EDGE('',*,*,#1550,.T.);
#839=ORIENTED_EDGE('',*,*,#1531,.T.);
#840=ORIENTED_EDGE('',*,*,#1552,.T.);
#841=ORIENTED_EDGE('',*,*,#1556,.T.);
#842=ORIENTED_EDGE('',*,*,#1560,.T.);
#843=ORIENTED_EDGE('',*,*,#1415,.T.);
#844=ORIENTED_EDGE('',*,*,#1527,.F.);
#845=ORIENTED_EDGE('',*,*,#1430,.F.);
#846=ORIENTED_EDGE('',*,*,#1569,.T.);
#847=ORIENTED_EDGE('',*,*,#1530,.T.);
#848=ORIENTED_EDGE('',*,*,#1536,.T.);
#849=ORIENTED_EDGE('',*,*,#1472,.T.);
#850=ORIENTED_EDGE('',*,*,#1532,.T.);
#851=ORIENTED_EDGE('',*,*,#1506,.T.);
#852=ORIENTED_EDGE('',*,*,#1533,.F.);
#853=ORIENTED_EDGE('',*,*,#1529,.F.);
#854=ORIENTED_EDGE('',*,*,#1471,.T.);
#855=ORIENTED_EDGE('',*,*,#1536,.F.);
#856=ORIENTED_EDGE('',*,*,#1535,.F.);
#857=ORIENTED_EDGE('',*,*,#1534,.F.);
#858=ORIENTED_EDGE('',*,*,#1537,.T.);
#859=ORIENTED_EDGE('',*,*,#1470,.T.);
#860=ORIENTED_EDGE('',*,*,#1534,.T.);
#861=ORIENTED_EDGE('',*,*,#1540,.T.);
#862=ORIENTED_EDGE('',*,*,#1568,.T.);
#863=ORIENTED_EDGE('',*,*,#1432,.F.);
#864=ORIENTED_EDGE('',*,*,#1539,.T.);
#865=ORIENTED_EDGE('',*,*,#1413,.T.);
#866=ORIENTED_EDGE('',*,*,#1558,.T.);
#867=ORIENTED_EDGE('',*,*,#1557,.T.);
#868=ORIENTED_EDGE('',*,*,#1554,.T.);
#869=ORIENTED_EDGE('',*,*,#1538,.T.);
#870=ORIENTED_EDGE('',*,*,#1549,.T.);
#871=ORIENTED_EDGE('',*,*,#1548,.T.);
#872=ORIENTED_EDGE('',*,*,#1545,.T.);
#873=ORIENTED_EDGE('',*,*,#1451,.F.);
#874=ORIENTED_EDGE('',*,*,#1541,.F.);
#875=ORIENTED_EDGE('',*,*,#1508,.T.);
#876=ORIENTED_EDGE('',*,*,#1542,.T.);
#877=ORIENTED_EDGE('',*,*,#1537,.F.);
#878=ORIENTED_EDGE('',*,*,#1543,.F.);
#879=ORIENTED_EDGE('',*,*,#1450,.F.);
#880=ORIENTED_EDGE('',*,*,#1545,.F.);
#881=ORIENTED_EDGE('',*,*,#1544,.T.);
#882=ORIENTED_EDGE('',*,*,#1544,.F.);
#883=ORIENTED_EDGE('',*,*,#1548,.F.);
#884=ORIENTED_EDGE('',*,*,#1547,.T.);
#885=ORIENTED_EDGE('',*,*,#1546,.F.);
#886=ORIENTED_EDGE('',*,*,#1549,.F.);
#887=ORIENTED_EDGE('',*,*,#1551,.T.);
#888=ORIENTED_EDGE('',*,*,#1550,.F.);
#889=ORIENTED_EDGE('',*,*,#1547,.F.);
#890=ORIENTED_EDGE('',*,*,#1551,.F.);
#891=ORIENTED_EDGE('',*,*,#1538,.F.);
#892=ORIENTED_EDGE('',*,*,#1555,.F.);
#893=ORIENTED_EDGE('',*,*,#1531,.F.);
#894=ORIENTED_EDGE('',*,*,#1565,.T.);
#895=ORIENTED_EDGE('',*,*,#1561,.T.);
#896=ORIENTED_EDGE('',*,*,#1574,.T.);
#897=ORIENTED_EDGE('',*,*,#1570,.T.);
#898=ORIENTED_EDGE('',*,*,#1580,.T.);
#899=ORIENTED_EDGE('',*,*,#1576,.T.);
#900=ORIENTED_EDGE('',*,*,#1586,.T.);
#901=ORIENTED_EDGE('',*,*,#1582,.T.);
#902=ORIENTED_EDGE('',*,*,#1592,.T.);
#903=ORIENTED_EDGE('',*,*,#1588,.T.);
#904=ORIENTED_EDGE('',*,*,#1598,.T.);
#905=ORIENTED_EDGE('',*,*,#1594,.T.);
#906=ORIENTED_EDGE('',*,*,#1604,.T.);
#907=ORIENTED_EDGE('',*,*,#1600,.T.);
#908=ORIENTED_EDGE('',*,*,#1610,.T.);
#909=ORIENTED_EDGE('',*,*,#1606,.T.);
#910=ORIENTED_EDGE('',*,*,#1616,.T.);
#911=ORIENTED_EDGE('',*,*,#1612,.T.);
#912=ORIENTED_EDGE('',*,*,#1552,.F.);
#913=ORIENTED_EDGE('',*,*,#1555,.T.);
#914=ORIENTED_EDGE('',*,*,#1554,.F.);
#915=ORIENTED_EDGE('',*,*,#1553,.T.);
#916=ORIENTED_EDGE('',*,*,#1553,.F.);
#917=ORIENTED_EDGE('',*,*,#1557,.F.);
#918=ORIENTED_EDGE('',*,*,#1559,.F.);
#919=ORIENTED_EDGE('',*,*,#1556,.F.);
#920=ORIENTED_EDGE('',*,*,#1558,.F.);
#921=ORIENTED_EDGE('',*,*,#1414,.T.);
#922=ORIENTED_EDGE('',*,*,#1560,.F.);
#923=ORIENTED_EDGE('',*,*,#1559,.T.);
#924=ORIENTED_EDGE('',*,*,#1564,.F.);
#925=ORIENTED_EDGE('',*,*,#1563,.F.);
#926=ORIENTED_EDGE('',*,*,#1562,.F.);
#927=ORIENTED_EDGE('',*,*,#1561,.F.);
#928=ORIENTED_EDGE('',*,*,#1562,.T.);
#929=ORIENTED_EDGE('',*,*,#1566,.F.);
#930=ORIENTED_EDGE('',*,*,#1564,.T.);
#931=ORIENTED_EDGE('',*,*,#1565,.F.);
#932=ORIENTED_EDGE('',*,*,#1535,.T.);
#933=ORIENTED_EDGE('',*,*,#1530,.F.);
#934=ORIENTED_EDGE('',*,*,#1567,.F.);
#935=ORIENTED_EDGE('',*,*,#1540,.F.);
#936=ORIENTED_EDGE('',*,*,#1563,.T.);
#937=ORIENTED_EDGE('',*,*,#1566,.T.);
#938=ORIENTED_EDGE('',*,*,#1572,.F.);
#939=ORIENTED_EDGE('',*,*,#1575,.F.);
#940=ORIENTED_EDGE('',*,*,#1578,.F.);
#941=ORIENTED_EDGE('',*,*,#1581,.F.);
#942=ORIENTED_EDGE('',*,*,#1584,.F.);
#943=ORIENTED_EDGE('',*,*,#1587,.F.);
#944=ORIENTED_EDGE('',*,*,#1590,.F.);
#945=ORIENTED_EDGE('',*,*,#1593,.F.);
#946=ORIENTED_EDGE('',*,*,#1596,.F.);
#947=ORIENTED_EDGE('',*,*,#1599,.F.);
#948=ORIENTED_EDGE('',*,*,#1602,.F.);
#949=ORIENTED_EDGE('',*,*,#1605,.F.);
#950=ORIENTED_EDGE('',*,*,#1608,.F.);
#951=ORIENTED_EDGE('',*,*,#1611,.F.);
#952=ORIENTED_EDGE('',*,*,#1614,.F.);
#953=ORIENTED_EDGE('',*,*,#1617,.F.);
#954=ORIENTED_EDGE('',*,*,#1567,.T.);
#955=ORIENTED_EDGE('',*,*,#1569,.F.);
#956=ORIENTED_EDGE('',*,*,#1431,.F.);
#957=ORIENTED_EDGE('',*,*,#1568,.F.);
#958=ORIENTED_EDGE('',*,*,#1573,.F.);
#959=ORIENTED_EDGE('',*,*,#1572,.T.);
#960=ORIENTED_EDGE('',*,*,#1571,.F.);
#961=ORIENTED_EDGE('',*,*,#1570,.F.);
#962=ORIENTED_EDGE('',*,*,#1571,.T.);
#963=ORIENTED_EDGE('',*,*,#1575,.T.);
#964=ORIENTED_EDGE('',*,*,#1573,.T.);
#965=ORIENTED_EDGE('',*,*,#1574,.F.);
#966=ORIENTED_EDGE('',*,*,#1579,.F.);
#967=ORIENTED_EDGE('',*,*,#1578,.T.);
#968=ORIENTED_EDGE('',*,*,#1577,.F.);
#969=ORIENTED_EDGE('',*,*,#1576,.F.);
#970=ORIENTED_EDGE('',*,*,#1577,.T.);
#971=ORIENTED_EDGE('',*,*,#1581,.T.);
#972=ORIENTED_EDGE('',*,*,#1579,.T.);
#973=ORIENTED_EDGE('',*,*,#1580,.F.);
#974=ORIENTED_EDGE('',*,*,#1585,.F.);
#975=ORIENTED_EDGE('',*,*,#1584,.T.);
#976=ORIENTED_EDGE('',*,*,#1583,.F.);
#977=ORIENTED_EDGE('',*,*,#1582,.F.);
#978=ORIENTED_EDGE('',*,*,#1583,.T.);
#979=ORIENTED_EDGE('',*,*,#1587,.T.);
#980=ORIENTED_EDGE('',*,*,#1585,.T.);
#981=ORIENTED_EDGE('',*,*,#1586,.F.);
#982=ORIENTED_EDGE('',*,*,#1591,.F.);
#983=ORIENTED_EDGE('',*,*,#1590,.T.);
#984=ORIENTED_EDGE('',*,*,#1589,.F.);
#985=ORIENTED_EDGE('',*,*,#1588,.F.);
#986=ORIENTED_EDGE('',*,*,#1589,.T.);
#987=ORIENTED_EDGE('',*,*,#1593,.T.);
#988=ORIENTED_EDGE('',*,*,#1591,.T.);
#989=ORIENTED_EDGE('',*,*,#1592,.F.);
#990=ORIENTED_EDGE('',*,*,#1597,.F.);
#991=ORIENTED_EDGE('',*,*,#1596,.T.);
#992=ORIENTED_EDGE('',*,*,#1595,.F.);
#993=ORIENTED_EDGE('',*,*,#1594,.F.);
#994=ORIENTED_EDGE('',*,*,#1595,.T.);
#995=ORIENTED_EDGE('',*,*,#1599,.T.);
#996=ORIENTED_EDGE('',*,*,#1597,.T.);
#997=ORIENTED_EDGE('',*,*,#1598,.F.);
#998=ORIENTED_EDGE('',*,*,#1603,.F.);
#999=ORIENTED_EDGE('',*,*,#1602,.T.);
#1000=ORIENTED_EDGE('',*,*,#1601,.F.);
#1001=ORIENTED_EDGE('',*,*,#1600,.F.);
#1002=ORIENTED_EDGE('',*,*,#1601,.T.);
#1003=ORIENTED_EDGE('',*,*,#1605,.T.);
#1004=ORIENTED_EDGE('',*,*,#1603,.T.);
#1005=ORIENTED_EDGE('',*,*,#1604,.F.);
#1006=ORIENTED_EDGE('',*,*,#1609,.F.);
#1007=ORIENTED_EDGE('',*,*,#1608,.T.);
#1008=ORIENTED_EDGE('',*,*,#1607,.F.);
#1009=ORIENTED_EDGE('',*,*,#1606,.F.);
#1010=ORIENTED_EDGE('',*,*,#1607,.T.);
#1011=ORIENTED_EDGE('',*,*,#1611,.T.);
#1012=ORIENTED_EDGE('',*,*,#1609,.T.);
#1013=ORIENTED_EDGE('',*,*,#1610,.F.);
#1014=ORIENTED_EDGE('',*,*,#1615,.F.);
#1015=ORIENTED_EDGE('',*,*,#1614,.T.);
#1016=ORIENTED_EDGE('',*,*,#1613,.F.);
#1017=ORIENTED_EDGE('',*,*,#1612,.F.);
#1018=ORIENTED_EDGE('',*,*,#1613,.T.);
#1019=ORIENTED_EDGE('',*,*,#1617,.T.);
#1020=ORIENTED_EDGE('',*,*,#1615,.T.);
#1021=ORIENTED_EDGE('',*,*,#1616,.F.);
#1022=ORIENTED_EDGE('',*,*,#1618,.F.);
#1023=ORIENTED_EDGE('',*,*,#1505,.T.);
#1024=ORIENTED_EDGE('',*,*,#1619,.T.);
#1025=ORIENTED_EDGE('',*,*,#1539,.F.);
#1026=ORIENTED_EDGE('',*,*,#1623,.F.);
#1027=ORIENTED_EDGE('',*,*,#1622,.F.);
#1028=ORIENTED_EDGE('',*,*,#1621,.F.);
#1029=ORIENTED_EDGE('',*,*,#1738,.F.);
#1030=ORIENTED_EDGE('',*,*,#1620,.F.);
#1031=ORIENTED_EDGE('',*,*,#1736,.F.);
#1032=ORIENTED_EDGE('',*,*,#1640,.F.);
#1033=ORIENTED_EDGE('',*,*,#1648,.F.);
#1034=ORIENTED_EDGE('',*,*,#1656,.F.);
#1035=ORIENTED_EDGE('',*,*,#1664,.F.);
#1036=ORIENTED_EDGE('',*,*,#1672,.F.);
#1037=ORIENTED_EDGE('',*,*,#1680,.F.);
#1038=ORIENTED_EDGE('',*,*,#1684,.F.);
#1039=ORIENTED_EDGE('',*,*,#1692,.F.);
#1040=ORIENTED_EDGE('',*,*,#1696,.F.);
#1041=ORIENTED_EDGE('',*,*,#1704,.F.);
#1042=ORIENTED_EDGE('',*,*,#1708,.F.);
#1043=ORIENTED_EDGE('',*,*,#1716,.F.);
#1044=ORIENTED_EDGE('',*,*,#1624,.F.);
#1045=ORIENTED_EDGE('',*,*,#1632,.F.);
#1046=ORIENTED_EDGE('',*,*,#1800,.F.);
#1047=ORIENTED_EDGE('',*,*,#1808,.F.);
#1048=ORIENTED_EDGE('',*,*,#1627,.F.);
#1049=ORIENTED_EDGE('',*,*,#1626,.F.);
#1050=ORIENTED_EDGE('',*,*,#1625,.F.);
#1051=ORIENTED_EDGE('',*,*,#1624,.T.);
#1052=ORIENTED_EDGE('',*,*,#1631,.F.);
#1053=ORIENTED_EDGE('',*,*,#1630,.F.);
#1054=ORIENTED_EDGE('',*,*,#1629,.F.);
#1055=ORIENTED_EDGE('',*,*,#1628,.F.);
#1056=ORIENTED_EDGE('',*,*,#1625,.T.);
#1057=ORIENTED_EDGE('',*,*,#1633,.F.);
#1058=ORIENTED_EDGE('',*,*,#1627,.T.);
#1059=ORIENTED_EDGE('',*,*,#1632,.T.);
#1060=ORIENTED_EDGE('',*,*,#1629,.T.);
#1061=ORIENTED_EDGE('',*,*,#1635,.F.);
#1062=ORIENTED_EDGE('',*,*,#1631,.T.);
#1063=ORIENTED_EDGE('',*,*,#1634,.F.);
#1064=ORIENTED_EDGE('',*,*,#1737,.T.);
#1065=ORIENTED_EDGE('',*,*,#1639,.T.);
#1066=ORIENTED_EDGE('',*,*,#1739,.T.);
#1067=ORIENTED_EDGE('',*,*,#1638,.T.);
#1068=ORIENTED_EDGE('',*,*,#1637,.T.);
#1069=ORIENTED_EDGE('',*,*,#1636,.T.);
#1070=ORIENTED_EDGE('',*,*,#1649,.T.);
#1071=ORIENTED_EDGE('',*,*,#1642,.T.);
#1072=ORIENTED_EDGE('',*,*,#1665,.T.);
#1073=ORIENTED_EDGE('',*,*,#1658,.T.);
#1074=ORIENTED_EDGE('',*,*,#1681,.T.);
#1075=ORIENTED_EDGE('',*,*,#1674,.T.);
#1076=ORIENTED_EDGE('',*,*,#1693,.T.);
#1077=ORIENTED_EDGE('',*,*,#1686,.T.);
#1078=ORIENTED_EDGE('',*,*,#1705,.T.);
#1079=ORIENTED_EDGE('',*,*,#1698,.T.);
#1080=ORIENTED_EDGE('',*,*,#1717,.T.);
#1081=ORIENTED_EDGE('',*,*,#1710,.T.);
#1082=ORIENTED_EDGE('',*,*,#1633,.T.);
#1083=ORIENTED_EDGE('',*,*,#1626,.T.);
#1084=ORIENTED_EDGE('',*,*,#1809,.T.);
#1085=ORIENTED_EDGE('',*,*,#1802,.T.);
#1086=ORIENTED_EDGE('',*,*,#1643,.F.);
#1087=ORIENTED_EDGE('',*,*,#1642,.F.);
#1088=ORIENTED_EDGE('',*,*,#1641,.F.);
#1089=ORIENTED_EDGE('',*,*,#1640,.T.);
#1090=ORIENTED_EDGE('',*,*,#1647,.F.);
#1091=ORIENTED_EDGE('',*,*,#1646,.F.);
#1092=ORIENTED_EDGE('',*,*,#1645,.F.);
#1093=ORIENTED_EDGE('',*,*,#1644,.F.);
#1094=ORIENTED_EDGE('',*,*,#1641,.T.);
#1095=ORIENTED_EDGE('',*,*,#1649,.F.);
#1096=ORIENTED_EDGE('',*,*,#1643,.T.);
#1097=ORIENTED_EDGE('',*,*,#1648,.T.);
#1098=ORIENTED_EDGE('',*,*,#1645,.T.);
#1099=ORIENTED_EDGE('',*,*,#1651,.F.);
#1100=ORIENTED_EDGE('',*,*,#1647,.T.);
#1101=ORIENTED_EDGE('',*,*,#1650,.F.);
#1102=ORIENTED_EDGE('',*,*,#1722,.T.);
#1103=ORIENTED_EDGE('',*,*,#1655,.T.);
#1104=ORIENTED_EDGE('',*,*,#1733,.T.);
#1105=ORIENTED_EDGE('',*,*,#1654,.T.);
#1106=ORIENTED_EDGE('',*,*,#1653,.T.);
#1107=ORIENTED_EDGE('',*,*,#1652,.T.);
#1108=ORIENTED_EDGE('',*,*,#1650,.T.);
#1109=ORIENTED_EDGE('',*,*,#1644,.T.);
#1110=ORIENTED_EDGE('',*,*,#1666,.T.);
#1111=ORIENTED_EDGE('',*,*,#1660,.T.);
#1112=ORIENTED_EDGE('',*,*,#1682,.T.);
#1113=ORIENTED_EDGE('',*,*,#1676,.T.);
#1114=ORIENTED_EDGE('',*,*,#1694,.T.);
#1115=ORIENTED_EDGE('',*,*,#1688,.T.);
#1116=ORIENTED_EDGE('',*,*,#1706,.T.);
#1117=ORIENTED_EDGE('',*,*,#1700,.T.);
#1118=ORIENTED_EDGE('',*,*,#1718,.T.);
#1119=ORIENTED_EDGE('',*,*,#1712,.T.);
#1120=ORIENTED_EDGE('',*,*,#1634,.T.);
#1121=ORIENTED_EDGE('',*,*,#1628,.T.);
#1122=ORIENTED_EDGE('',*,*,#1810,.T.);
#1123=ORIENTED_EDGE('',*,*,#1804,.T.);
#1124=ORIENTED_EDGE('',*,*,#1659,.F.);
#1125=ORIENTED_EDGE('',*,*,#1658,.F.);
#1126=ORIENTED_EDGE('',*,*,#1657,.F.);
#1127=ORIENTED_EDGE('',*,*,#1656,.T.);
#1128=ORIENTED_EDGE('',*,*,#1663,.F.);
#1129=ORIENTED_EDGE('',*,*,#1662,.F.);
#1130=ORIENTED_EDGE('',*,*,#1661,.F.);
#1131=ORIENTED_EDGE('',*,*,#1660,.F.);
#1132=ORIENTED_EDGE('',*,*,#1657,.T.);
#1133=ORIENTED_EDGE('',*,*,#1665,.F.);
#1134=ORIENTED_EDGE('',*,*,#1659,.T.);
#1135=ORIENTED_EDGE('',*,*,#1664,.T.);
#1136=ORIENTED_EDGE('',*,*,#1661,.T.);
#1137=ORIENTED_EDGE('',*,*,#1667,.F.);
#1138=ORIENTED_EDGE('',*,*,#1663,.T.);
#1139=ORIENTED_EDGE('',*,*,#1666,.F.);
#1140=ORIENTED_EDGE('',*,*,#1671,.F.);
#1141=ORIENTED_EDGE('',*,*,#1670,.F.);
#1142=ORIENTED_EDGE('',*,*,#1669,.F.);
#1143=ORIENTED_EDGE('',*,*,#1731,.F.);
#1144=ORIENTED_EDGE('',*,*,#1668,.F.);
#1145=ORIENTED_EDGE('',*,*,#1720,.F.);
#1146=ORIENTED_EDGE('',*,*,#1646,.T.);
#1147=ORIENTED_EDGE('',*,*,#1651,.T.);
#1148=ORIENTED_EDGE('',*,*,#1662,.T.);
#1149=ORIENTED_EDGE('',*,*,#1667,.T.);
#1150=ORIENTED_EDGE('',*,*,#1678,.F.);
#1151=ORIENTED_EDGE('',*,*,#1683,.F.);
#1152=ORIENTED_EDGE('',*,*,#1690,.F.);
#1153=ORIENTED_EDGE('',*,*,#1695,.F.);
#1154=ORIENTED_EDGE('',*,*,#1702,.F.);
#1155=ORIENTED_EDGE('',*,*,#1707,.F.);
#1156=ORIENTED_EDGE('',*,*,#1714,.F.);
#1157=ORIENTED_EDGE('',*,*,#1719,.F.);
#1158=ORIENTED_EDGE('',*,*,#1630,.T.);
#1159=ORIENTED_EDGE('',*,*,#1635,.T.);
#1160=ORIENTED_EDGE('',*,*,#1806,.F.);
#1161=ORIENTED_EDGE('',*,*,#1811,.F.);
#1162=ORIENTED_EDGE('',*,*,#1675,.F.);
#1163=ORIENTED_EDGE('',*,*,#1674,.F.);
#1164=ORIENTED_EDGE('',*,*,#1673,.F.);
#1165=ORIENTED_EDGE('',*,*,#1672,.T.);
#1166=ORIENTED_EDGE('',*,*,#1679,.F.);
#1167=ORIENTED_EDGE('',*,*,#1678,.T.);
#1168=ORIENTED_EDGE('',*,*,#1677,.F.);
#1169=ORIENTED_EDGE('',*,*,#1676,.F.);
#1170=ORIENTED_EDGE('',*,*,#1673,.T.);
#1171=ORIENTED_EDGE('',*,*,#1681,.F.);
#1172=ORIENTED_EDGE('',*,*,#1675,.T.);
#1173=ORIENTED_EDGE('',*,*,#1680,.T.);
#1174=ORIENTED_EDGE('',*,*,#1677,.T.);
#1175=ORIENTED_EDGE('',*,*,#1683,.T.);
#1176=ORIENTED_EDGE('',*,*,#1679,.T.);
#1177=ORIENTED_EDGE('',*,*,#1682,.F.);
#1178=ORIENTED_EDGE('',*,*,#1687,.F.);
#1179=ORIENTED_EDGE('',*,*,#1686,.F.);
#1180=ORIENTED_EDGE('',*,*,#1685,.F.);
#1181=ORIENTED_EDGE('',*,*,#1684,.T.);
#1182=ORIENTED_EDGE('',*,*,#1691,.F.);
#1183=ORIENTED_EDGE('',*,*,#1690,.T.);
#1184=ORIENTED_EDGE('',*,*,#1689,.F.);
#1185=ORIENTED_EDGE('',*,*,#1688,.F.);
#1186=ORIENTED_EDGE('',*,*,#1685,.T.);
#1187=ORIENTED_EDGE('',*,*,#1693,.F.);
#1188=ORIENTED_EDGE('',*,*,#1687,.T.);
#1189=ORIENTED_EDGE('',*,*,#1692,.T.);
#1190=ORIENTED_EDGE('',*,*,#1689,.T.);
#1191=ORIENTED_EDGE('',*,*,#1695,.T.);
#1192=ORIENTED_EDGE('',*,*,#1691,.T.);
#1193=ORIENTED_EDGE('',*,*,#1694,.F.);
#1194=ORIENTED_EDGE('',*,*,#1699,.F.);
#1195=ORIENTED_EDGE('',*,*,#1698,.F.);
#1196=ORIENTED_EDGE('',*,*,#1697,.F.);
#1197=ORIENTED_EDGE('',*,*,#1696,.T.);
#1198=ORIENTED_EDGE('',*,*,#1703,.F.);
#1199=ORIENTED_EDGE('',*,*,#1702,.T.);
#1200=ORIENTED_EDGE('',*,*,#1701,.F.);
#1201=ORIENTED_EDGE('',*,*,#1700,.F.);
#1202=ORIENTED_EDGE('',*,*,#1697,.T.);
#1203=ORIENTED_EDGE('',*,*,#1705,.F.);
#1204=ORIENTED_EDGE('',*,*,#1699,.T.);
#1205=ORIENTED_EDGE('',*,*,#1704,.T.);
#1206=ORIENTED_EDGE('',*,*,#1701,.T.);
#1207=ORIENTED_EDGE('',*,*,#1707,.T.);
#1208=ORIENTED_EDGE('',*,*,#1703,.T.);
#1209=ORIENTED_EDGE('',*,*,#1706,.F.);
#1210=ORIENTED_EDGE('',*,*,#1711,.F.);
#1211=ORIENTED_EDGE('',*,*,#1710,.F.);
#1212=ORIENTED_EDGE('',*,*,#1709,.F.);
#1213=ORIENTED_EDGE('',*,*,#1708,.T.);
#1214=ORIENTED_EDGE('',*,*,#1715,.F.);
#1215=ORIENTED_EDGE('',*,*,#1714,.T.);
#1216=ORIENTED_EDGE('',*,*,#1713,.F.);
#1217=ORIENTED_EDGE('',*,*,#1712,.F.);
#1218=ORIENTED_EDGE('',*,*,#1709,.T.);
#1219=ORIENTED_EDGE('',*,*,#1717,.F.);
#1220=ORIENTED_EDGE('',*,*,#1711,.T.);
#1221=ORIENTED_EDGE('',*,*,#1716,.T.);
#1222=ORIENTED_EDGE('',*,*,#1713,.T.);
#1223=ORIENTED_EDGE('',*,*,#1719,.T.);
#1224=ORIENTED_EDGE('',*,*,#1715,.T.);
#1225=ORIENTED_EDGE('',*,*,#1718,.F.);
#1226=ORIENTED_EDGE('',*,*,#1720,.T.);
#1227=ORIENTED_EDGE('',*,*,#1723,.T.);
#1228=ORIENTED_EDGE('',*,*,#1722,.F.);
#1229=ORIENTED_EDGE('',*,*,#1721,.T.);
#1230=ORIENTED_EDGE('',*,*,#1721,.F.);
#1231=ORIENTED_EDGE('',*,*,#1652,.F.);
#1232=ORIENTED_EDGE('',*,*,#1740,.T.);
#1233=ORIENTED_EDGE('',*,*,#1726,.T.);
#1234=ORIENTED_EDGE('',*,*,#1745,.T.);
#1235=ORIENTED_EDGE('',*,*,#1623,.T.);
#1236=ORIENTED_EDGE('',*,*,#1725,.T.);
#1237=ORIENTED_EDGE('',*,*,#1636,.F.);
#1238=ORIENTED_EDGE('',*,*,#1724,.T.);
#1239=ORIENTED_EDGE('',*,*,#1671,.T.);
#1240=ORIENTED_EDGE('',*,*,#1670,.T.);
#1241=ORIENTED_EDGE('',*,*,#1724,.F.);
#1242=ORIENTED_EDGE('',*,*,#1637,.F.);
#1243=ORIENTED_EDGE('',*,*,#1727,.F.);
#1244=ORIENTED_EDGE('',*,*,#1748,.F.);
#1245=ORIENTED_EDGE('',*,*,#1751,.F.);
#1246=ORIENTED_EDGE('',*,*,#1754,.F.);
#1247=ORIENTED_EDGE('',*,*,#1757,.F.);
#1248=ORIENTED_EDGE('',*,*,#1760,.F.);
#1249=ORIENTED_EDGE('',*,*,#1763,.F.);
#1250=ORIENTED_EDGE('',*,*,#1766,.F.);
#1251=ORIENTED_EDGE('',*,*,#1769,.F.);
#1252=ORIENTED_EDGE('',*,*,#1772,.F.);
#1253=ORIENTED_EDGE('',*,*,#1775,.F.);
#1254=ORIENTED_EDGE('',*,*,#1778,.F.);
#1255=ORIENTED_EDGE('',*,*,#1781,.F.);
#1256=ORIENTED_EDGE('',*,*,#1784,.F.);
#1257=ORIENTED_EDGE('',*,*,#1787,.F.);
#1258=ORIENTED_EDGE('',*,*,#1790,.F.);
#1259=ORIENTED_EDGE('',*,*,#1793,.F.);
#1260=ORIENTED_EDGE('',*,*,#1796,.F.);
#1261=ORIENTED_EDGE('',*,*,#1799,.F.);
#1262=ORIENTED_EDGE('',*,*,#1728,.T.);
#1263=ORIENTED_EDGE('',*,*,#1669,.T.);
#1264=ORIENTED_EDGE('',*,*,#1727,.T.);
#1265=ORIENTED_EDGE('',*,*,#1638,.F.);
#1266=ORIENTED_EDGE('',*,*,#1730,.T.);
#1267=ORIENTED_EDGE('',*,*,#1621,.T.);
#1268=ORIENTED_EDGE('',*,*,#1744,.T.);
#1269=ORIENTED_EDGE('',*,*,#1729,.T.);
#1270=ORIENTED_EDGE('',*,*,#1742,.T.);
#1271=ORIENTED_EDGE('',*,*,#1654,.F.);
#1272=ORIENTED_EDGE('',*,*,#1731,.T.);
#1273=ORIENTED_EDGE('',*,*,#1728,.F.);
#1274=ORIENTED_EDGE('',*,*,#1733,.F.);
#1275=ORIENTED_EDGE('',*,*,#1732,.T.);
#1276=ORIENTED_EDGE('',*,*,#1723,.F.);
#1277=ORIENTED_EDGE('',*,*,#1668,.T.);
#1278=ORIENTED_EDGE('',*,*,#1732,.F.);
#1279=ORIENTED_EDGE('',*,*,#1655,.F.);
#1280=ORIENTED_EDGE('',*,*,#1734,.T.);
#1281=ORIENTED_EDGE('',*,*,#1620,.T.);
#1282=ORIENTED_EDGE('',*,*,#1735,.T.);
#1283=ORIENTED_EDGE('',*,*,#1639,.F.);
#1284=ORIENTED_EDGE('',*,*,#1736,.T.);
#1285=ORIENTED_EDGE('',*,*,#1734,.F.);
#1286=ORIENTED_EDGE('',*,*,#1737,.F.);
#1287=ORIENTED_EDGE('',*,*,#1725,.F.);
#1288=ORIENTED_EDGE('',*,*,#1738,.T.);
#1289=ORIENTED_EDGE('',*,*,#1730,.F.);
#1290=ORIENTED_EDGE('',*,*,#1739,.F.);
#1291=ORIENTED_EDGE('',*,*,#1735,.F.);
#1292=ORIENTED_EDGE('',*,*,#1740,.F.);
#1293=ORIENTED_EDGE('',*,*,#1653,.F.);
#1294=ORIENTED_EDGE('',*,*,#1742,.F.);
#1295=ORIENTED_EDGE('',*,*,#1741,.T.);
#1296=ORIENTED_EDGE('',*,*,#1741,.F.);
#1297=ORIENTED_EDGE('',*,*,#1729,.F.);
#1298=ORIENTED_EDGE('',*,*,#1743,.T.);
#1299=ORIENTED_EDGE('',*,*,#1726,.F.);
#1300=ORIENTED_EDGE('',*,*,#1750,.T.);
#1301=ORIENTED_EDGE('',*,*,#1746,.T.);
#1302=ORIENTED_EDGE('',*,*,#1756,.T.);
#1303=ORIENTED_EDGE('',*,*,#1752,.T.);
#1304=ORIENTED_EDGE('',*,*,#1762,.T.);
#1305=ORIENTED_EDGE('',*,*,#1758,.T.);
#1306=ORIENTED_EDGE('',*,*,#1768,.T.);
#1307=ORIENTED_EDGE('',*,*,#1764,.T.);
#1308=ORIENTED_EDGE('',*,*,#1774,.T.);
#1309=ORIENTED_EDGE('',*,*,#1770,.T.);
#1310=ORIENTED_EDGE('',*,*,#1780,.T.);
#1311=ORIENTED_EDGE('',*,*,#1776,.T.);
#1312=ORIENTED_EDGE('',*,*,#1786,.T.);
#1313=ORIENTED_EDGE('',*,*,#1782,.T.);
#1314=ORIENTED_EDGE('',*,*,#1792,.T.);
#1315=ORIENTED_EDGE('',*,*,#1788,.T.);
#1316=ORIENTED_EDGE('',*,*,#1798,.T.);
#1317=ORIENTED_EDGE('',*,*,#1794,.T.);
#1318=ORIENTED_EDGE('',*,*,#1744,.F.);
#1319=ORIENTED_EDGE('',*,*,#1622,.T.);
#1320=ORIENTED_EDGE('',*,*,#1745,.F.);
#1321=ORIENTED_EDGE('',*,*,#1743,.F.);
#1322=ORIENTED_EDGE('',*,*,#1749,.F.);
#1323=ORIENTED_EDGE('',*,*,#1748,.T.);
#1324=ORIENTED_EDGE('',*,*,#1747,.F.);
#1325=ORIENTED_EDGE('',*,*,#1746,.F.);
#1326=ORIENTED_EDGE('',*,*,#1747,.T.);
#1327=ORIENTED_EDGE('',*,*,#1751,.T.);
#1328=ORIENTED_EDGE('',*,*,#1749,.T.);
#1329=ORIENTED_EDGE('',*,*,#1750,.F.);
#1330=ORIENTED_EDGE('',*,*,#1755,.F.);
#1331=ORIENTED_EDGE('',*,*,#1754,.T.);
#1332=ORIENTED_EDGE('',*,*,#1753,.F.);
#1333=ORIENTED_EDGE('',*,*,#1752,.F.);
#1334=ORIENTED_EDGE('',*,*,#1753,.T.);
#1335=ORIENTED_EDGE('',*,*,#1757,.T.);
#1336=ORIENTED_EDGE('',*,*,#1755,.T.);
#1337=ORIENTED_EDGE('',*,*,#1756,.F.);
#1338=ORIENTED_EDGE('',*,*,#1761,.F.);
#1339=ORIENTED_EDGE('',*,*,#1760,.T.);
#1340=ORIENTED_EDGE('',*,*,#1759,.F.);
#1341=ORIENTED_EDGE('',*,*,#1758,.F.);
#1342=ORIENTED_EDGE('',*,*,#1759,.T.);
#1343=ORIENTED_EDGE('',*,*,#1763,.T.);
#1344=ORIENTED_EDGE('',*,*,#1761,.T.);
#1345=ORIENTED_EDGE('',*,*,#1762,.F.);
#1346=ORIENTED_EDGE('',*,*,#1767,.F.);
#1347=ORIENTED_EDGE('',*,*,#1766,.T.);
#1348=ORIENTED_EDGE('',*,*,#1765,.F.);
#1349=ORIENTED_EDGE('',*,*,#1764,.F.);
#1350=ORIENTED_EDGE('',*,*,#1765,.T.);
#1351=ORIENTED_EDGE('',*,*,#1769,.T.);
#1352=ORIENTED_EDGE('',*,*,#1767,.T.);
#1353=ORIENTED_EDGE('',*,*,#1768,.F.);
#1354=ORIENTED_EDGE('',*,*,#1773,.F.);
#1355=ORIENTED_EDGE('',*,*,#1772,.T.);
#1356=ORIENTED_EDGE('',*,*,#1771,.F.);
#1357=ORIENTED_EDGE('',*,*,#1770,.F.);
#1358=ORIENTED_EDGE('',*,*,#1771,.T.);
#1359=ORIENTED_EDGE('',*,*,#1775,.T.);
#1360=ORIENTED_EDGE('',*,*,#1773,.T.);
#1361=ORIENTED_EDGE('',*,*,#1774,.F.);
#1362=ORIENTED_EDGE('',*,*,#1779,.F.);
#1363=ORIENTED_EDGE('',*,*,#1778,.T.);
#1364=ORIENTED_EDGE('',*,*,#1777,.F.);
#1365=ORIENTED_EDGE('',*,*,#1776,.F.);
#1366=ORIENTED_EDGE('',*,*,#1777,.T.);
#1367=ORIENTED_EDGE('',*,*,#1781,.T.);
#1368=ORIENTED_EDGE('',*,*,#1779,.T.);
#1369=ORIENTED_EDGE('',*,*,#1780,.F.);
#1370=ORIENTED_EDGE('',*,*,#1785,.F.);
#1371=ORIENTED_EDGE('',*,*,#1784,.T.);
#1372=ORIENTED_EDGE('',*,*,#1783,.F.);
#1373=ORIENTED_EDGE('',*,*,#1782,.F.);
#1374=ORIENTED_EDGE('',*,*,#1783,.T.);
#1375=ORIENTED_EDGE('',*,*,#1787,.T.);
#1376=ORIENTED_EDGE('',*,*,#1785,.T.);
#1377=ORIENTED_EDGE('',*,*,#1786,.F.);
#1378=ORIENTED_EDGE('',*,*,#1791,.F.);
#1379=ORIENTED_EDGE('',*,*,#1790,.T.);
#1380=ORIENTED_EDGE('',*,*,#1789,.F.);
#1381=ORIENTED_EDGE('',*,*,#1788,.F.);
#1382=ORIENTED_EDGE('',*,*,#1789,.T.);
#1383=ORIENTED_EDGE('',*,*,#1793,.T.);
#1384=ORIENTED_EDGE('',*,*,#1791,.T.);
#1385=ORIENTED_EDGE('',*,*,#1792,.F.);
#1386=ORIENTED_EDGE('',*,*,#1797,.F.);
#1387=ORIENTED_EDGE('',*,*,#1796,.T.);
#1388=ORIENTED_EDGE('',*,*,#1795,.F.);
#1389=ORIENTED_EDGE('',*,*,#1794,.F.);
#1390=ORIENTED_EDGE('',*,*,#1795,.T.);
#1391=ORIENTED_EDGE('',*,*,#1799,.T.);
#1392=ORIENTED_EDGE('',*,*,#1797,.T.);
#1393=ORIENTED_EDGE('',*,*,#1798,.F.);
#1394=ORIENTED_EDGE('',*,*,#1803,.F.);
#1395=ORIENTED_EDGE('',*,*,#1802,.F.);
#1396=ORIENTED_EDGE('',*,*,#1801,.F.);
#1397=ORIENTED_EDGE('',*,*,#1800,.T.);
#1398=ORIENTED_EDGE('',*,*,#1807,.F.);
#1399=ORIENTED_EDGE('',*,*,#1806,.T.);
#1400=ORIENTED_EDGE('',*,*,#1805,.F.);
#1401=ORIENTED_EDGE('',*,*,#1804,.F.);
#1402=ORIENTED_EDGE('',*,*,#1801,.T.);
#1403=ORIENTED_EDGE('',*,*,#1809,.F.);
#1404=ORIENTED_EDGE('',*,*,#1803,.T.);
#1405=ORIENTED_EDGE('',*,*,#1808,.T.);
#1406=ORIENTED_EDGE('',*,*,#1805,.T.);
#1407=ORIENTED_EDGE('',*,*,#1811,.T.);
#1408=ORIENTED_EDGE('',*,*,#1807,.T.);
#1409=ORIENTED_EDGE('',*,*,#1810,.F.);
#1410=EDGE_CURVE('',#2431,#2432,#2244,.T.);
#1411=EDGE_CURVE('',#2433,#2434,#2245,.T.);
#1412=EDGE_CURVE('',#2435,#2436,#2246,.T.);
#1413=EDGE_CURVE('',#2437,#2438,#2247,.T.);
#1414=EDGE_CURVE('',#2438,#2439,#2248,.T.);
#1415=EDGE_CURVE('',#2439,#2440,#2249,.T.);
#1416=EDGE_CURVE('',#2441,#2430,#2250,.T.);
#1417=EDGE_CURVE('',#2450,#2451,#1812,.T.);
#1418=EDGE_CURVE('',#2450,#2452,#2251,.T.);
#1419=EDGE_CURVE('',#2452,#2453,#1813,.T.);
#1420=EDGE_CURVE('',#2453,#2451,#2252,.T.);
#1421=EDGE_CURVE('',#2454,#2455,#1814,.T.);
#1422=EDGE_CURVE('',#2455,#2456,#2253,.T.);
#1423=EDGE_CURVE('',#2456,#2457,#1815,.T.);
#1424=EDGE_CURVE('',#2457,#2454,#2254,.T.);
#1425=EDGE_CURVE('',#2451,#2450,#1816,.T.);
#1426=EDGE_CURVE('',#2453,#2452,#1817,.T.);
#1427=EDGE_CURVE('',#2455,#2454,#1818,.T.);
#1428=EDGE_CURVE('',#2457,#2456,#1819,.T.);
#1429=EDGE_CURVE('',#2460,#2458,#2255,.T.);
#1430=EDGE_CURVE('',#2462,#2461,#2256,.T.);
#1431=EDGE_CURVE('',#2463,#2462,#2257,.T.);
#1432=EDGE_CURVE('',#2464,#2463,#2258,.T.);
#1433=EDGE_CURVE('',#2466,#2465,#2259,.T.);
#1434=EDGE_CURVE('',#2468,#2467,#2260,.T.);
#1435=EDGE_CURVE('',#2459,#2469,#2261,.T.);
#1436=EDGE_CURVE('',#2442,#2443,#1820,.T.);
#1437=EDGE_CURVE('',#2442,#2470,#2262,.T.);
#1438=EDGE_CURVE('',#2470,#2471,#1821,.T.);
#1439=EDGE_CURVE('',#2471,#2443,#2263,.T.);
#1440=EDGE_CURVE('',#2478,#2479,#1822,.T.);
#1441=EDGE_CURVE('',#2479,#2480,#2264,.T.);
#1442=EDGE_CURVE('',#2480,#2481,#1823,.T.);
#1443=EDGE_CURVE('',#2481,#2478,#2265,.T.);
#1444=EDGE_CURVE('',#2443,#2442,#1824,.T.);
#1445=EDGE_CURVE('',#2471,#2470,#1825,.T.);
#1446=EDGE_CURVE('',#2479,#2478,#1826,.T.);
#1447=EDGE_CURVE('',#2481,#2480,#1827,.T.);
#1448=EDGE_CURVE('',#2484,#2482,#2266,.T.);
#1449=EDGE_CURVE('',#2486,#2485,#2267,.T.);
#1450=EDGE_CURVE('',#2487,#2486,#2268,.T.);
#1451=EDGE_CURVE('',#2488,#2487,#2269,.T.);
#1452=EDGE_CURVE('',#2490,#2489,#2270,.T.);
#1453=EDGE_CURVE('',#2492,#2491,#2271,.T.);
#1454=EDGE_CURVE('',#2483,#2493,#2272,.T.);
#1455=EDGE_CURVE('',#2444,#2445,#1828,.T.);
#1456=EDGE_CURVE('',#2444,#2472,#2273,.T.);
#1457=EDGE_CURVE('',#2472,#2473,#1829,.T.);
#1458=EDGE_CURVE('',#2473,#2445,#2274,.T.);
#1459=EDGE_CURVE('',#2494,#2495,#1830,.T.);
#1460=EDGE_CURVE('',#2495,#2500,#2275,.T.);
#1461=EDGE_CURVE('',#2500,#2501,#1831,.T.);
#1462=EDGE_CURVE('',#2501,#2494,#2276,.T.);
#1463=EDGE_CURVE('',#2445,#2444,#1832,.T.);
#1464=EDGE_CURVE('',#2473,#2472,#1833,.T.);
#1465=EDGE_CURVE('',#2495,#2494,#1834,.T.);
#1466=EDGE_CURVE('',#2501,#2500,#1835,.T.);
#1467=EDGE_CURVE('',#2503,#2504,#2277,.T.);
#1468=EDGE_CURVE('',#2505,#2506,#2278,.T.);
#1469=EDGE_CURVE('',#2507,#2508,#2279,.T.);
#1470=EDGE_CURVE('',#2509,#2510,#2280,.T.);
#1471=EDGE_CURVE('',#2510,#2511,#2281,.T.);
#1472=EDGE_CURVE('',#2511,#2512,#2282,.T.);
#1473=EDGE_CURVE('',#2513,#2502,#2283,.T.);
#1474=EDGE_CURVE('',#2446,#2447,#1836,.T.);
#1475=EDGE_CURVE('',#2446,#2474,#2284,.T.);
#1476=EDGE_CURVE('',#2474,#2475,#1837,.T.);
#1477=EDGE_CURVE('',#2475,#2447,#2285,.T.);
#1478=EDGE_CURVE('',#2496,#2497,#1838,.T.);
#1479=EDGE_CURVE('',#2497,#2515,#2286,.T.);
#1480=EDGE_CURVE('',#2514,#2515,#1839,.T.);
#1481=EDGE_CURVE('',#2514,#2496,#2287,.T.);
#1482=EDGE_CURVE('',#2447,#2446,#1840,.T.);
#1483=EDGE_CURVE('',#2475,#2474,#1841,.T.);
#1484=EDGE_CURVE('',#2497,#2496,#1842,.T.);
#1485=EDGE_CURVE('',#2515,#2514,#1843,.T.);
#1486=EDGE_CURVE('',#2448,#2449,#1844,.T.);
#1487=EDGE_CURVE('',#2448,#2476,#2288,.T.);
#1488=EDGE_CURVE('',#2476,#2477,#1845,.T.);
#1489=EDGE_CURVE('',#2477,#2449,#2289,.T.);
#1490=EDGE_CURVE('',#2498,#2499,#1846,.T.);
#1491=EDGE_CURVE('',#2499,#2517,#2290,.T.);
#1492=EDGE_CURVE('',#2516,#2517,#1847,.T.);
#1493=EDGE_CURVE('',#2516,#2498,#2291,.T.);
#1494=EDGE_CURVE('',#2449,#2448,#1848,.T.);
#1495=EDGE_CURVE('',#2477,#2476,#1849,.T.);
#1496=EDGE_CURVE('',#2499,#2498,#1850,.T.);
#1497=EDGE_CURVE('',#2517,#2516,#1851,.T.);
#1498=EDGE_CURVE('',#2502,#2503,#1852,.T.);
#1499=EDGE_CURVE('',#2482,#2502,#2292,.T.);
#1500=EDGE_CURVE('',#2482,#2483,#1853,.T.);
#1501=EDGE_CURVE('',#2503,#2483,#2293,.T.);
#1502=EDGE_CURVE('',#2458,#2430,#2294,.T.);
#1503=EDGE_CURVE('',#2441,#2460,#2295,.T.);
#1504=EDGE_CURVE('',#2435,#2466,#2296,.T.);
#1505=EDGE_CURVE('',#2465,#2436,#2297,.T.);
#1506=EDGE_CURVE('',#2513,#2484,#2298,.T.);
#1507=EDGE_CURVE('',#2507,#2490,#2299,.T.);
#1508=EDGE_CURVE('',#2489,#2508,#2300,.T.);
#1509=EDGE_CURVE('',#2430,#2431,#1854,.T.);
#1510=EDGE_CURVE('',#2458,#2459,#1855,.T.);
#1511=EDGE_CURVE('',#2431,#2459,#2301,.T.);
#1512=EDGE_CURVE('',#2469,#2432,#2302,.T.);
#1513=EDGE_CURVE('',#2493,#2504,#2303,.T.);
#1514=EDGE_CURVE('',#2469,#2468,#1856,.T.);
#1515=EDGE_CURVE('',#2468,#2433,#2304,.T.);
#1516=EDGE_CURVE('',#2432,#2433,#1857,.T.);
#1517=EDGE_CURVE('',#2493,#2492,#1858,.T.);
#1518=EDGE_CURVE('',#2492,#2505,#2305,.T.);
#1519=EDGE_CURVE('',#2504,#2505,#1859,.T.);
#1520=EDGE_CURVE('',#2467,#2434,#2306,.T.);
#1521=EDGE_CURVE('',#2491,#2506,#2307,.T.);
#1522=EDGE_CURVE('',#2467,#2466,#1860,.T.);
#1523=EDGE_CURVE('',#2434,#2435,#1861,.T.);
#1524=EDGE_CURVE('',#2491,#2490,#1862,.T.);
#1525=EDGE_CURVE('',#2506,#2507,#1863,.T.);
#1526=EDGE_CURVE('',#2440,#2441,#1864,.T.);
#1527=EDGE_CURVE('',#2461,#2440,#2308,.T.);
#1528=EDGE_CURVE('',#2461,#2460,#1865,.T.);
#1529=EDGE_CURVE('',#2512,#2485,#2309,.T.);
#1530=EDGE_CURVE('',#2519,#2518,#2310,.T.);
#1531=EDGE_CURVE('',#2523,#2522,#2311,.T.);
#1532=EDGE_CURVE('',#2512,#2513,#1866,.T.);
#1533=EDGE_CURVE('',#2485,#2484,#1867,.T.);
#1534=EDGE_CURVE('',#2510,#2526,#2312,.T.);
#1535=EDGE_CURVE('',#2526,#2518,#2313,.T.);
#1536=EDGE_CURVE('',#2518,#2511,#2314,.T.);
#1537=EDGE_CURVE('',#2488,#2509,#2315,.T.);
#1538=EDGE_CURVE('',#2530,#2529,#2316,.T.);
#1539=EDGE_CURVE('',#2464,#2437,#2317,.T.);
#1540=EDGE_CURVE('',#2526,#2533,#2318,.T.);
#1541=EDGE_CURVE('',#2489,#2488,#1868,.T.);
#1542=EDGE_CURVE('',#2508,#2509,#1869,.T.);
#1543=EDGE_CURVE('',#2486,#2525,#1870,.T.);
#1544=EDGE_CURVE('',#2527,#2525,#2319,.T.);
#1545=EDGE_CURVE('',#2527,#2487,#1871,.T.);
#1546=EDGE_CURVE('',#2525,#2524,#2320,.T.);
#1547=EDGE_CURVE('',#2528,#2524,#2321,.T.);
#1548=EDGE_CURVE('',#2528,#2527,#2322,.T.);
#1549=EDGE_CURVE('',#2529,#2528,#1872,.T.);
#1550=EDGE_CURVE('',#2524,#2523,#1873,.T.);
#1551=EDGE_CURVE('',#2529,#2523,#2323,.T.);
#1552=EDGE_CURVE('',#2522,#2521,#1874,.T.);
#1553=EDGE_CURVE('',#2531,#2521,#2324,.T.);
#1554=EDGE_CURVE('',#2531,#2530,#1875,.T.);
#1555=EDGE_CURVE('',#2522,#2530,#2325,.T.);
#1556=EDGE_CURVE('',#2521,#2520,#2326,.T.);
#1557=EDGE_CURVE('',#2532,#2531,#2327,.T.);
#1558=EDGE_CURVE('',#2438,#2532,#1876,.T.);
#1559=EDGE_CURVE('',#2520,#2532,#2328,.T.);
#1560=EDGE_CURVE('',#2520,#2439,#1877,.T.);
#1561=EDGE_CURVE('',#2534,#2535,#1878,.T.);
#1562=EDGE_CURVE('',#2535,#2552,#2329,.T.);
#1563=EDGE_CURVE('',#2552,#2553,#1879,.T.);
#1564=EDGE_CURVE('',#2553,#2534,#2330,.T.);
#1565=EDGE_CURVE('',#2535,#2534,#1880,.T.);
#1566=EDGE_CURVE('',#2553,#2552,#1881,.T.);
#1567=EDGE_CURVE('',#2533,#2519,#2331,.T.);
#1568=EDGE_CURVE('',#2533,#2463,#2332,.T.);
#1569=EDGE_CURVE('',#2462,#2519,#2333,.T.);
#1570=EDGE_CURVE('',#2536,#2537,#1882,.T.);
#1571=EDGE_CURVE('',#2537,#2555,#2334,.T.);
#1572=EDGE_CURVE('',#2554,#2555,#1883,.T.);
#1573=EDGE_CURVE('',#2554,#2536,#2335,.T.);
#1574=EDGE_CURVE('',#2537,#2536,#1884,.T.);
#1575=EDGE_CURVE('',#2555,#2554,#1885,.T.);
#1576=EDGE_CURVE('',#2538,#2539,#1886,.T.);
#1577=EDGE_CURVE('',#2539,#2557,#2336,.T.);
#1578=EDGE_CURVE('',#2556,#2557,#1887,.T.);
#1579=EDGE_CURVE('',#2556,#2538,#2337,.T.);
#1580=EDGE_CURVE('',#2539,#2538,#1888,.T.);
#1581=EDGE_CURVE('',#2557,#2556,#1889,.T.);
#1582=EDGE_CURVE('',#2540,#2541,#1890,.T.);
#1583=EDGE_CURVE('',#2541,#2559,#2338,.T.);
#1584=EDGE_CURVE('',#2558,#2559,#1891,.T.);
#1585=EDGE_CURVE('',#2558,#2540,#2339,.T.);
#1586=EDGE_CURVE('',#2541,#2540,#1892,.T.);
#1587=EDGE_CURVE('',#2559,#2558,#1893,.T.);
#1588=EDGE_CURVE('',#2542,#2543,#1894,.T.);
#1589=EDGE_CURVE('',#2543,#2561,#2340,.T.);
#1590=EDGE_CURVE('',#2560,#2561,#1895,.T.);
#1591=EDGE_CURVE('',#2560,#2542,#2341,.T.);
#1592=EDGE_CURVE('',#2543,#2542,#1896,.T.);
#1593=EDGE_CURVE('',#2561,#2560,#1897,.T.);
#1594=EDGE_CURVE('',#2544,#2545,#1898,.T.);
#1595=EDGE_CURVE('',#2545,#2563,#2342,.T.);
#1596=EDGE_CURVE('',#2562,#2563,#1899,.T.);
#1597=EDGE_CURVE('',#2562,#2544,#2343,.T.);
#1598=EDGE_CURVE('',#2545,#2544,#1900,.T.);
#1599=EDGE_CURVE('',#2563,#2562,#1901,.T.);
#1600=EDGE_CURVE('',#2546,#2547,#1902,.T.);
#1601=EDGE_CURVE('',#2547,#2565,#2344,.T.);
#1602=EDGE_CURVE('',#2564,#2565,#1903,.T.);
#1603=EDGE_CURVE('',#2564,#2546,#2345,.T.);
#1604=EDGE_CURVE('',#2547,#2546,#1904,.T.);
#1605=EDGE_CURVE('',#2565,#2564,#1905,.T.);
#1606=EDGE_CURVE('',#2548,#2549,#1906,.T.);
#1607=EDGE_CURVE('',#2549,#2567,#2346,.T.);
#1608=EDGE_CURVE('',#2566,#2567,#1907,.T.);
#1609=EDGE_CURVE('',#2566,#2548,#2347,.T.);
#1610=EDGE_CURVE('',#2549,#2548,#1908,.T.);
#1611=EDGE_CURVE('',#2567,#2566,#1909,.T.);
#1612=EDGE_CURVE('',#2550,#2551,#1910,.T.);
#1613=EDGE_CURVE('',#2551,#2569,#2348,.T.);
#1614=EDGE_CURVE('',#2568,#2569,#1911,.T.);
#1615=EDGE_CURVE('',#2568,#2550,#2349,.T.);
#1616=EDGE_CURVE('',#2551,#2550,#1912,.T.);
#1617=EDGE_CURVE('',#2569,#2568,#1913,.T.);
#1618=EDGE_CURVE('',#2465,#2464,#1914,.T.);
#1619=EDGE_CURVE('',#2436,#2437,#1915,.T.);
#1620=EDGE_CURVE('',#2571,#2572,#2350,.T.);
#1621=EDGE_CURVE('',#2573,#2574,#2351,.T.);
#1622=EDGE_CURVE('',#2574,#2575,#2352,.T.);
#1623=EDGE_CURVE('',#2575,#2570,#2353,.T.);
#1624=EDGE_CURVE('',#2588,#2589,#1916,.T.);
#1625=EDGE_CURVE('',#2588,#2592,#2354,.T.);
#1626=EDGE_CURVE('',#2592,#2593,#1917,.T.);
#1627=EDGE_CURVE('',#2593,#2589,#2355,.T.);
#1628=EDGE_CURVE('',#2594,#2595,#1918,.T.);
#1629=EDGE_CURVE('',#2595,#2596,#2356,.T.);
#1630=EDGE_CURVE('',#2596,#2597,#1919,.T.);
#1631=EDGE_CURVE('',#2597,#2594,#2357,.T.);
#1632=EDGE_CURVE('',#2589,#2588,#1920,.T.);
#1633=EDGE_CURVE('',#2593,#2592,#1921,.T.);
#1634=EDGE_CURVE('',#2595,#2594,#1922,.T.);
#1635=EDGE_CURVE('',#2597,#2596,#1923,.T.);
#1636=EDGE_CURVE('',#2600,#2598,#2358,.T.);
#1637=EDGE_CURVE('',#2601,#2600,#2359,.T.);
#1638=EDGE_CURVE('',#2602,#2601,#2360,.T.);
#1639=EDGE_CURVE('',#2599,#2603,#2361,.T.);
#1640=EDGE_CURVE('',#2576,#2577,#1924,.T.);
#1641=EDGE_CURVE('',#2576,#2604,#2362,.T.);
#1642=EDGE_CURVE('',#2604,#2605,#1925,.T.);
#1643=EDGE_CURVE('',#2605,#2577,#2363,.T.);
#1644=EDGE_CURVE('',#2618,#2619,#1926,.T.);
#1645=EDGE_CURVE('',#2619,#2620,#2364,.T.);
#1646=EDGE_CURVE('',#2620,#2621,#1927,.T.);
#1647=EDGE_CURVE('',#2621,#2618,#2365,.T.);
#1648=EDGE_CURVE('',#2577,#2576,#1928,.T.);
#1649=EDGE_CURVE('',#2605,#2604,#1929,.T.);
#1650=EDGE_CURVE('',#2619,#2618,#1930,.T.);
#1651=EDGE_CURVE('',#2621,#2620,#1931,.T.);
#1652=EDGE_CURVE('',#2624,#2622,#2366,.T.);
#1653=EDGE_CURVE('',#2625,#2624,#2367,.T.);
#1654=EDGE_CURVE('',#2626,#2625,#2368,.T.);
#1655=EDGE_CURVE('',#2623,#2627,#2369,.T.);
#1656=EDGE_CURVE('',#2578,#2579,#1932,.T.);
#1657=EDGE_CURVE('',#2578,#2606,#2370,.T.);
#1658=EDGE_CURVE('',#2606,#2607,#1933,.T.);
#1659=EDGE_CURVE('',#2607,#2579,#2371,.T.);
#1660=EDGE_CURVE('',#2628,#2629,#1934,.T.);
#1661=EDGE_CURVE('',#2629,#2640,#2372,.T.);
#1662=EDGE_CURVE('',#2640,#2641,#1935,.T.);
#1663=EDGE_CURVE('',#2641,#2628,#2373,.T.);
#1664=EDGE_CURVE('',#2579,#2578,#1936,.T.);
#1665=EDGE_CURVE('',#2607,#2606,#1937,.T.);
#1666=EDGE_CURVE('',#2629,#2628,#1938,.T.);
#1667=EDGE_CURVE('',#2641,#2640,#1939,.T.);
#1668=EDGE_CURVE('',#2643,#2644,#2374,.T.);
#1669=EDGE_CURVE('',#2645,#2646,#2375,.T.);
#1670=EDGE_CURVE('',#2646,#2647,#2376,.T.);
#1671=EDGE_CURVE('',#2647,#2642,#2377,.T.);
#1672=EDGE_CURVE('',#2580,#2581,#1940,.T.);
#1673=EDGE_CURVE('',#2580,#2608,#2378,.T.);
#1674=EDGE_CURVE('',#2608,#2609,#1941,.T.);
#1675=EDGE_CURVE('',#2609,#2581,#2379,.T.);
#1676=EDGE_CURVE('',#2630,#2631,#1942,.T.);
#1677=EDGE_CURVE('',#2631,#2649,#2380,.T.);
#1678=EDGE_CURVE('',#2648,#2649,#1943,.T.);
#1679=EDGE_CURVE('',#2648,#2630,#2381,.T.);
#1680=EDGE_CURVE('',#2581,#2580,#1944,.T.);
#1681=EDGE_CURVE('',#2609,#2608,#1945,.T.);
#1682=EDGE_CURVE('',#2631,#2630,#1946,.T.);
#1683=EDGE_CURVE('',#2649,#2648,#1947,.T.);
#1684=EDGE_CURVE('',#2582,#2583,#1948,.T.);
#1685=EDGE_CURVE('',#2582,#2610,#2382,.T.);
#1686=EDGE_CURVE('',#2610,#2611,#1949,.T.);
#1687=EDGE_CURVE('',#2611,#2583,#2383,.T.);
#1688=EDGE_CURVE('',#2632,#2633,#1950,.T.);
#1689=EDGE_CURVE('',#2633,#2651,#2384,.T.);
#1690=EDGE_CURVE('',#2650,#2651,#1951,.T.);
#1691=EDGE_CURVE('',#2650,#2632,#2385,.T.);
#1692=EDGE_CURVE('',#2583,#2582,#1952,.T.);
#1693=EDGE_CURVE('',#2611,#2610,#1953,.T.);
#1694=EDGE_CURVE('',#2633,#2632,#1954,.T.);
#1695=EDGE_CURVE('',#2651,#2650,#1955,.T.);
#1696=EDGE_CURVE('',#2584,#2585,#1956,.T.);
#1697=EDGE_CURVE('',#2584,#2612,#2386,.T.);
#1698=EDGE_CURVE('',#2612,#2613,#1957,.T.);
#1699=EDGE_CURVE('',#2613,#2585,#2387,.T.);
#1700=EDGE_CURVE('',#2634,#2635,#1958,.T.);
#1701=EDGE_CURVE('',#2635,#2653,#2388,.T.);
#1702=EDGE_CURVE('',#2652,#2653,#1959,.T.);
#1703=EDGE_CURVE('',#2652,#2634,#2389,.T.);
#1704=EDGE_CURVE('',#2585,#2584,#1960,.T.);
#1705=EDGE_CURVE('',#2613,#2612,#1961,.T.);
#1706=EDGE_CURVE('',#2635,#2634,#1962,.T.);
#1707=EDGE_CURVE('',#2653,#2652,#1963,.T.);
#1708=EDGE_CURVE('',#2586,#2587,#1964,.T.);
#1709=EDGE_CURVE('',#2586,#2614,#2390,.T.);
#1710=EDGE_CURVE('',#2614,#2615,#1965,.T.);
#1711=EDGE_CURVE('',#2615,#2587,#2391,.T.);
#1712=EDGE_CURVE('',#2636,#2637,#1966,.T.);
#1713=EDGE_CURVE('',#2637,#2655,#2392,.T.);
#1714=EDGE_CURVE('',#2654,#2655,#1967,.T.);
#1715=EDGE_CURVE('',#2654,#2636,#2393,.T.);
#1716=EDGE_CURVE('',#2587,#2586,#1968,.T.);
#1717=EDGE_CURVE('',#2615,#2614,#1969,.T.);
#1718=EDGE_CURVE('',#2637,#2636,#1970,.T.);
#1719=EDGE_CURVE('',#2655,#2654,#1971,.T.);
#1720=EDGE_CURVE('',#2642,#2643,#1972,.T.);
#1721=EDGE_CURVE('',#2622,#2642,#2394,.T.);
#1722=EDGE_CURVE('',#2622,#2623,#1973,.T.);
#1723=EDGE_CURVE('',#2643,#2623,#2395,.T.);
#1724=EDGE_CURVE('',#2600,#2647,#2396,.T.);
#1725=EDGE_CURVE('',#2570,#2598,#2397,.T.);
#1726=EDGE_CURVE('',#2659,#2658,#2398,.T.);
#1727=EDGE_CURVE('',#2646,#2601,#2399,.T.);
#1728=EDGE_CURVE('',#2626,#2645,#2400,.T.);
#1729=EDGE_CURVE('',#2679,#2678,#2401,.T.);
#1730=EDGE_CURVE('',#2602,#2573,#2402,.T.);
#1731=EDGE_CURVE('',#2644,#2645,#1974,.T.);
#1732=EDGE_CURVE('',#2627,#2644,#2403,.T.);
#1733=EDGE_CURVE('',#2627,#2626,#1975,.T.);
#1734=EDGE_CURVE('',#2599,#2571,#2404,.T.);
#1735=EDGE_CURVE('',#2572,#2603,#2405,.T.);
#1736=EDGE_CURVE('',#2570,#2571,#1976,.T.);
#1737=EDGE_CURVE('',#2598,#2599,#1977,.T.);
#1738=EDGE_CURVE('',#2572,#2573,#1978,.T.);
#1739=EDGE_CURVE('',#2603,#2602,#1979,.T.);
#1740=EDGE_CURVE('',#2624,#2659,#1980,.T.);
#1741=EDGE_CURVE('',#2678,#2659,#2406,.T.);
#1742=EDGE_CURVE('',#2678,#2625,#1981,.T.);
#1743=EDGE_CURVE('',#2679,#2658,#2407,.T.);
#1744=EDGE_CURVE('',#2574,#2679,#1982,.T.);
#1745=EDGE_CURVE('',#2658,#2575,#1983,.T.);
#1746=EDGE_CURVE('',#2680,#2681,#1984,.T.);
#1747=EDGE_CURVE('',#2681,#2661,#2408,.T.);
#1748=EDGE_CURVE('',#2660,#2661,#1985,.T.);
#1749=EDGE_CURVE('',#2660,#2680,#2409,.T.);
#1750=EDGE_CURVE('',#2681,#2680,#1986,.T.);
#1751=EDGE_CURVE('',#2661,#2660,#1987,.T.);
#1752=EDGE_CURVE('',#2682,#2683,#1988,.T.);
#1753=EDGE_CURVE('',#2683,#2663,#2410,.T.);
#1754=EDGE_CURVE('',#2662,#2663,#1989,.T.);
#1755=EDGE_CURVE('',#2662,#2682,#2411,.T.);
#1756=EDGE_CURVE('',#2683,#2682,#1990,.T.);
#1757=EDGE_CURVE('',#2663,#2662,#1991,.T.);
#1758=EDGE_CURVE('',#2684,#2685,#1992,.T.);
#1759=EDGE_CURVE('',#2685,#2665,#2412,.T.);
#1760=EDGE_CURVE('',#2664,#2665,#1993,.T.);
#1761=EDGE_CURVE('',#2664,#2684,#2413,.T.);
#1762=EDGE_CURVE('',#2685,#2684,#1994,.T.);
#1763=EDGE_CURVE('',#2665,#2664,#1995,.T.);
#1764=EDGE_CURVE('',#2686,#2687,#1996,.T.);
#1765=EDGE_CURVE('',#2687,#2667,#2414,.T.);
#1766=EDGE_CURVE('',#2666,#2667,#1997,.T.);
#1767=EDGE_CURVE('',#2666,#2686,#2415,.T.);
#1768=EDGE_CURVE('',#2687,#2686,#1998,.T.);
#1769=EDGE_CURVE('',#2667,#2666,#1999,.T.);
#1770=EDGE_CURVE('',#2688,#2689,#2000,.T.);
#1771=EDGE_CURVE('',#2689,#2669,#2416,.T.);
#1772=EDGE_CURVE('',#2668,#2669,#2001,.T.);
#1773=EDGE_CURVE('',#2668,#2688,#2417,.T.);
#1774=EDGE_CURVE('',#2689,#2688,#2002,.T.);
#1775=EDGE_CURVE('',#2669,#2668,#2003,.T.);
#1776=EDGE_CURVE('',#2690,#2691,#2004,.T.);
#1777=EDGE_CURVE('',#2691,#2671,#2418,.T.);
#1778=EDGE_CURVE('',#2670,#2671,#2005,.T.);
#1779=EDGE_CURVE('',#2670,#2690,#2419,.T.);
#1780=EDGE_CURVE('',#2691,#2690,#2006,.T.);
#1781=EDGE_CURVE('',#2671,#2670,#2007,.T.);
#1782=EDGE_CURVE('',#2692,#2693,#2008,.T.);
#1783=EDGE_CURVE('',#2693,#2673,#2420,.T.);
#1784=EDGE_CURVE('',#2672,#2673,#2009,.T.);
#1785=EDGE_CURVE('',#2672,#2692,#2421,.T.);
#1786=EDGE_CURVE('',#2693,#2692,#2010,.T.);
#1787=EDGE_CURVE('',#2673,#2672,#2011,.T.);
#1788=EDGE_CURVE('',#2694,#2695,#2012,.T.);
#1789=EDGE_CURVE('',#2695,#2675,#2422,.T.);
#1790=EDGE_CURVE('',#2674,#2675,#2013,.T.);
#1791=EDGE_CURVE('',#2674,#2694,#2423,.T.);
#1792=EDGE_CURVE('',#2695,#2694,#2014,.T.);
#1793=EDGE_CURVE('',#2675,#2674,#2015,.T.);
#1794=EDGE_CURVE('',#2696,#2697,#2016,.T.);
#1795=EDGE_CURVE('',#2697,#2677,#2424,.T.);
#1796=EDGE_CURVE('',#2676,#2677,#2017,.T.);
#1797=EDGE_CURVE('',#2676,#2696,#2425,.T.);
#1798=EDGE_CURVE('',#2697,#2696,#2018,.T.);
#1799=EDGE_CURVE('',#2677,#2676,#2019,.T.);
#1800=EDGE_CURVE('',#2590,#2591,#2020,.T.);
#1801=EDGE_CURVE('',#2590,#2616,#2426,.T.);
#1802=EDGE_CURVE('',#2616,#2617,#2021,.T.);
#1803=EDGE_CURVE('',#2617,#2591,#2427,.T.);
#1804=EDGE_CURVE('',#2638,#2639,#2022,.T.);
#1805=EDGE_CURVE('',#2639,#2657,#2428,.T.);
#1806=EDGE_CURVE('',#2656,#2657,#2023,.T.);
#1807=EDGE_CURVE('',#2656,#2638,#2429,.T.);
#1808=EDGE_CURVE('',#2591,#2590,#2024,.T.);
#1809=EDGE_CURVE('',#2617,#2616,#2025,.T.);
#1810=EDGE_CURVE('',#2639,#2638,#2026,.T.);
#1811=EDGE_CURVE('',#2657,#2656,#2027,.T.);
#1812=TRIMMED_CURVE($,#2028,(#4081),(#4082),.T.,.CARTESIAN.);
#1813=TRIMMED_CURVE($,#2029,(#4086),(#4087),.T.,.CARTESIAN.);
#1814=TRIMMED_CURVE($,#2030,(#4091),(#4092),.T.,.CARTESIAN.);
#1815=TRIMMED_CURVE($,#2031,(#4096),(#4097),.T.,.CARTESIAN.);
#1816=TRIMMED_CURVE($,#2032,(#4101),(#4102),.T.,.CARTESIAN.);
#1817=TRIMMED_CURVE($,#2033,(#4104),(#4105),.T.,.CARTESIAN.);
#1818=TRIMMED_CURVE($,#2034,(#4107),(#4108),.T.,.CARTESIAN.);
#1819=TRIMMED_CURVE($,#2035,(#4110),(#4111),.T.,.CARTESIAN.);
#1820=TRIMMED_CURVE($,#2036,(#4127),(#4128),.T.,.CARTESIAN.);
#1821=TRIMMED_CURVE($,#2037,(#4132),(#4133),.T.,.CARTESIAN.);
#1822=TRIMMED_CURVE($,#2038,(#4137),(#4138),.T.,.CARTESIAN.);
#1823=TRIMMED_CURVE($,#2039,(#4142),(#4143),.T.,.CARTESIAN.);
#1824=TRIMMED_CURVE($,#2040,(#4147),(#4148),.T.,.CARTESIAN.);
#1825=TRIMMED_CURVE($,#2041,(#4150),(#4151),.T.,.CARTESIAN.);
#1826=TRIMMED_CURVE($,#2042,(#4153),(#4154),.T.,.CARTESIAN.);
#1827=TRIMMED_CURVE($,#2043,(#4156),(#4157),.T.,.CARTESIAN.);
#1828=TRIMMED_CURVE($,#2044,(#4173),(#4174),.T.,.CARTESIAN.);
#1829=TRIMMED_CURVE($,#2045,(#4178),(#4179),.T.,.CARTESIAN.);
#1830=TRIMMED_CURVE($,#2046,(#4183),(#4184),.T.,.CARTESIAN.);
#1831=TRIMMED_CURVE($,#2047,(#4188),(#4189),.T.,.CARTESIAN.);
#1832=TRIMMED_CURVE($,#2048,(#4193),(#4194),.T.,.CARTESIAN.);
#1833=TRIMMED_CURVE($,#2049,(#4196),(#4197),.T.,.CARTESIAN.);
#1834=TRIMMED_CURVE($,#2050,(#4199),(#4200),.T.,.CARTESIAN.);
#1835=TRIMMED_CURVE($,#2051,(#4202),(#4203),.T.,.CARTESIAN.);
#1836=TRIMMED_CURVE($,#2052,(#4219),(#4220),.T.,.CARTESIAN.);
#1837=TRIMMED_CURVE($,#2053,(#4224),(#4225),.T.,.CARTESIAN.);
#1838=TRIMMED_CURVE($,#2054,(#4229),(#4230),.T.,.CARTESIAN.);
#1839=TRIMMED_CURVE($,#2055,(#4234),(#4235),.T.,.CARTESIAN.);
#1840=TRIMMED_CURVE($,#2056,(#4239),(#4240),.T.,.CARTESIAN.);
#1841=TRIMMED_CURVE($,#2057,(#4242),(#4243),.T.,.CARTESIAN.);
#1842=TRIMMED_CURVE($,#2058,(#4245),(#4246),.T.,.CARTESIAN.);
#1843=TRIMMED_CURVE($,#2059,(#4248),(#4249),.T.,.CARTESIAN.);
#1844=TRIMMED_CURVE($,#2060,(#4251),(#4252),.T.,.CARTESIAN.);
#1845=TRIMMED_CURVE($,#2061,(#4256),(#4257),.T.,.CARTESIAN.);
#1846=TRIMMED_CURVE($,#2062,(#4261),(#4262),.T.,.CARTESIAN.);
#1847=TRIMMED_CURVE($,#2063,(#4266),(#4267),.T.,.CARTESIAN.);
#1848=TRIMMED_CURVE($,#2064,(#4271),(#4272),.T.,.CARTESIAN.);
#1849=TRIMMED_CURVE($,#2065,(#4274),(#4275),.T.,.CARTESIAN.);
#1850=TRIMMED_CURVE($,#2066,(#4277),(#4278),.T.,.CARTESIAN.);
#1851=TRIMMED_CURVE($,#2067,(#4280),(#4281),.T.,.CARTESIAN.);
#1852=TRIMMED_CURVE($,#2068,(#4283),(#4284),.T.,.CARTESIAN.);
#1853=TRIMMED_CURVE($,#2069,(#4288),(#4289),.T.,.CARTESIAN.);
#1854=TRIMMED_CURVE($,#2070,(#4307),(#4308),.T.,.CARTESIAN.);
#1855=TRIMMED_CURVE($,#2071,(#4310),(#4311),.T.,.CARTESIAN.);
#1856=TRIMMED_CURVE($,#2072,(#4319),(#4320),.T.,.CARTESIAN.);
#1857=TRIMMED_CURVE($,#2073,(#4324),(#4325),.T.,.CARTESIAN.);
#1858=TRIMMED_CURVE($,#2074,(#4327),(#4328),.T.,.CARTESIAN.);
#1859=TRIMMED_CURVE($,#2075,(#4332),(#4333),.T.,.CARTESIAN.);
#1860=TRIMMED_CURVE($,#2076,(#4339),(#4340),.T.,.CARTESIAN.);
#1861=TRIMMED_CURVE($,#2077,(#4342),(#4343),.T.,.CARTESIAN.);
#1862=TRIMMED_CURVE($,#2078,(#4345),(#4346),.T.,.CARTESIAN.);
#1863=TRIMMED_CURVE($,#2079,(#4348),(#4349),.T.,.CARTESIAN.);
#1864=TRIMMED_CURVE($,#2080,(#4351),(#4352),.T.,.CARTESIAN.);
#1865=TRIMMED_CURVE($,#2081,(#4356),(#4357),.T.,.CARTESIAN.);
#1866=TRIMMED_CURVE($,#2082,(#4365),(#4366),.T.,.CARTESIAN.);
#1867=TRIMMED_CURVE($,#2083,(#4368),(#4369),.T.,.CARTESIAN.);
#1868=TRIMMED_CURVE($,#2084,(#4385),(#4386),.T.,.CARTESIAN.);
#1869=TRIMMED_CURVE($,#2085,(#4388),(#4389),.T.,.CARTESIAN.);
#1870=TRIMMED_CURVE($,#2086,(#4391),(#4392),.T.,.CARTESIAN.);
#1871=TRIMMED_CURVE($,#2087,(#4396),(#4397),.T.,.CARTESIAN.);
#1872=TRIMMED_CURVE($,#2088,(#4405),(#4406),.T.,.CARTESIAN.);
#1873=TRIMMED_CURVE($,#2089,(#4408),(#4409),.T.,.CARTESIAN.);
#1874=TRIMMED_CURVE($,#2090,(#4413),(#4414),.T.,.CARTESIAN.);
#1875=TRIMMED_CURVE($,#2091,(#4418),(#4419),.T.,.CARTESIAN.);
#1876=TRIMMED_CURVE($,#2092,(#4427),(#4428),.T.,.CARTESIAN.);
#1877=TRIMMED_CURVE($,#2093,(#4432),(#4433),.T.,.CARTESIAN.);
#1878=TRIMMED_CURVE($,#2094,(#4435),(#4436),.T.,.CARTESIAN.);
#1879=TRIMMED_CURVE($,#2095,(#4440),(#4441),.T.,.CARTESIAN.);
#1880=TRIMMED_CURVE($,#2096,(#4445),(#4446),.T.,.CARTESIAN.);
#1881=TRIMMED_CURVE($,#2097,(#4448),(#4449),.T.,.CARTESIAN.);
#1882=TRIMMED_CURVE($,#2098,(#4457),(#4458),.T.,.CARTESIAN.);
#1883=TRIMMED_CURVE($,#2099,(#4462),(#4463),.T.,.CARTESIAN.);
#1884=TRIMMED_CURVE($,#2100,(#4467),(#4468),.T.,.CARTESIAN.);
#1885=TRIMMED_CURVE($,#2101,(#4470),(#4471),.T.,.CARTESIAN.);
#1886=TRIMMED_CURVE($,#2102,(#4473),(#4474),.T.,.CARTESIAN.);
#1887=TRIMMED_CURVE($,#2103,(#4478),(#4479),.T.,.CARTESIAN.);
#1888=TRIMMED_CURVE($,#2104,(#4483),(#4484),.T.,.CARTESIAN.);
#1889=TRIMMED_CURVE($,#2105,(#4486),(#4487),.T.,.CARTESIAN.);
#1890=TRIMMED_CURVE($,#2106,(#4489),(#4490),.T.,.CARTESIAN.);
#1891=TRIMMED_CURVE($,#2107,(#4494),(#4495),.T.,.CARTESIAN.);
#1892=TRIMMED_CURVE($,#2108,(#4499),(#4500),.T.,.CARTESIAN.);
#1893=TRIMMED_CURVE($,#2109,(#4502),(#4503),.T.,.CARTESIAN.);
#1894=TRIMMED_CURVE($,#2110,(#4505),(#4506),.T.,.CARTESIAN.);
#1895=TRIMMED_CURVE($,#2111,(#4510),(#4511),.T.,.CARTESIAN.);
#1896=TRIMMED_CURVE($,#2112,(#4515),(#4516),.T.,.CARTESIAN.);
#1897=TRIMMED_CURVE($,#2113,(#4518),(#4519),.T.,.CARTESIAN.);
#1898=TRIMMED_CURVE($,#2114,(#4521),(#4522),.T.,.CARTESIAN.);
#1899=TRIMMED_CURVE($,#2115,(#4526),(#4527),.T.,.CARTESIAN.);
#1900=TRIMMED_CURVE($,#2116,(#4531),(#4532),.T.,.CARTESIAN.);
#1901=TRIMMED_CURVE($,#2117,(#4534),(#4535),.T.,.CARTESIAN.);
#1902=TRIMMED_CURVE($,#2118,(#4537),(#4538),.T.,.CARTESIAN.);
#1903=TRIMMED_CURVE($,#2119,(#4542),(#4543),.T.,.CARTESIAN.);
#1904=TRIMMED_CURVE($,#2120,(#4547),(#4548),.T.,.CARTESIAN.);
#1905=TRIMMED_CURVE($,#2121,(#4550),(#4551),.T.,.CARTESIAN.);
#1906=TRIMMED_CURVE($,#2122,(#4553),(#4554),.T.,.CARTESIAN.);
#1907=TRIMMED_CURVE($,#2123,(#4558),(#4559),.T.,.CARTESIAN.);
#1908=TRIMMED_CURVE($,#2124,(#4563),(#4564),.T.,.CARTESIAN.);
#1909=TRIMMED_CURVE($,#2125,(#4566),(#4567),.T.,.CARTESIAN.);
#1910=TRIMMED_CURVE($,#2126,(#4569),(#4570),.T.,.CARTESIAN.);
#1911=TRIMMED_CURVE($,#2127,(#4574),(#4575),.T.,.CARTESIAN.);
#1912=TRIMMED_CURVE($,#2128,(#4579),(#4580),.T.,.CARTESIAN.);
#1913=TRIMMED_CURVE($,#2129,(#4582),(#4583),.T.,.CARTESIAN.);
#1914=TRIMMED_CURVE($,#2130,(#4585),(#4586),.T.,.CARTESIAN.);
#1915=TRIMMED_CURVE($,#2131,(#4588),(#4589),.T.,.CARTESIAN.);
#1916=TRIMMED_CURVE($,#2132,(#4793),(#4794),.T.,.CARTESIAN.);
#1917=TRIMMED_CURVE($,#2133,(#4798),(#4799),.T.,.CARTESIAN.);
#1918=TRIMMED_CURVE($,#2134,(#4803),(#4804),.T.,.CARTESIAN.);
#1919=TRIMMED_CURVE($,#2135,(#4808),(#4809),.T.,.CARTESIAN.);
#1920=TRIMMED_CURVE($,#2136,(#4813),(#4814),.T.,.CARTESIAN.);
#1921=TRIMMED_CURVE($,#2137,(#4816),(#4817),.T.,.CARTESIAN.);
#1922=TRIMMED_CURVE($,#2138,(#4819),(#4820),.T.,.CARTESIAN.);
#1923=TRIMMED_CURVE($,#2139,(#4822),(#4823),.T.,.CARTESIAN.);
#1924=TRIMMED_CURVE($,#2140,(#4833),(#4834),.T.,.CARTESIAN.);
#1925=TRIMMED_CURVE($,#2141,(#4838),(#4839),.T.,.CARTESIAN.);
#1926=TRIMMED_CURVE($,#2142,(#4843),(#4844),.T.,.CARTESIAN.);
#1927=TRIMMED_CURVE($,#2143,(#4848),(#4849),.T.,.CARTESIAN.);
#1928=TRIMMED_CURVE($,#2144,(#4853),(#4854),.T.,.CARTESIAN.);
#1929=TRIMMED_CURVE($,#2145,(#4856),(#4857),.T.,.CARTESIAN.);
#1930=TRIMMED_CURVE($,#2146,(#4859),(#4860),.T.,.CARTESIAN.);
#1931=TRIMMED_CURVE($,#2147,(#4862),(#4863),.T.,.CARTESIAN.);
#1932=TRIMMED_CURVE($,#2148,(#4873),(#4874),.T.,.CARTESIAN.);
#1933=TRIMMED_CURVE($,#2149,(#4878),(#4879),.T.,.CARTESIAN.);
#1934=TRIMMED_CURVE($,#2150,(#4883),(#4884),.T.,.CARTESIAN.);
#1935=TRIMMED_CURVE($,#2151,(#4888),(#4889),.T.,.CARTESIAN.);
#1936=TRIMMED_CURVE($,#2152,(#4893),(#4894),.T.,.CARTESIAN.);
#1937=TRIMMED_CURVE($,#2153,(#4896),(#4897),.T.,.CARTESIAN.);
#1938=TRIMMED_CURVE($,#2154,(#4899),(#4900),.T.,.CARTESIAN.);
#1939=TRIMMED_CURVE($,#2155,(#4902),(#4903),.T.,.CARTESIAN.);
#1940=TRIMMED_CURVE($,#2156,(#4913),(#4914),.T.,.CARTESIAN.);
#1941=TRIMMED_CURVE($,#2157,(#4918),(#4919),.T.,.CARTESIAN.);
#1942=TRIMMED_CURVE($,#2158,(#4923),(#4924),.T.,.CARTESIAN.);
#1943=TRIMMED_CURVE($,#2159,(#4928),(#4929),.T.,.CARTESIAN.);
#1944=TRIMMED_CURVE($,#2160,(#4933),(#4934),.T.,.CARTESIAN.);
#1945=TRIMMED_CURVE($,#2161,(#4936),(#4937),.T.,.CARTESIAN.);
#1946=TRIMMED_CURVE($,#2162,(#4939),(#4940),.T.,.CARTESIAN.);
#1947=TRIMMED_CURVE($,#2163,(#4942),(#4943),.T.,.CARTESIAN.);
#1948=TRIMMED_CURVE($,#2164,(#4945),(#4946),.T.,.CARTESIAN.);
#1949=TRIMMED_CURVE($,#2165,(#4950),(#4951),.T.,.CARTESIAN.);
#1950=TRIMMED_CURVE($,#2166,(#4955),(#4956),.T.,.CARTESIAN.);
#1951=TRIMMED_CURVE($,#2167,(#4960),(#4961),.T.,.CARTESIAN.);
#1952=TRIMMED_CURVE($,#2168,(#4965),(#4966),.T.,.CARTESIAN.);
#1953=TRIMMED_CURVE($,#2169,(#4968),(#4969),.T.,.CARTESIAN.);
#1954=TRIMMED_CURVE($,#2170,(#4971),(#4972),.T.,.CARTESIAN.);
#1955=TRIMMED_CURVE($,#2171,(#4974),(#4975),.T.,.CARTESIAN.);
#1956=TRIMMED_CURVE($,#2172,(#4977),(#4978),.T.,.CARTESIAN.);
#1957=TRIMMED_CURVE($,#2173,(#4982),(#4983),.T.,.CARTESIAN.);
#1958=TRIMMED_CURVE($,#2174,(#4987),(#4988),.T.,.CARTESIAN.);
#1959=TRIMMED_CURVE($,#2175,(#4992),(#4993),.T.,.CARTESIAN.);
#1960=TRIMMED_CURVE($,#2176,(#4997),(#4998),.T.,.CARTESIAN.);
#1961=TRIMMED_CURVE($,#2177,(#5000),(#5001),.T.,.CARTESIAN.);
#1962=TRIMMED_CURVE($,#2178,(#5003),(#5004),.T.,.CARTESIAN.);
#1963=TRIMMED_CURVE($,#2179,(#5006),(#5007),.T.,.CARTESIAN.);
#1964=TRIMMED_CURVE($,#2180,(#5009),(#5010),.T.,.CARTESIAN.);
#1965=TRIMMED_CURVE($,#2181,(#5014),(#5015),.T.,.CARTESIAN.);
#1966=TRIMMED_CURVE($,#2182,(#5019),(#5020),.T.,.CARTESIAN.);
#1967=TRIMMED_CURVE($,#2183,(#5024),(#5025),.T.,.CARTESIAN.);
#1968=TRIMMED_CURVE($,#2184,(#5029),(#5030),.T.,.CARTESIAN.);
#1969=TRIMMED_CURVE($,#2185,(#5032),(#5033),.T.,.CARTESIAN.);
#1970=TRIMMED_CURVE($,#2186,(#5035),(#5036),.T.,.CARTESIAN.);
#1971=TRIMMED_CURVE($,#2187,(#5038),(#5039),.T.,.CARTESIAN.);
#1972=TRIMMED_CURVE($,#2188,(#5041),(#5042),.T.,.CARTESIAN.);
#1973=TRIMMED_CURVE($,#2189,(#5046),(#5047),.T.,.CARTESIAN.);
#1974=TRIMMED_CURVE($,#2190,(#5065),(#5066),.T.,.CARTESIAN.);
#1975=TRIMMED_CURVE($,#2191,(#5070),(#5071),.T.,.CARTESIAN.);
#1976=TRIMMED_CURVE($,#2192,(#5077),(#5078),.T.,.CARTESIAN.);
#1977=TRIMMED_CURVE($,#2193,(#5080),(#5081),.T.,.CARTESIAN.);
#1978=TRIMMED_CURVE($,#2194,(#5083),(#5084),.T.,.CARTESIAN.);
#1979=TRIMMED_CURVE($,#2195,(#5086),(#5087),.T.,.CARTESIAN.);
#1980=TRIMMED_CURVE($,#2196,(#5089),(#5090),.T.,.CARTESIAN.);
#1981=TRIMMED_CURVE($,#2197,(#5094),(#5095),.T.,.CARTESIAN.);
#1982=TRIMMED_CURVE($,#2198,(#5099),(#5100),.T.,.CARTESIAN.);
#1983=TRIMMED_CURVE($,#2199,(#5102),(#5103),.T.,.CARTESIAN.);
#1984=TRIMMED_CURVE($,#2200,(#5105),(#5106),.T.,.CARTESIAN.);
#1985=TRIMMED_CURVE($,#2201,(#5110),(#5111),.T.,.CARTESIAN.);
#1986=TRIMMED_CURVE($,#2202,(#5115),(#5116),.T.,.CARTESIAN.);
#1987=TRIMMED_CURVE($,#2203,(#5118),(#5119),.T.,.CARTESIAN.);
#1988=TRIMMED_CURVE($,#2204,(#5121),(#5122),.T.,.CARTESIAN.);
#1989=TRIMMED_CURVE($,#2205,(#5126),(#5127),.T.,.CARTESIAN.);
#1990=TRIMMED_CURVE($,#2206,(#5131),(#5132),.T.,.CARTESIAN.);
#1991=TRIMMED_CURVE($,#2207,(#5134),(#5135),.T.,.CARTESIAN.);
#1992=TRIMMED_CURVE($,#2208,(#5137),(#5138),.T.,.CARTESIAN.);
#1993=TRIMMED_CURVE($,#2209,(#5142),(#5143),.T.,.CARTESIAN.);
#1994=TRIMMED_CURVE($,#2210,(#5147),(#5148),.T.,.CARTESIAN.);
#1995=TRIMMED_CURVE($,#2211,(#5150),(#5151),.T.,.CARTESIAN.);
#1996=TRIMMED_CURVE($,#2212,(#5153),(#5154),.T.,.CARTESIAN.);
#1997=TRIMMED_CURVE($,#2213,(#5158),(#5159),.T.,.CARTESIAN.);
#1998=TRIMMED_CURVE($,#2214,(#5163),(#5164),.T.,.CARTESIAN.);
#1999=TRIMMED_CURVE($,#2215,(#5166),(#5167),.T.,.CARTESIAN.);
#2000=TRIMMED_CURVE($,#2216,(#5169),(#5170),.T.,.CARTESIAN.);
#2001=TRIMMED_CURVE($,#2217,(#5174),(#5175),.T.,.CARTESIAN.);
#2002=TRIMMED_CURVE($,#2218,(#5179),(#5180),.T.,.CARTESIAN.);
#2003=TRIMMED_CURVE($,#2219,(#5182),(#5183),.T.,.CARTESIAN.);
#2004=TRIMMED_CURVE($,#2220,(#5185),(#5186),.T.,.CARTESIAN.);
#2005=TRIMMED_CURVE($,#2221,(#5190),(#5191),.T.,.CARTESIAN.);
#2006=TRIMMED_CURVE($,#2222,(#5195),(#5196),.T.,.CARTESIAN.);
#2007=TRIMMED_CURVE($,#2223,(#5198),(#5199),.T.,.CARTESIAN.);
#2008=TRIMMED_CURVE($,#2224,(#5201),(#5202),.T.,.CARTESIAN.);
#2009=TRIMMED_CURVE($,#2225,(#5206),(#5207),.T.,.CARTESIAN.);
#2010=TRIMMED_CURVE($,#2226,(#5211),(#5212),.T.,.CARTESIAN.);
#2011=TRIMMED_CURVE($,#2227,(#5214),(#5215),.T.,.CARTESIAN.);
#2012=TRIMMED_CURVE($,#2228,(#5217),(#5218),.T.,.CARTESIAN.);
#2013=TRIMMED_CURVE($,#2229,(#5222),(#5223),.T.,.CARTESIAN.);
#2014=TRIMMED_CURVE($,#2230,(#5227),(#5228),.T.,.CARTESIAN.);
#2015=TRIMMED_CURVE($,#2231,(#5230),(#5231),.T.,.CARTESIAN.);
#2016=TRIMMED_CURVE($,#2232,(#5233),(#5234),.T.,.CARTESIAN.);
#2017=TRIMMED_CURVE($,#2233,(#5238),(#5239),.T.,.CARTESIAN.);
#2018=TRIMMED_CURVE($,#2234,(#5243),(#5244),.T.,.CARTESIAN.);
#2019=TRIMMED_CURVE($,#2235,(#5246),(#5247),.T.,.CARTESIAN.);
#2020=TRIMMED_CURVE($,#2236,(#5249),(#5250),.T.,.CARTESIAN.);
#2021=TRIMMED_CURVE($,#2237,(#5254),(#5255),.T.,.CARTESIAN.);
#2022=TRIMMED_CURVE($,#2238,(#5259),(#5260),.T.,.CARTESIAN.);
#2023=TRIMMED_CURVE($,#2239,(#5264),(#5265),.T.,.CARTESIAN.);
#2024=TRIMMED_CURVE($,#2240,(#5269),(#5270),.T.,.CARTESIAN.);
#2025=TRIMMED_CURVE($,#2241,(#5272),(#5273),.T.,.CARTESIAN.);
#2026=TRIMMED_CURVE($,#2242,(#5275),(#5276),.T.,.CARTESIAN.);
#2027=TRIMMED_CURVE($,#2243,(#5278),(#5279),.T.,.CARTESIAN.);
#2028=CIRCLE('',#2996,1.34999999999999);
#2029=CIRCLE('',#2997,1.34999999999999);
#2030=CIRCLE('',#2998,1.34999999999999);
#2031=CIRCLE('',#2999,1.34999999999999);
#2032=CIRCLE('',#3000,1.34999999999999);
#2033=CIRCLE('',#3001,1.34999999999999);
#2034=CIRCLE('',#3002,1.34999999999999);
#2035=CIRCLE('',#3003,1.34999999999999);
#2036=CIRCLE('',#3004,1.35);
#2037=CIRCLE('',#3005,1.35);
#2038=CIRCLE('',#3006,1.34999999999999);
#2039=CIRCLE('',#3007,1.35);
#2040=CIRCLE('',#3008,1.35);
#2041=CIRCLE('',#3009,1.35);
#2042=CIRCLE('',#3010,1.35);
#2043=CIRCLE('',#3011,1.35);
#2044=CIRCLE('',#3012,1.35);
#2045=CIRCLE('',#3013,1.35);
#2046=CIRCLE('',#3014,1.35);
#2047=CIRCLE('',#3015,1.35);
#2048=CIRCLE('',#3016,1.35);
#2049=CIRCLE('',#3017,1.35);
#2050=CIRCLE('',#3018,1.35000000000001);
#2051=CIRCLE('',#3019,1.35);
#2052=CIRCLE('',#3020,1.35);
#2053=CIRCLE('',#3021,1.35);
#2054=CIRCLE('',#3022,1.35);
#2055=CIRCLE('',#3023,1.35);
#2056=CIRCLE('',#3024,1.34999999999999);
#2057=CIRCLE('',#3025,1.34999999999999);
#2058=CIRCLE('',#3026,1.34999999999999);
#2059=CIRCLE('',#3027,1.34999999999999);
#2060=CIRCLE('',#3028,1.35);
#2061=CIRCLE('',#3029,1.35);
#2062=CIRCLE('',#3030,1.35);
#2063=CIRCLE('',#3031,1.35);
#2064=CIRCLE('',#3032,1.35);
#2065=CIRCLE('',#3033,1.35);
#2066=CIRCLE('',#3034,1.35);
#2067=CIRCLE('',#3035,1.35);
#2068=CIRCLE('',#3036,2.);
#2069=CIRCLE('',#3037,2.);
#2070=CIRCLE('',#3038,2.);
#2071=CIRCLE('',#3039,2.);
#2072=CIRCLE('',#3040,6.25);
#2073=CIRCLE('',#3041,6.25);
#2074=CIRCLE('',#3042,6.25);
#2075=CIRCLE('',#3043,6.25);
#2076=CIRCLE('',#3044,2.00000000000001);
#2077=CIRCLE('',#3045,2.00000000000001);
#2078=CIRCLE('',#3046,2.);
#2079=CIRCLE('',#3047,2.);
#2080=CIRCLE('',#3048,2.);
#2081=CIRCLE('',#3049,2.);
#2082=CIRCLE('',#3050,2.);
#2083=CIRCLE('',#3051,2.);
#2084=CIRCLE('',#3052,2.);
#2085=CIRCLE('',#3053,2.);
#2086=CIRCLE('',#3054,2.00000000000907);
#2087=CIRCLE('',#3055,2.0000000000091);
#2088=CIRCLE('',#3056,2.00000000000923);
#2089=CIRCLE('',#3057,2.00000000000912);
#2090=CIRCLE('',#3058,2.00000000000917);
#2091=CIRCLE('',#3059,2.00000000000922);
#2092=CIRCLE('',#3060,2.00000000000917);
#2093=CIRCLE('',#3061,2.00000000000919);
#2094=CIRCLE('',#3062,6.25);
#2095=CIRCLE('',#3063,6.25);
#2096=CIRCLE('',#3064,6.25);
#2097=CIRCLE('',#3065,6.25);
#2098=CIRCLE('',#3066,1.6);
#2099=CIRCLE('',#3067,1.6);
#2100=CIRCLE('',#3068,1.6);
#2101=CIRCLE('',#3069,1.6);
#2102=CIRCLE('',#3070,1.6);
#2103=CIRCLE('',#3071,1.6);
#2104=CIRCLE('',#3072,1.6);
#2105=CIRCLE('',#3073,1.6);
#2106=CIRCLE('',#3074,1.6);
#2107=CIRCLE('',#3075,1.6);
#2108=CIRCLE('',#3076,1.6);
#2109=CIRCLE('',#3077,1.6);
#2110=CIRCLE('',#3078,1.6);
#2111=CIRCLE('',#3079,1.6);
#2112=CIRCLE('',#3080,1.6);
#2113=CIRCLE('',#3081,1.6);
#2114=CIRCLE('',#3082,1.6);
#2115=CIRCLE('',#3083,1.59999999999999);
#2116=CIRCLE('',#3084,1.6);
#2117=CIRCLE('',#3085,1.6);
#2118=CIRCLE('',#3086,1.6);
#2119=CIRCLE('',#3087,1.6);
#2120=CIRCLE('',#3088,1.6);
#2121=CIRCLE('',#3089,1.6);
#2122=CIRCLE('',#3090,1.6);
#2123=CIRCLE('',#3091,1.6);
#2124=CIRCLE('',#3092,1.6);
#2125=CIRCLE('',#3093,1.6);
#2126=CIRCLE('',#3094,1.6);
#2127=CIRCLE('',#3095,1.6);
#2128=CIRCLE('',#3096,1.6);
#2129=CIRCLE('',#3097,1.6);
#2130=CIRCLE('',#3098,2.);
#2131=CIRCLE('',#3099,2.);
#2132=CIRCLE('',#3166,1.35);
#2133=CIRCLE('',#3167,1.35);
#2134=CIRCLE('',#3168,1.35);
#2135=CIRCLE('',#3169,1.35);
#2136=CIRCLE('',#3170,1.35);
#2137=CIRCLE('',#3171,1.35);
#2138=CIRCLE('',#3172,1.35);
#2139=CIRCLE('',#3173,1.35);
#2140=CIRCLE('',#3174,1.35);
#2141=CIRCLE('',#3175,1.35);
#2142=CIRCLE('',#3176,1.35);
#2143=CIRCLE('',#3177,1.35);
#2144=CIRCLE('',#3178,1.35);
#2145=CIRCLE('',#3179,1.35);
#2146=CIRCLE('',#3180,1.35);
#2147=CIRCLE('',#3181,1.35);
#2148=CIRCLE('',#3182,1.35);
#2149=CIRCLE('',#3183,1.35);
#2150=CIRCLE('',#3184,1.35);
#2151=CIRCLE('',#3185,1.35);
#2152=CIRCLE('',#3186,1.35);
#2153=CIRCLE('',#3187,1.35);
#2154=CIRCLE('',#3188,1.35);
#2155=CIRCLE('',#3189,1.35);
#2156=CIRCLE('',#3190,1.35);
#2157=CIRCLE('',#3191,1.35);
#2158=CIRCLE('',#3192,1.35);
#2159=CIRCLE('',#3193,1.35);
#2160=CIRCLE('',#3194,1.35);
#2161=CIRCLE('',#3195,1.35);
#2162=CIRCLE('',#3196,1.35);
#2163=CIRCLE('',#3197,1.35);
#2164=CIRCLE('',#3198,1.35);
#2165=CIRCLE('',#3199,1.35);
#2166=CIRCLE('',#3200,1.35);
#2167=CIRCLE('',#3201,1.35);
#2168=CIRCLE('',#3202,1.35);
#2169=CIRCLE('',#3203,1.35);
#2170=CIRCLE('',#3204,1.35);
#2171=CIRCLE('',#3205,1.35);
#2172=CIRCLE('',#3206,1.35);
#2173=CIRCLE('',#3207,1.35);
#2174=CIRCLE('',#3208,1.35);
#2175=CIRCLE('',#3209,1.35);
#2176=CIRCLE('',#3210,1.35);
#2177=CIRCLE('',#3211,1.35);
#2178=CIRCLE('',#3212,1.35);
#2179=CIRCLE('',#3213,1.35);
#2180=CIRCLE('',#3214,1.35);
#2181=CIRCLE('',#3215,1.35);
#2182=CIRCLE('',#3216,1.35);
#2183=CIRCLE('',#3217,1.35);
#2184=CIRCLE('',#3218,1.35);
#2185=CIRCLE('',#3219,1.35);
#2186=CIRCLE('',#3220,1.35);
#2187=CIRCLE('',#3221,1.35);
#2188=CIRCLE('',#3222,2.5);
#2189=CIRCLE('',#3223,2.5);
#2190=CIRCLE('',#3224,2.5);
#2191=CIRCLE('',#3225,2.5);
#2192=CIRCLE('',#3226,2.5);
#2193=CIRCLE('',#3227,2.5);
#2194=CIRCLE('',#3228,2.5);
#2195=CIRCLE('',#3229,2.5);
#2196=CIRCLE('',#3230,2.);
#2197=CIRCLE('',#3231,2.00000000000001);
#2198=CIRCLE('',#3232,2.00000000000001);
#2199=CIRCLE('',#3233,2.);
#2200=CIRCLE('',#3234,6.25);
#2201=CIRCLE('',#3235,6.25);
#2202=CIRCLE('',#3236,6.25);
#2203=CIRCLE('',#3237,6.25);
#2204=CIRCLE('',#3238,1.6);
#2205=CIRCLE('',#3239,1.6);
#2206=CIRCLE('',#3240,1.6);
#2207=CIRCLE('',#3241,1.6);
#2208=CIRCLE('',#3242,1.6);
#2209=CIRCLE('',#3243,1.6);
#2210=CIRCLE('',#3244,1.6);
#2211=CIRCLE('',#3245,1.6);
#2212=CIRCLE('',#3246,1.6);
#2213=CIRCLE('',#3247,1.6);
#2214=CIRCLE('',#3248,1.6);
#2215=CIRCLE('',#3249,1.6);
#2216=CIRCLE('',#3250,1.6);
#2217=CIRCLE('',#3251,1.6);
#2218=CIRCLE('',#3252,1.6);
#2219=CIRCLE('',#3253,1.6);
#2220=CIRCLE('',#3254,1.6);
#2221=CIRCLE('',#3255,1.6);
#2222=CIRCLE('',#3256,1.6);
#2223=CIRCLE('',#3257,1.6);
#2224=CIRCLE('',#3258,1.6);
#2225=CIRCLE('',#3259,1.6);
#2226=CIRCLE('',#3260,1.6);
#2227=CIRCLE('',#3261,1.6);
#2228=CIRCLE('',#3262,1.6);
#2229=CIRCLE('',#3263,1.6);
#2230=CIRCLE('',#3264,1.6);
#2231=CIRCLE('',#3265,1.6);
#2232=CIRCLE('',#3266,1.6);
#2233=CIRCLE('',#3267,1.6);
#2234=CIRCLE('',#3268,1.6);
#2235=CIRCLE('',#3269,1.6);
#2236=CIRCLE('',#3270,6.25);
#2237=CIRCLE('',#3271,6.25);
#2238=CIRCLE('',#3272,6.25);
#2239=CIRCLE('',#3273,6.25);
#2240=CIRCLE('',#3274,6.25);
#2241=CIRCLE('',#3275,6.25);
#2242=CIRCLE('',#3276,6.25);
#2243=CIRCLE('',#3277,6.25);
#2244=B_SPLINE_CURVE_WITH_KNOTS('',1,(#4066,#4067),.UNSPECIFIED.,.F.,.F.,
(2,2),(0.,3.),.UNSPECIFIED.);
#2245=B_SPLINE_CURVE_WITH_KNOTS('',1,(#4068,#4069),.UNSPECIFIED.,.F.,.F.,
(2,2),(0.,3.),.UNSPECIFIED.);
#2246=B_SPLINE_CURVE_WITH_KNOTS('',1,(#4070,#4071),.UNSPECIFIED.,.F.,.F.,
(2,2),(0.,4.75),.UNSPECIFIED.);
#2247=B_SPLINE_CURVE_WITH_KNOTS('',1,(#4072,#4073),.UNSPECIFIED.,.F.,.F.,
(2,2),(0.,29.67157287525),.UNSPECIFIED.);
#2248=B_SPLINE_CURVE_WITH_KNOTS('',1,(#4074,#4075),.UNSPECIFIED.,.F.,.F.,
(2,2),(0.,30.),.UNSPECIFIED.);
#2249=B_SPLINE_CURVE_WITH_KNOTS('',1,(#4076,#4077),.UNSPECIFIED.,.F.,.F.,
(2,2),(0.,29.67157287525),.UNSPECIFIED.);
#2250=B_SPLINE_CURVE_WITH_KNOTS('',1,(#4078,#4079),.UNSPECIFIED.,.F.,.F.,
(2,2),(0.,4.75),.UNSPECIFIED.);
#2251=B_SPLINE_CURVE_WITH_KNOTS('',1,(#4083,#4084),.UNSPECIFIED.,.F.,.F.,
(2,2),(0.,2.),.UNSPECIFIED.);
#2252=B_SPLINE_CURVE_WITH_KNOTS('',1,(#4088,#4089),.UNSPECIFIED.,.F.,.F.,
(2,2),(0.,2.),.UNSPECIFIED.);
#2253=B_SPLINE_CURVE_WITH_KNOTS('',1,(#4093,#4094),.UNSPECIFIED.,.F.,.F.,
(2,2),(0.,2.),.UNSPECIFIED.);
#2254=B_SPLINE_CURVE_WITH_KNOTS('',1,(#4098,#4099),.UNSPECIFIED.,.F.,.F.,
(2,2),(0.,2.),.UNSPECIFIED.);
#2255=B_SPLINE_CURVE_WITH_KNOTS('',1,(#4112,#4113),.UNSPECIFIED.,.F.,.F.,
(2,2),(-4.75,0.),.UNSPECIFIED.);
#2256=B_SPLINE_CURVE_WITH_KNOTS('',1,(#4114,#4115),.UNSPECIFIED.,.F.,.F.,
(2,2),(-29.67157287525,0.),.UNSPECIFIED.);
#2257=B_SPLINE_CURVE_WITH_KNOTS('',1,(#4116,#4117),.UNSPECIFIED.,.F.,.F.,
(2,2),(-30.,0.),.UNSPECIFIED.);
#2258=B_SPLINE_CURVE_WITH_KNOTS('',1,(#4118,#4119),.UNSPECIFIED.,.F.,.F.,
(2,2),(-29.67157287525,0.),.UNSPECIFIED.);
#2259=B_SPLINE_CURVE_WITH_KNOTS('',1,(#4120,#4121),.UNSPECIFIED.,.F.,.F.,
(2,2),(-4.75,0.),.UNSPECIFIED.);
#2260=B_SPLINE_CURVE_WITH_KNOTS('',1,(#4122,#4123),.UNSPECIFIED.,.F.,.F.,
(2,2),(-3.,0.),.UNSPECIFIED.);
#2261=B_SPLINE_CURVE_WITH_KNOTS('',1,(#4124,#4125),.UNSPECIFIED.,.F.,.F.,
(2,2),(-3.,0.),.UNSPECIFIED.);
#2262=B_SPLINE_CURVE_WITH_KNOTS('',1,(#4129,#4130),.UNSPECIFIED.,.F.,.F.,
(2,2),(0.,2.),.UNSPECIFIED.);
#2263=B_SPLINE_CURVE_WITH_KNOTS('',1,(#4134,#4135),.UNSPECIFIED.,.F.,.F.,
(2,2),(0.,2.),.UNSPECIFIED.);
#2264=B_SPLINE_CURVE_WITH_KNOTS('',1,(#4139,#4140),.UNSPECIFIED.,.F.,.F.,
(2,2),(0.,2.),.UNSPECIFIED.);
#2265=B_SPLINE_CURVE_WITH_KNOTS('',1,(#4144,#4145),.UNSPECIFIED.,.F.,.F.,
(2,2),(0.,2.),.UNSPECIFIED.);
#2266=B_SPLINE_CURVE_WITH_KNOTS('',1,(#4158,#4159),.UNSPECIFIED.,.F.,.F.,
(2,2),(-4.75,0.),.UNSPECIFIED.);
#2267=B_SPLINE_CURVE_WITH_KNOTS('',1,(#4160,#4161),.UNSPECIFIED.,.F.,.F.,
(2,2),(-29.67157287525,0.),.UNSPECIFIED.);
#2268=B_SPLINE_CURVE_WITH_KNOTS('',1,(#4162,#4163),.UNSPECIFIED.,.F.,.F.,
(2,2),(-30.,0.),.UNSPECIFIED.);
#2269=B_SPLINE_CURVE_WITH_KNOTS('',1,(#4164,#4165),.UNSPECIFIED.,.F.,.F.,
(2,2),(-29.67157287525,0.),.UNSPECIFIED.);
#2270=B_SPLINE_CURVE_WITH_KNOTS('',1,(#4166,#4167),.UNSPECIFIED.,.F.,.F.,
(2,2),(-4.75,0.),.UNSPECIFIED.);
#2271=B_SPLINE_CURVE_WITH_KNOTS('',1,(#4168,#4169),.UNSPECIFIED.,.F.,.F.,
(2,2),(-3.,0.),.UNSPECIFIED.);
#2272=B_SPLINE_CURVE_WITH_KNOTS('',1,(#4170,#4171),.UNSPECIFIED.,.F.,.F.,
(2,2),(-3.,0.),.UNSPECIFIED.);
#2273=B_SPLINE_CURVE_WITH_KNOTS('',1,(#4175,#4176),.UNSPECIFIED.,.F.,.F.,
(2,2),(0.,2.),.UNSPECIFIED.);
#2274=B_SPLINE_CURVE_WITH_KNOTS('',1,(#4180,#4181),.UNSPECIFIED.,.F.,.F.,
(2,2),(0.,2.),.UNSPECIFIED.);
#2275=B_SPLINE_CURVE_WITH_KNOTS('',1,(#4185,#4186),.UNSPECIFIED.,.F.,.F.,
(2,2),(0.,2.),.UNSPECIFIED.);
#2276=B_SPLINE_CURVE_WITH_KNOTS('',1,(#4190,#4191),.UNSPECIFIED.,.F.,.F.,
(2,2),(0.,2.),.UNSPECIFIED.);
#2277=B_SPLINE_CURVE_WITH_KNOTS('',1,(#4204,#4205),.UNSPECIFIED.,.F.,.F.,
(2,2),(0.,3.),.UNSPECIFIED.);
#2278=B_SPLINE_CURVE_WITH_KNOTS('',1,(#4206,#4207),.UNSPECIFIED.,.F.,.F.,
(2,2),(0.,3.),.UNSPECIFIED.);
#2279=B_SPLINE_CURVE_WITH_KNOTS('',1,(#4208,#4209),.UNSPECIFIED.,.F.,.F.,
(2,2),(0.,4.75),.UNSPECIFIED.);
#2280=B_SPLINE_CURVE_WITH_KNOTS('',1,(#4210,#4211),.UNSPECIFIED.,.F.,.F.,
(2,2),(0.,29.67157287525),.UNSPECIFIED.);
#2281=B_SPLINE_CURVE_WITH_KNOTS('',1,(#4212,#4213),.UNSPECIFIED.,.F.,.F.,
(2,2),(0.,30.),.UNSPECIFIED.);
#2282=B_SPLINE_CURVE_WITH_KNOTS('',1,(#4214,#4215),.UNSPECIFIED.,.F.,.F.,
(2,2),(0.,29.67157287525),.UNSPECIFIED.);
#2283=B_SPLINE_CURVE_WITH_KNOTS('',1,(#4216,#4217),.UNSPECIFIED.,.F.,.F.,
(2,2),(0.,4.75),.UNSPECIFIED.);
#2284=B_SPLINE_CURVE_WITH_KNOTS('',1,(#4221,#4222),.UNSPECIFIED.,.F.,.F.,
(2,2),(0.,2.),.UNSPECIFIED.);
#2285=B_SPLINE_CURVE_WITH_KNOTS('',1,(#4226,#4227),.UNSPECIFIED.,.F.,.F.,
(2,2),(0.,2.),.UNSPECIFIED.);
#2286=B_SPLINE_CURVE_WITH_KNOTS('',1,(#4231,#4232),.UNSPECIFIED.,.F.,.F.,
(2,2),(0.,2.),.UNSPECIFIED.);
#2287=B_SPLINE_CURVE_WITH_KNOTS('',1,(#4236,#4237),.UNSPECIFIED.,.F.,.F.,
(2,2),(0.,2.),.UNSPECIFIED.);
#2288=B_SPLINE_CURVE_WITH_KNOTS('',1,(#4253,#4254),.UNSPECIFIED.,.F.,.F.,
(2,2),(0.,2.),.UNSPECIFIED.);
#2289=B_SPLINE_CURVE_WITH_KNOTS('',1,(#4258,#4259),.UNSPECIFIED.,.F.,.F.,
(2,2),(0.,2.),.UNSPECIFIED.);
#2290=B_SPLINE_CURVE_WITH_KNOTS('',1,(#4263,#4264),.UNSPECIFIED.,.F.,.F.,
(2,2),(0.,2.),.UNSPECIFIED.);
#2291=B_SPLINE_CURVE_WITH_KNOTS('',1,(#4268,#4269),.UNSPECIFIED.,.F.,.F.,
(2,2),(0.,2.),.UNSPECIFIED.);
#2292=B_SPLINE_CURVE_WITH_KNOTS('',1,(#4285,#4286),.UNSPECIFIED.,.F.,.F.,
(2,2),(-2.,0.),.UNSPECIFIED.);
#2293=B_SPLINE_CURVE_WITH_KNOTS('',1,(#4290,#4291),.UNSPECIFIED.,.F.,.F.,
(2,2),(-2.,0.),.UNSPECIFIED.);
#2294=B_SPLINE_CURVE_WITH_KNOTS('',1,(#4292,#4293),.UNSPECIFIED.,.F.,.F.,
(2,2),(0.,2.),.UNSPECIFIED.);
#2295=B_SPLINE_CURVE_WITH_KNOTS('',1,(#4294,#4295),.UNSPECIFIED.,.F.,.F.,
(2,2),(0.,2.),.UNSPECIFIED.);
#2296=B_SPLINE_CURVE_WITH_KNOTS('',1,(#4296,#4297),.UNSPECIFIED.,.F.,.F.,
(2,2),(0.,2.),.UNSPECIFIED.);
#2297=B_SPLINE_CURVE_WITH_KNOTS('',1,(#4298,#4299),.UNSPECIFIED.,.F.,.F.,
(2,2),(0.,2.),.UNSPECIFIED.);
#2298=B_SPLINE_CURVE_WITH_KNOTS('',1,(#4300,#4301),.UNSPECIFIED.,.F.,.F.,
(2,2),(0.,2.),.UNSPECIFIED.);
#2299=B_SPLINE_CURVE_WITH_KNOTS('',1,(#4302,#4303),.UNSPECIFIED.,.F.,.F.,
(2,2),(0.,2.),.UNSPECIFIED.);
#2300=B_SPLINE_CURVE_WITH_KNOTS('',1,(#4304,#4305),.UNSPECIFIED.,.F.,.F.,
(2,2),(0.,2.),.UNSPECIFIED.);
#2301=B_SPLINE_CURVE_WITH_KNOTS('',1,(#4312,#4313),.UNSPECIFIED.,.F.,.F.,
(2,2),(-2.,0.),.UNSPECIFIED.);
#2302=B_SPLINE_CURVE_WITH_KNOTS('',1,(#4314,#4315),.UNSPECIFIED.,.F.,.F.,
(2,2),(0.,2.),.UNSPECIFIED.);
#2303=B_SPLINE_CURVE_WITH_KNOTS('',1,(#4316,#4317),.UNSPECIFIED.,.F.,.F.,
(2,2),(0.,2.),.UNSPECIFIED.);
#2304=B_SPLINE_CURVE_WITH_KNOTS('',1,(#4321,#4322),.UNSPECIFIED.,.F.,.F.,
(2,2),(0.,2.),.UNSPECIFIED.);
#2305=B_SPLINE_CURVE_WITH_KNOTS('',1,(#4329,#4330),.UNSPECIFIED.,.F.,.F.,
(2,2),(0.,2.),.UNSPECIFIED.);
#2306=B_SPLINE_CURVE_WITH_KNOTS('',1,(#4334,#4335),.UNSPECIFIED.,.F.,.F.,
(2,2),(0.,2.),.UNSPECIFIED.);
#2307=B_SPLINE_CURVE_WITH_KNOTS('',1,(#4336,#4337),.UNSPECIFIED.,.F.,.F.,
(2,2),(0.,2.),.UNSPECIFIED.);
#2308=B_SPLINE_CURVE_WITH_KNOTS('',1,(#4353,#4354),.UNSPECIFIED.,.F.,.F.,
(2,2),(-2.,0.),.UNSPECIFIED.);
#2309=B_SPLINE_CURVE_WITH_KNOTS('',1,(#4358,#4359),.UNSPECIFIED.,.F.,.F.,
(2,2),(-2.,0.),.UNSPECIFIED.);
#2310=B_SPLINE_CURVE_WITH_KNOTS('',1,(#4360,#4361),.UNSPECIFIED.,.F.,.F.,
(2,2),(-48.8431457505,0.),.UNSPECIFIED.);
#2311=B_SPLINE_CURVE_WITH_KNOTS('',1,(#4362,#4363),.UNSPECIFIED.,.F.,.F.,
(2,2),(-48.8431457505,0.),.UNSPECIFIED.);
#2312=B_SPLINE_CURVE_WITH_KNOTS('',1,(#4370,#4371),.UNSPECIFIED.,.F.,.F.,
(2,2),(0.,8.94974746831122),.UNSPECIFIED.);
#2313=B_SPLINE_CURVE_WITH_KNOTS('',1,(#4372,#4373),.UNSPECIFIED.,.F.,.F.,
(2,2),(0.,30.),.UNSPECIFIED.);
#2314=B_SPLINE_CURVE_WITH_KNOTS('',1,(#4374,#4375),.UNSPECIFIED.,.F.,.F.,
(2,2),(0.,8.94974746831122),.UNSPECIFIED.);
#2315=B_SPLINE_CURVE_WITH_KNOTS('',1,(#4376,#4377),.UNSPECIFIED.,.F.,.F.,
(2,2),(-2.,0.),.UNSPECIFIED.);
#2316=B_SPLINE_CURVE_WITH_KNOTS('',1,(#4378,#4379),.UNSPECIFIED.,.F.,.F.,
(2,2),(-48.8431457505,0.),.UNSPECIFIED.);
#2317=B_SPLINE_CURVE_WITH_KNOTS('',1,(#4380,#4381),.UNSPECIFIED.,.F.,.F.,
(2,2),(-2.,0.),.UNSPECIFIED.);
#2318=B_SPLINE_CURVE_WITH_KNOTS('',1,(#4382,#4383),.UNSPECIFIED.,.F.,.F.,
(2,2),(-48.8431457505,0.),.UNSPECIFIED.);
#2319=B_SPLINE_CURVE_WITH_KNOTS('',1,(#4393,#4394),.UNSPECIFIED.,.F.,.F.,
(2,2),(-30.,0.),.UNSPECIFIED.);
#2320=B_SPLINE_CURVE_WITH_KNOTS('',1,(#4398,#4399),.UNSPECIFIED.,.F.,.F.,
(2,2),(0.,8.94974746829708),.UNSPECIFIED.);
#2321=B_SPLINE_CURVE_WITH_KNOTS('',1,(#4400,#4401),.UNSPECIFIED.,.F.,.F.,
(2,2),(-30.,0.),.UNSPECIFIED.);
#2322=B_SPLINE_CURVE_WITH_KNOTS('',1,(#4402,#4403),.UNSPECIFIED.,.F.,.F.,
(2,2),(0.,8.94974746829708),.UNSPECIFIED.);
#2323=B_SPLINE_CURVE_WITH_KNOTS('',1,(#4410,#4411),.UNSPECIFIED.,.F.,.F.,
(2,2),(-30.,0.),.UNSPECIFIED.);
#2324=B_SPLINE_CURVE_WITH_KNOTS('',1,(#4415,#4416),.UNSPECIFIED.,.F.,.F.,
(2,2),(-30.,0.),.UNSPECIFIED.);
#2325=B_SPLINE_CURVE_WITH_KNOTS('',1,(#4420,#4421),.UNSPECIFIED.,.F.,.F.,
(2,2),(-30.,0.),.UNSPECIFIED.);
#2326=B_SPLINE_CURVE_WITH_KNOTS('',1,(#4422,#4423),.UNSPECIFIED.,.F.,.F.,
(2,2),(0.,8.94974746829708),.UNSPECIFIED.);
#2327=B_SPLINE_CURVE_WITH_KNOTS('',1,(#4424,#4425),.UNSPECIFIED.,.F.,.F.,
(2,2),(0.,8.94974746829708),.UNSPECIFIED.);
#2328=B_SPLINE_CURVE_WITH_KNOTS('',1,(#4429,#4430),.UNSPECIFIED.,.F.,.F.,
(2,2),(-30.,0.),.UNSPECIFIED.);
#2329=B_SPLINE_CURVE_WITH_KNOTS('',1,(#4437,#4438),.UNSPECIFIED.,.F.,.F.,
(2,2),(0.,2.),.UNSPECIFIED.);
#2330=B_SPLINE_CURVE_WITH_KNOTS('',1,(#4442,#4443),.UNSPECIFIED.,.F.,.F.,
(2,2),(0.,2.),.UNSPECIFIED.);
#2331=B_SPLINE_CURVE_WITH_KNOTS('',1,(#4450,#4451),.UNSPECIFIED.,.F.,.F.,
(2,2),(0.,30.),.UNSPECIFIED.);
#2332=B_SPLINE_CURVE_WITH_KNOTS('',1,(#4452,#4453),.UNSPECIFIED.,.F.,.F.,
(2,2),(0.,8.94974746831122),.UNSPECIFIED.);
#2333=B_SPLINE_CURVE_WITH_KNOTS('',1,(#4454,#4455),.UNSPECIFIED.,.F.,.F.,
(2,2),(0.,8.94974746831122),.UNSPECIFIED.);
#2334=B_SPLINE_CURVE_WITH_KNOTS('',1,(#4459,#4460),.UNSPECIFIED.,.F.,.F.,
(2,2),(0.,2.),.UNSPECIFIED.);
#2335=B_SPLINE_CURVE_WITH_KNOTS('',1,(#4464,#4465),.UNSPECIFIED.,.F.,.F.,
(2,2),(0.,2.),.UNSPECIFIED.);
#2336=B_SPLINE_CURVE_WITH_KNOTS('',1,(#4475,#4476),.UNSPECIFIED.,.F.,.F.,
(2,2),(0.,2.),.UNSPECIFIED.);
#2337=B_SPLINE_CURVE_WITH_KNOTS('',1,(#4480,#4481),.UNSPECIFIED.,.F.,.F.,
(2,2),(0.,2.),.UNSPECIFIED.);
#2338=B_SPLINE_CURVE_WITH_KNOTS('',1,(#4491,#4492),.UNSPECIFIED.,.F.,.F.,
(2,2),(0.,2.),.UNSPECIFIED.);
#2339=B_SPLINE_CURVE_WITH_KNOTS('',1,(#4496,#4497),.UNSPECIFIED.,.F.,.F.,
(2,2),(0.,2.),.UNSPECIFIED.);
#2340=B_SPLINE_CURVE_WITH_KNOTS('',1,(#4507,#4508),.UNSPECIFIED.,.F.,.F.,
(2,2),(0.,2.),.UNSPECIFIED.);
#2341=B_SPLINE_CURVE_WITH_KNOTS('',1,(#4512,#4513),.UNSPECIFIED.,.F.,.F.,
(2,2),(0.,2.),.UNSPECIFIED.);
#2342=B_SPLINE_CURVE_WITH_KNOTS('',1,(#4523,#4524),.UNSPECIFIED.,.F.,.F.,
(2,2),(0.,2.),.UNSPECIFIED.);
#2343=B_SPLINE_CURVE_WITH_KNOTS('',1,(#4528,#4529),.UNSPECIFIED.,.F.,.F.,
(2,2),(0.,2.),.UNSPECIFIED.);
#2344=B_SPLINE_CURVE_WITH_KNOTS('',1,(#4539,#4540),.UNSPECIFIED.,.F.,.F.,
(2,2),(0.,2.),.UNSPECIFIED.);
#2345=B_SPLINE_CURVE_WITH_KNOTS('',1,(#4544,#4545),.UNSPECIFIED.,.F.,.F.,
(2,2),(0.,2.),.UNSPECIFIED.);
#2346=B_SPLINE_CURVE_WITH_KNOTS('',1,(#4555,#4556),.UNSPECIFIED.,.F.,.F.,
(2,2),(0.,2.),.UNSPECIFIED.);
#2347=B_SPLINE_CURVE_WITH_KNOTS('',1,(#4560,#4561),.UNSPECIFIED.,.F.,.F.,
(2,2),(0.,2.),.UNSPECIFIED.);
#2348=B_SPLINE_CURVE_WITH_KNOTS('',1,(#4571,#4572),.UNSPECIFIED.,.F.,.F.,
(2,2),(0.,2.),.UNSPECIFIED.);
#2349=B_SPLINE_CURVE_WITH_KNOTS('',1,(#4576,#4577),.UNSPECIFIED.,.F.,.F.,
(2,2),(0.,2.),.UNSPECIFIED.);
#2350=B_SPLINE_CURVE_WITH_KNOTS('',1,(#4784,#4785),.UNSPECIFIED.,.F.,.F.,
(2,2),(0.,25.),.UNSPECIFIED.);
#2351=B_SPLINE_CURVE_WITH_KNOTS('',1,(#4786,#4787),.UNSPECIFIED.,.F.,.F.,
(2,2),(0.,32.5),.UNSPECIFIED.);
#2352=B_SPLINE_CURVE_WITH_KNOTS('',1,(#4788,#4789),.UNSPECIFIED.,.F.,.F.,
(2,2),(0.,30.),.UNSPECIFIED.);
#2353=B_SPLINE_CURVE_WITH_KNOTS('',1,(#4790,#4791),.UNSPECIFIED.,.F.,.F.,
(2,2),(0.,32.5),.UNSPECIFIED.);
#2354=B_SPLINE_CURVE_WITH_KNOTS('',1,(#4795,#4796),.UNSPECIFIED.,.F.,.F.,
(2,2),(0.,2.),.UNSPECIFIED.);
#2355=B_SPLINE_CURVE_WITH_KNOTS('',1,(#4800,#4801),.UNSPECIFIED.,.F.,.F.,
(2,2),(0.,2.),.UNSPECIFIED.);
#2356=B_SPLINE_CURVE_WITH_KNOTS('',1,(#4805,#4806),.UNSPECIFIED.,.F.,.F.,
(2,2),(0.,2.),.UNSPECIFIED.);
#2357=B_SPLINE_CURVE_WITH_KNOTS('',1,(#4810,#4811),.UNSPECIFIED.,.F.,.F.,
(2,2),(0.,2.),.UNSPECIFIED.);
#2358=B_SPLINE_CURVE_WITH_KNOTS('',1,(#4824,#4825),.UNSPECIFIED.,.F.,.F.,
(2,2),(-32.5,0.),.UNSPECIFIED.);
#2359=B_SPLINE_CURVE_WITH_KNOTS('',1,(#4826,#4827),.UNSPECIFIED.,.F.,.F.,
(2,2),(-30.,0.),.UNSPECIFIED.);
#2360=B_SPLINE_CURVE_WITH_KNOTS('',1,(#4828,#4829),.UNSPECIFIED.,.F.,.F.,
(2,2),(-32.5,0.),.UNSPECIFIED.);
#2361=B_SPLINE_CURVE_WITH_KNOTS('',1,(#4830,#4831),.UNSPECIFIED.,.F.,.F.,
(2,2),(-25.,0.),.UNSPECIFIED.);
#2362=B_SPLINE_CURVE_WITH_KNOTS('',1,(#4835,#4836),.UNSPECIFIED.,.F.,.F.,
(2,2),(0.,2.),.UNSPECIFIED.);
#2363=B_SPLINE_CURVE_WITH_KNOTS('',1,(#4840,#4841),.UNSPECIFIED.,.F.,.F.,
(2,2),(0.,2.),.UNSPECIFIED.);
#2364=B_SPLINE_CURVE_WITH_KNOTS('',1,(#4845,#4846),.UNSPECIFIED.,.F.,.F.,
(2,2),(0.,2.),.UNSPECIFIED.);
#2365=B_SPLINE_CURVE_WITH_KNOTS('',1,(#4850,#4851),.UNSPECIFIED.,.F.,.F.,
(2,2),(0.,2.),.UNSPECIFIED.);
#2366=B_SPLINE_CURVE_WITH_KNOTS('',1,(#4864,#4865),.UNSPECIFIED.,.F.,.F.,
(2,2),(-32.5,0.),.UNSPECIFIED.);
#2367=B_SPLINE_CURVE_WITH_KNOTS('',1,(#4866,#4867),.UNSPECIFIED.,.F.,.F.,
(2,2),(-30.,0.),.UNSPECIFIED.);
#2368=B_SPLINE_CURVE_WITH_KNOTS('',1,(#4868,#4869),.UNSPECIFIED.,.F.,.F.,
(2,2),(-32.5,0.),.UNSPECIFIED.);
#2369=B_SPLINE_CURVE_WITH_KNOTS('',1,(#4870,#4871),.UNSPECIFIED.,.F.,.F.,
(2,2),(-25.,0.),.UNSPECIFIED.);
#2370=B_SPLINE_CURVE_WITH_KNOTS('',1,(#4875,#4876),.UNSPECIFIED.,.F.,.F.,
(2,2),(0.,2.),.UNSPECIFIED.);
#2371=B_SPLINE_CURVE_WITH_KNOTS('',1,(#4880,#4881),.UNSPECIFIED.,.F.,.F.,
(2,2),(0.,2.),.UNSPECIFIED.);
#2372=B_SPLINE_CURVE_WITH_KNOTS('',1,(#4885,#4886),.UNSPECIFIED.,.F.,.F.,
(2,2),(0.,2.),.UNSPECIFIED.);
#2373=B_SPLINE_CURVE_WITH_KNOTS('',1,(#4890,#4891),.UNSPECIFIED.,.F.,.F.,
(2,2),(0.,2.),.UNSPECIFIED.);
#2374=B_SPLINE_CURVE_WITH_KNOTS('',1,(#4904,#4905),.UNSPECIFIED.,.F.,.F.,
(2,2),(0.,25.),.UNSPECIFIED.);
#2375=B_SPLINE_CURVE_WITH_KNOTS('',1,(#4906,#4907),.UNSPECIFIED.,.F.,.F.,
(2,2),(0.,32.5),.UNSPECIFIED.);
#2376=B_SPLINE_CURVE_WITH_KNOTS('',1,(#4908,#4909),.UNSPECIFIED.,.F.,.F.,
(2,2),(0.,30.),.UNSPECIFIED.);
#2377=B_SPLINE_CURVE_WITH_KNOTS('',1,(#4910,#4911),.UNSPECIFIED.,.F.,.F.,
(2,2),(0.,32.5),.UNSPECIFIED.);
#2378=B_SPLINE_CURVE_WITH_KNOTS('',1,(#4915,#4916),.UNSPECIFIED.,.F.,.F.,
(2,2),(0.,2.),.UNSPECIFIED.);
#2379=B_SPLINE_CURVE_WITH_KNOTS('',1,(#4920,#4921),.UNSPECIFIED.,.F.,.F.,
(2,2),(0.,2.),.UNSPECIFIED.);
#2380=B_SPLINE_CURVE_WITH_KNOTS('',1,(#4925,#4926),.UNSPECIFIED.,.F.,.F.,
(2,2),(0.,2.),.UNSPECIFIED.);
#2381=B_SPLINE_CURVE_WITH_KNOTS('',1,(#4930,#4931),.UNSPECIFIED.,.F.,.F.,
(2,2),(0.,2.),.UNSPECIFIED.);
#2382=B_SPLINE_CURVE_WITH_KNOTS('',1,(#4947,#4948),.UNSPECIFIED.,.F.,.F.,
(2,2),(0.,2.),.UNSPECIFIED.);
#2383=B_SPLINE_CURVE_WITH_KNOTS('',1,(#4952,#4953),.UNSPECIFIED.,.F.,.F.,
(2,2),(0.,2.),.UNSPECIFIED.);
#2384=B_SPLINE_CURVE_WITH_KNOTS('',1,(#4957,#4958),.UNSPECIFIED.,.F.,.F.,
(2,2),(0.,2.),.UNSPECIFIED.);
#2385=B_SPLINE_CURVE_WITH_KNOTS('',1,(#4962,#4963),.UNSPECIFIED.,.F.,.F.,
(2,2),(0.,2.),.UNSPECIFIED.);
#2386=B_SPLINE_CURVE_WITH_KNOTS('',1,(#4979,#4980),.UNSPECIFIED.,.F.,.F.,
(2,2),(0.,2.),.UNSPECIFIED.);
#2387=B_SPLINE_CURVE_WITH_KNOTS('',1,(#4984,#4985),.UNSPECIFIED.,.F.,.F.,
(2,2),(0.,2.),.UNSPECIFIED.);
#2388=B_SPLINE_CURVE_WITH_KNOTS('',1,(#4989,#4990),.UNSPECIFIED.,.F.,.F.,
(2,2),(0.,2.),.UNSPECIFIED.);
#2389=B_SPLINE_CURVE_WITH_KNOTS('',1,(#4994,#4995),.UNSPECIFIED.,.F.,.F.,
(2,2),(0.,2.),.UNSPECIFIED.);
#2390=B_SPLINE_CURVE_WITH_KNOTS('',1,(#5011,#5012),.UNSPECIFIED.,.F.,.F.,
(2,2),(0.,2.),.UNSPECIFIED.);
#2391=B_SPLINE_CURVE_WITH_KNOTS('',1,(#5016,#5017),.UNSPECIFIED.,.F.,.F.,
(2,2),(0.,2.),.UNSPECIFIED.);
#2392=B_SPLINE_CURVE_WITH_KNOTS('',1,(#5021,#5022),.UNSPECIFIED.,.F.,.F.,
(2,2),(0.,2.),.UNSPECIFIED.);
#2393=B_SPLINE_CURVE_WITH_KNOTS('',1,(#5026,#5027),.UNSPECIFIED.,.F.,.F.,
(2,2),(0.,2.),.UNSPECIFIED.);
#2394=B_SPLINE_CURVE_WITH_KNOTS('',1,(#5043,#5044),.UNSPECIFIED.,.F.,.F.,
(2,2),(-2.,0.),.UNSPECIFIED.);
#2395=B_SPLINE_CURVE_WITH_KNOTS('',1,(#5048,#5049),.UNSPECIFIED.,.F.,.F.,
(2,2),(-2.,0.),.UNSPECIFIED.);
#2396=B_SPLINE_CURVE_WITH_KNOTS('',1,(#5050,#5051),.UNSPECIFIED.,.F.,.F.,
(2,2),(-48.,0.),.UNSPECIFIED.);
#2397=B_SPLINE_CURVE_WITH_KNOTS('',1,(#5052,#5053),.UNSPECIFIED.,.F.,.F.,
(2,2),(-2.,0.),.UNSPECIFIED.);
#2398=B_SPLINE_CURVE_WITH_KNOTS('',1,(#5054,#5055),.UNSPECIFIED.,.F.,.F.,
(2,2),(-48.,0.),.UNSPECIFIED.);
#2399=B_SPLINE_CURVE_WITH_KNOTS('',1,(#5056,#5057),.UNSPECIFIED.,.F.,.F.,
(2,2),(0.,48.),.UNSPECIFIED.);
#2400=B_SPLINE_CURVE_WITH_KNOTS('',1,(#5058,#5059),.UNSPECIFIED.,.F.,.F.,
(2,2),(-2.,0.),.UNSPECIFIED.);
#2401=B_SPLINE_CURVE_WITH_KNOTS('',1,(#5060,#5061),.UNSPECIFIED.,.F.,.F.,
(2,2),(-48.,0.),.UNSPECIFIED.);
#2402=B_SPLINE_CURVE_WITH_KNOTS('',1,(#5062,#5063),.UNSPECIFIED.,.F.,.F.,
(2,2),(-2.,0.),.UNSPECIFIED.);
#2403=B_SPLINE_CURVE_WITH_KNOTS('',1,(#5067,#5068),.UNSPECIFIED.,.F.,.F.,
(2,2),(-2.,0.),.UNSPECIFIED.);
#2404=B_SPLINE_CURVE_WITH_KNOTS('',1,(#5072,#5073),.UNSPECIFIED.,.F.,.F.,
(2,2),(-2.,0.),.UNSPECIFIED.);
#2405=B_SPLINE_CURVE_WITH_KNOTS('',1,(#5074,#5075),.UNSPECIFIED.,.F.,.F.,
(2,2),(-2.,0.),.UNSPECIFIED.);
#2406=B_SPLINE_CURVE_WITH_KNOTS('',1,(#5091,#5092),.UNSPECIFIED.,.F.,.F.,
(2,2),(-30.,0.),.UNSPECIFIED.);
#2407=B_SPLINE_CURVE_WITH_KNOTS('',1,(#5096,#5097),.UNSPECIFIED.,.F.,.F.,
(2,2),(-30.,0.),.UNSPECIFIED.);
#2408=B_SPLINE_CURVE_WITH_KNOTS('',1,(#5107,#5108),.UNSPECIFIED.,.F.,.F.,
(2,2),(0.,2.),.UNSPECIFIED.);
#2409=B_SPLINE_CURVE_WITH_KNOTS('',1,(#5112,#5113),.UNSPECIFIED.,.F.,.F.,
(2,2),(0.,2.),.UNSPECIFIED.);
#2410=B_SPLINE_CURVE_WITH_KNOTS('',1,(#5123,#5124),.UNSPECIFIED.,.F.,.F.,
(2,2),(0.,2.),.UNSPECIFIED.);
#2411=B_SPLINE_CURVE_WITH_KNOTS('',1,(#5128,#5129),.UNSPECIFIED.,.F.,.F.,
(2,2),(0.,2.),.UNSPECIFIED.);
#2412=B_SPLINE_CURVE_WITH_KNOTS('',1,(#5139,#5140),.UNSPECIFIED.,.F.,.F.,
(2,2),(0.,2.),.UNSPECIFIED.);
#2413=B_SPLINE_CURVE_WITH_KNOTS('',1,(#5144,#5145),.UNSPECIFIED.,.F.,.F.,
(2,2),(0.,2.),.UNSPECIFIED.);
#2414=B_SPLINE_CURVE_WITH_KNOTS('',1,(#5155,#5156),.UNSPECIFIED.,.F.,.F.,
(2,2),(0.,2.),.UNSPECIFIED.);
#2415=B_SPLINE_CURVE_WITH_KNOTS('',1,(#5160,#5161),.UNSPECIFIED.,.F.,.F.,
(2,2),(0.,2.),.UNSPECIFIED.);
#2416=B_SPLINE_CURVE_WITH_KNOTS('',1,(#5171,#5172),.UNSPECIFIED.,.F.,.F.,
(2,2),(0.,2.),.UNSPECIFIED.);
#2417=B_SPLINE_CURVE_WITH_KNOTS('',1,(#5176,#5177),.UNSPECIFIED.,.F.,.F.,
(2,2),(0.,2.),.UNSPECIFIED.);
#2418=B_SPLINE_CURVE_WITH_KNOTS('',1,(#5187,#5188),.UNSPECIFIED.,.F.,.F.,
(2,2),(0.,2.),.UNSPECIFIED.);
#2419=B_SPLINE_CURVE_WITH_KNOTS('',1,(#5192,#5193),.UNSPECIFIED.,.F.,.F.,
(2,2),(0.,2.),.UNSPECIFIED.);
#2420=B_SPLINE_CURVE_WITH_KNOTS('',1,(#5203,#5204),.UNSPECIFIED.,.F.,.F.,
(2,2),(0.,2.),.UNSPECIFIED.);
#2421=B_SPLINE_CURVE_WITH_KNOTS('',1,(#5208,#5209),.UNSPECIFIED.,.F.,.F.,
(2,2),(0.,2.),.UNSPECIFIED.);
#2422=B_SPLINE_CURVE_WITH_KNOTS('',1,(#5219,#5220),.UNSPECIFIED.,.F.,.F.,
(2,2),(0.,2.),.UNSPECIFIED.);
#2423=B_SPLINE_CURVE_WITH_KNOTS('',1,(#5224,#5225),.UNSPECIFIED.,.F.,.F.,
(2,2),(0.,2.),.UNSPECIFIED.);
#2424=B_SPLINE_CURVE_WITH_KNOTS('',1,(#5235,#5236),.UNSPECIFIED.,.F.,.F.,
(2,2),(0.,2.),.UNSPECIFIED.);
#2425=B_SPLINE_CURVE_WITH_KNOTS('',1,(#5240,#5241),.UNSPECIFIED.,.F.,.F.,
(2,2),(0.,2.),.UNSPECIFIED.);
#2426=B_SPLINE_CURVE_WITH_KNOTS('',1,(#5251,#5252),.UNSPECIFIED.,.F.,.F.,
(2,2),(0.,2.),.UNSPECIFIED.);
#2427=B_SPLINE_CURVE_WITH_KNOTS('',1,(#5256,#5257),.UNSPECIFIED.,.F.,.F.,
(2,2),(0.,2.),.UNSPECIFIED.);
#2428=B_SPLINE_CURVE_WITH_KNOTS('',1,(#5261,#5262),.UNSPECIFIED.,.F.,.F.,
(2,2),(0.,2.),.UNSPECIFIED.);
#2429=B_SPLINE_CURVE_WITH_KNOTS('',1,(#5266,#5267),.UNSPECIFIED.,.F.,.F.,
(2,2),(0.,2.),.UNSPECIFIED.);
#2430=VERTEX_POINT('',#3926);
#2431=VERTEX_POINT('',#3927);
#2432=VERTEX_POINT('',#3928);
#2433=VERTEX_POINT('',#3929);
#2434=VERTEX_POINT('',#3930);
#2435=VERTEX_POINT('',#3931);
#2436=VERTEX_POINT('',#3932);
#2437=VERTEX_POINT('',#3933);
#2438=VERTEX_POINT('',#3934);
#2439=VERTEX_POINT('',#3935);
#2440=VERTEX_POINT('',#3936);
#2441=VERTEX_POINT('',#3937);
#2442=VERTEX_POINT('',#3938);
#2443=VERTEX_POINT('',#3939);
#2444=VERTEX_POINT('',#3940);
#2445=VERTEX_POINT('',#3941);
#2446=VERTEX_POINT('',#3942);
#2447=VERTEX_POINT('',#3943);
#2448=VERTEX_POINT('',#3944);
#2449=VERTEX_POINT('',#3945);
#2450=VERTEX_POINT('',#3946);
#2451=VERTEX_POINT('',#3947);
#2452=VERTEX_POINT('',#3948);
#2453=VERTEX_POINT('',#3949);
#2454=VERTEX_POINT('',#3950);
#2455=VERTEX_POINT('',#3951);
#2456=VERTEX_POINT('',#3952);
#2457=VERTEX_POINT('',#3953);
#2458=VERTEX_POINT('',#3954);
#2459=VERTEX_POINT('',#3955);
#2460=VERTEX_POINT('',#3956);
#2461=VERTEX_POINT('',#3957);
#2462=VERTEX_POINT('',#3958);
#2463=VERTEX_POINT('',#3959);
#2464=VERTEX_POINT('',#3960);
#2465=VERTEX_POINT('',#3961);
#2466=VERTEX_POINT('',#3962);
#2467=VERTEX_POINT('',#3963);
#2468=VERTEX_POINT('',#3964);
#2469=VERTEX_POINT('',#3965);
#2470=VERTEX_POINT('',#3966);
#2471=VERTEX_POINT('',#3967);
#2472=VERTEX_POINT('',#3968);
#2473=VERTEX_POINT('',#3969);
#2474=VERTEX_POINT('',#3970);
#2475=VERTEX_POINT('',#3971);
#2476=VERTEX_POINT('',#3972);
#2477=VERTEX_POINT('',#3973);
#2478=VERTEX_POINT('',#3974);
#2479=VERTEX_POINT('',#3975);
#2480=VERTEX_POINT('',#3976);
#2481=VERTEX_POINT('',#3977);
#2482=VERTEX_POINT('',#3978);
#2483=VERTEX_POINT('',#3979);
#2484=VERTEX_POINT('',#3980);
#2485=VERTEX_POINT('',#3981);
#2486=VERTEX_POINT('',#3982);
#2487=VERTEX_POINT('',#3983);
#2488=VERTEX_POINT('',#3984);
#2489=VERTEX_POINT('',#3985);
#2490=VERTEX_POINT('',#3986);
#2491=VERTEX_POINT('',#3987);
#2492=VERTEX_POINT('',#3988);
#2493=VERTEX_POINT('',#3989);
#2494=VERTEX_POINT('',#3990);
#2495=VERTEX_POINT('',#3991);
#2496=VERTEX_POINT('',#3992);
#2497=VERTEX_POINT('',#3993);
#2498=VERTEX_POINT('',#3994);
#2499=VERTEX_POINT('',#3995);
#2500=VERTEX_POINT('',#3996);
#2501=VERTEX_POINT('',#3997);
#2502=VERTEX_POINT('',#3998);
#2503=VERTEX_POINT('',#3999);
#2504=VERTEX_POINT('',#4000);
#2505=VERTEX_POINT('',#4001);
#2506=VERTEX_POINT('',#4002);
#2507=VERTEX_POINT('',#4003);
#2508=VERTEX_POINT('',#4004);
#2509=VERTEX_POINT('',#4005);
#2510=VERTEX_POINT('',#4006);
#2511=VERTEX_POINT('',#4007);
#2512=VERTEX_POINT('',#4008);
#2513=VERTEX_POINT('',#4009);
#2514=VERTEX_POINT('',#4010);
#2515=VERTEX_POINT('',#4011);
#2516=VERTEX_POINT('',#4012);
#2517=VERTEX_POINT('',#4013);
#2518=VERTEX_POINT('',#4014);
#2519=VERTEX_POINT('',#4015);
#2520=VERTEX_POINT('',#4016);
#2521=VERTEX_POINT('',#4017);
#2522=VERTEX_POINT('',#4018);
#2523=VERTEX_POINT('',#4019);
#2524=VERTEX_POINT('',#4020);
#2525=VERTEX_POINT('',#4021);
#2526=VERTEX_POINT('',#4022);
#2527=VERTEX_POINT('',#4023);
#2528=VERTEX_POINT('',#4024);
#2529=VERTEX_POINT('',#4025);
#2530=VERTEX_POINT('',#4026);
#2531=VERTEX_POINT('',#4027);
#2532=VERTEX_POINT('',#4028);
#2533=VERTEX_POINT('',#4029);
#2534=VERTEX_POINT('',#4030);
#2535=VERTEX_POINT('',#4031);
#2536=VERTEX_POINT('',#4032);
#2537=VERTEX_POINT('',#4033);
#2538=VERTEX_POINT('',#4034);
#2539=VERTEX_POINT('',#4035);
#2540=VERTEX_POINT('',#4036);
#2541=VERTEX_POINT('',#4037);
#2542=VERTEX_POINT('',#4038);
#2543=VERTEX_POINT('',#4039);
#2544=VERTEX_POINT('',#4040);
#2545=VERTEX_POINT('',#4041);
#2546=VERTEX_POINT('',#4042);
#2547=VERTEX_POINT('',#4043);
#2548=VERTEX_POINT('',#4044);
#2549=VERTEX_POINT('',#4045);
#2550=VERTEX_POINT('',#4046);
#2551=VERTEX_POINT('',#4047);
#2552=VERTEX_POINT('',#4048);
#2553=VERTEX_POINT('',#4049);
#2554=VERTEX_POINT('',#4050);
#2555=VERTEX_POINT('',#4051);
#2556=VERTEX_POINT('',#4052);
#2557=VERTEX_POINT('',#4053);
#2558=VERTEX_POINT('',#4054);
#2559=VERTEX_POINT('',#4055);
#2560=VERTEX_POINT('',#4056);
#2561=VERTEX_POINT('',#4057);
#2562=VERTEX_POINT('',#4058);
#2563=VERTEX_POINT('',#4059);
#2564=VERTEX_POINT('',#4060);
#2565=VERTEX_POINT('',#4061);
#2566=VERTEX_POINT('',#4062);
#2567=VERTEX_POINT('',#4063);
#2568=VERTEX_POINT('',#4064);
#2569=VERTEX_POINT('',#4065);
#2570=VERTEX_POINT('',#4656);
#2571=VERTEX_POINT('',#4657);
#2572=VERTEX_POINT('',#4658);
#2573=VERTEX_POINT('',#4659);
#2574=VERTEX_POINT('',#4660);
#2575=VERTEX_POINT('',#4661);
#2576=VERTEX_POINT('',#4662);
#2577=VERTEX_POINT('',#4663);
#2578=VERTEX_POINT('',#4664);
#2579=VERTEX_POINT('',#4665);
#2580=VERTEX_POINT('',#4666);
#2581=VERTEX_POINT('',#4667);
#2582=VERTEX_POINT('',#4668);
#2583=VERTEX_POINT('',#4669);
#2584=VERTEX_POINT('',#4670);
#2585=VERTEX_POINT('',#4671);
#2586=VERTEX_POINT('',#4672);
#2587=VERTEX_POINT('',#4673);
#2588=VERTEX_POINT('',#4674);
#2589=VERTEX_POINT('',#4675);
#2590=VERTEX_POINT('',#4676);
#2591=VERTEX_POINT('',#4677);
#2592=VERTEX_POINT('',#4678);
#2593=VERTEX_POINT('',#4679);
#2594=VERTEX_POINT('',#4680);
#2595=VERTEX_POINT('',#4681);
#2596=VERTEX_POINT('',#4682);
#2597=VERTEX_POINT('',#4683);
#2598=VERTEX_POINT('',#4684);
#2599=VERTEX_POINT('',#4685);
#2600=VERTEX_POINT('',#4686);
#2601=VERTEX_POINT('',#4687);
#2602=VERTEX_POINT('',#4688);
#2603=VERTEX_POINT('',#4689);
#2604=VERTEX_POINT('',#4690);
#2605=VERTEX_POINT('',#4691);
#2606=VERTEX_POINT('',#4692);
#2607=VERTEX_POINT('',#4693);
#2608=VERTEX_POINT('',#4694);
#2609=VERTEX_POINT('',#4695);
#2610=VERTEX_POINT('',#4696);
#2611=VERTEX_POINT('',#4697);
#2612=VERTEX_POINT('',#4698);
#2613=VERTEX_POINT('',#4699);
#2614=VERTEX_POINT('',#4700);
#2615=VERTEX_POINT('',#4701);
#2616=VERTEX_POINT('',#4702);
#2617=VERTEX_POINT('',#4703);
#2618=VERTEX_POINT('',#4704);
#2619=VERTEX_POINT('',#4705);
#2620=VERTEX_POINT('',#4706);
#2621=VERTEX_POINT('',#4707);
#2622=VERTEX_POINT('',#4708);
#2623=VERTEX_POINT('',#4709);
#2624=VERTEX_POINT('',#4710);
#2625=VERTEX_POINT('',#4711);
#2626=VERTEX_POINT('',#4712);
#2627=VERTEX_POINT('',#4713);
#2628=VERTEX_POINT('',#4714);
#2629=VERTEX_POINT('',#4715);
#2630=VERTEX_POINT('',#4716);
#2631=VERTEX_POINT('',#4717);
#2632=VERTEX_POINT('',#4718);
#2633=VERTEX_POINT('',#4719);
#2634=VERTEX_POINT('',#4720);
#2635=VERTEX_POINT('',#4721);
#2636=VERTEX_POINT('',#4722);
#2637=VERTEX_POINT('',#4723);
#2638=VERTEX_POINT('',#4724);
#2639=VERTEX_POINT('',#4725);
#2640=VERTEX_POINT('',#4726);
#2641=VERTEX_POINT('',#4727);
#2642=VERTEX_POINT('',#4728);
#2643=VERTEX_POINT('',#4729);
#2644=VERTEX_POINT('',#4730);
#2645=VERTEX_POINT('',#4731);
#2646=VERTEX_POINT('',#4732);
#2647=VERTEX_POINT('',#4733);
#2648=VERTEX_POINT('',#4734);
#2649=VERTEX_POINT('',#4735);
#2650=VERTEX_POINT('',#4736);
#2651=VERTEX_POINT('',#4737);
#2652=VERTEX_POINT('',#4738);
#2653=VERTEX_POINT('',#4739);
#2654=VERTEX_POINT('',#4740);
#2655=VERTEX_POINT('',#4741);
#2656=VERTEX_POINT('',#4742);
#2657=VERTEX_POINT('',#4743);
#2658=VERTEX_POINT('',#4744);
#2659=VERTEX_POINT('',#4745);
#2660=VERTEX_POINT('',#4746);
#2661=VERTEX_POINT('',#4747);
#2662=VERTEX_POINT('',#4748);
#2663=VERTEX_POINT('',#4749);
#2664=VERTEX_POINT('',#4750);
#2665=VERTEX_POINT('',#4751);
#2666=VERTEX_POINT('',#4752);
#2667=VERTEX_POINT('',#4753);
#2668=VERTEX_POINT('',#4754);
#2669=VERTEX_POINT('',#4755);
#2670=VERTEX_POINT('',#4756);
#2671=VERTEX_POINT('',#4757);
#2672=VERTEX_POINT('',#4758);
#2673=VERTEX_POINT('',#4759);
#2674=VERTEX_POINT('',#4760);
#2675=VERTEX_POINT('',#4761);
#2676=VERTEX_POINT('',#4762);
#2677=VERTEX_POINT('',#4763);
#2678=VERTEX_POINT('',#4764);
#2679=VERTEX_POINT('',#4765);
#2680=VERTEX_POINT('',#4766);
#2681=VERTEX_POINT('',#4767);
#2682=VERTEX_POINT('',#4768);
#2683=VERTEX_POINT('',#4769);
#2684=VERTEX_POINT('',#4770);
#2685=VERTEX_POINT('',#4771);
#2686=VERTEX_POINT('',#4772);
#2687=VERTEX_POINT('',#4773);
#2688=VERTEX_POINT('',#4774);
#2689=VERTEX_POINT('',#4775);
#2690=VERTEX_POINT('',#4776);
#2691=VERTEX_POINT('',#4777);
#2692=VERTEX_POINT('',#4778);
#2693=VERTEX_POINT('',#4779);
#2694=VERTEX_POINT('',#4780);
#2695=VERTEX_POINT('',#4781);
#2696=VERTEX_POINT('',#4782);
#2697=VERTEX_POINT('',#4783);
#2698=CYLINDRICAL_SURFACE('',#2925,1.35);
#2699=CYLINDRICAL_SURFACE('',#2926,1.35);
#2700=CYLINDRICAL_SURFACE('',#2927,1.35);
#2701=CYLINDRICAL_SURFACE('',#2928,1.35);
#2702=CYLINDRICAL_SURFACE('',#2930,1.35);
#2703=CYLINDRICAL_SURFACE('',#2931,1.35);
#2704=CYLINDRICAL_SURFACE('',#2932,1.35);
#2705=CYLINDRICAL_SURFACE('',#2933,1.35);
#2706=CYLINDRICAL_SURFACE('',#2935,1.35);
#2707=CYLINDRICAL_SURFACE('',#2936,1.35);
#2708=CYLINDRICAL_SURFACE('',#2937,1.35);
#2709=CYLINDRICAL_SURFACE('',#2938,1.35);
#2710=CYLINDRICAL_SURFACE('',#2940,1.35);
#2711=CYLINDRICAL_SURFACE('',#2941,1.35);
#2712=CYLINDRICAL_SURFACE('',#2942,1.35);
#2713=CYLINDRICAL_SURFACE('',#2943,1.35);
#2714=CYLINDRICAL_SURFACE('',#2944,1.35);
#2715=CYLINDRICAL_SURFACE('',#2945,1.35);
#2716=CYLINDRICAL_SURFACE('',#2946,1.35);
#2717=CYLINDRICAL_SURFACE('',#2947,1.35);
#2718=CYLINDRICAL_SURFACE('',#2948,2.);
#2719=CYLINDRICAL_SURFACE('',#2953,2.);
#2720=CYLINDRICAL_SURFACE('',#2956,6.24999999999999);
#2721=CYLINDRICAL_SURFACE('',#2957,6.25);
#2722=CYLINDRICAL_SURFACE('',#2960,2.);
#2723=CYLINDRICAL_SURFACE('',#2961,2.);
#2724=CYLINDRICAL_SURFACE('',#2962,2.);
#2725=CYLINDRICAL_SURFACE('',#2964,2.);
#2726=CYLINDRICAL_SURFACE('',#2967,2.);
#2727=CYLINDRICAL_SURFACE('',#2968,2.);
#2728=CYLINDRICAL_SURFACE('',#2970,2.);
#2729=CYLINDRICAL_SURFACE('',#2972,2.);
#2730=CYLINDRICAL_SURFACE('',#2974,2.);
#2731=CYLINDRICAL_SURFACE('',#2975,6.25);
#2732=CYLINDRICAL_SURFACE('',#2976,6.25);
#2733=CYLINDRICAL_SURFACE('',#2979,1.60000000000001);
#2734=CYLINDRICAL_SURFACE('',#2980,1.59999999999999);
#2735=CYLINDRICAL_SURFACE('',#2981,1.60000000000002);
#2736=CYLINDRICAL_SURFACE('',#2982,1.59999999999999);
#2737=CYLINDRICAL_SURFACE('',#2983,1.59999999999999);
#2738=CYLINDRICAL_SURFACE('',#2984,1.60000000000003);
#2739=CYLINDRICAL_SURFACE('',#2985,1.59999999999999);
#2740=CYLINDRICAL_SURFACE('',#2986,1.60000000000002);
#2741=CYLINDRICAL_SURFACE('',#2987,1.60000000000001);
#2742=CYLINDRICAL_SURFACE('',#2988,1.59999999999999);
#2743=CYLINDRICAL_SURFACE('',#2989,1.60000000000002);
#2744=CYLINDRICAL_SURFACE('',#2990,1.59999999999999);
#2745=CYLINDRICAL_SURFACE('',#2991,1.60000000000002);
#2746=CYLINDRICAL_SURFACE('',#2992,1.59999999999999);
#2747=CYLINDRICAL_SURFACE('',#2993,1.59999999999999);
#2748=CYLINDRICAL_SURFACE('',#2994,1.6);
#2749=CYLINDRICAL_SURFACE('',#2995,2.);
#2750=CYLINDRICAL_SURFACE('',#3101,1.35);
#2751=CYLINDRICAL_SURFACE('',#3102,1.35);
#2752=CYLINDRICAL_SURFACE('',#3103,1.35);
#2753=CYLINDRICAL_SURFACE('',#3104,1.35);
#2754=CYLINDRICAL_SURFACE('',#3106,1.35);
#2755=CYLINDRICAL_SURFACE('',#3107,1.35);
#2756=CYLINDRICAL_SURFACE('',#3108,1.35);
#2757=CYLINDRICAL_SURFACE('',#3109,1.35);
#2758=CYLINDRICAL_SURFACE('',#3111,1.35);
#2759=CYLINDRICAL_SURFACE('',#3112,1.35);
#2760=CYLINDRICAL_SURFACE('',#3113,1.35);
#2761=CYLINDRICAL_SURFACE('',#3114,1.35);
#2762=CYLINDRICAL_SURFACE('',#3116,1.35);
#2763=CYLINDRICAL_SURFACE('',#3117,1.35);
#2764=CYLINDRICAL_SURFACE('',#3118,1.35);
#2765=CYLINDRICAL_SURFACE('',#3119,1.35);
#2766=CYLINDRICAL_SURFACE('',#3120,1.35);
#2767=CYLINDRICAL_SURFACE('',#3121,1.35);
#2768=CYLINDRICAL_SURFACE('',#3122,1.35);
#2769=CYLINDRICAL_SURFACE('',#3123,1.35);
#2770=CYLINDRICAL_SURFACE('',#3124,1.35);
#2771=CYLINDRICAL_SURFACE('',#3125,1.35);
#2772=CYLINDRICAL_SURFACE('',#3126,1.35);
#2773=CYLINDRICAL_SURFACE('',#3127,1.35);
#2774=CYLINDRICAL_SURFACE('',#3128,1.35);
#2775=CYLINDRICAL_SURFACE('',#3129,1.35);
#2776=CYLINDRICAL_SURFACE('',#3130,1.35);
#2777=CYLINDRICAL_SURFACE('',#3131,1.35);
#2778=CYLINDRICAL_SURFACE('',#3132,2.5);
#2779=CYLINDRICAL_SURFACE('',#3136,2.5);
#2780=CYLINDRICAL_SURFACE('',#3139,2.5);
#2781=CYLINDRICAL_SURFACE('',#3140,2.5);
#2782=CYLINDRICAL_SURFACE('',#3141,1.99999999999999);
#2783=CYLINDRICAL_SURFACE('',#3143,2.);
#2784=CYLINDRICAL_SURFACE('',#3144,6.25);
#2785=CYLINDRICAL_SURFACE('',#3145,6.25);
#2786=CYLINDRICAL_SURFACE('',#3146,1.59999999999999);
#2787=CYLINDRICAL_SURFACE('',#3147,1.59999999999999);
#2788=CYLINDRICAL_SURFACE('',#3148,1.59999999999999);
#2789=CYLINDRICAL_SURFACE('',#3149,1.59999999999999);
#2790=CYLINDRICAL_SURFACE('',#3150,1.59999999999999);
#2791=CYLINDRICAL_SURFACE('',#3151,1.6);
#2792=CYLINDRICAL_SURFACE('',#3152,1.59999999999999);
#2793=CYLINDRICAL_SURFACE('',#3153,1.59999999999999);
#2794=CYLINDRICAL_SURFACE('',#3154,1.6);
#2795=CYLINDRICAL_SURFACE('',#3155,1.59999999999999);
#2796=CYLINDRICAL_SURFACE('',#3156,1.6);
#2797=CYLINDRICAL_SURFACE('',#3157,1.59999999999999);
#2798=CYLINDRICAL_SURFACE('',#3158,1.59999999999999);
#2799=CYLINDRICAL_SURFACE('',#3159,1.59999999999999);
#2800=CYLINDRICAL_SURFACE('',#3160,1.59999999999999);
#2801=CYLINDRICAL_SURFACE('',#3161,1.59999999999999);
#2802=CYLINDRICAL_SURFACE('',#3162,6.25);
#2803=CYLINDRICAL_SURFACE('',#3163,6.25);
#2804=CYLINDRICAL_SURFACE('',#3164,6.25);
#2805=CYLINDRICAL_SURFACE('',#3165,6.25);
#2806=PLANE('',#2924);
#2807=PLANE('',#2929);
#2808=PLANE('',#2934);
#2809=PLANE('',#2939);
#2810=PLANE('',#2949);
#2811=PLANE('',#2950);
#2812=PLANE('',#2951);
#2813=PLANE('',#2952);
#2814=PLANE('',#2954);
#2815=PLANE('',#2955);
#2816=PLANE('',#2958);
#2817=PLANE('',#2959);
#2818=PLANE('',#2963);
#2819=PLANE('',#2965);
#2820=PLANE('',#2966);
#2821=PLANE('',#2969);
#2822=PLANE('',#2971);
#2823=PLANE('',#2973);
#2824=PLANE('',#2977);
#2825=PLANE('',#2978);
#2826=PLANE('',#3100);
#2827=PLANE('',#3105);
#2828=PLANE('',#3110);
#2829=PLANE('',#3115);
#2830=PLANE('',#3133);
#2831=PLANE('',#3134);
#2832=PLANE('',#3135);
#2833=PLANE('',#3137);
#2834=PLANE('',#3138);
#2835=PLANE('',#3142);
#2836=SHAPE_DEFINITION_REPRESENTATION(#2837,#2922);
#2837=PRODUCT_DEFINITION_SHAPE($,$,#2839);
#2838=PRODUCT_DEFINITION_CONTEXT('3D Mechanical Parts',#2911,'design');
#2839=PRODUCT_DEFINITION('A','First version',#2881,#2838);
#2840=DATE_TIME_ROLE('classification_date');
#2841=DATE_TIME_ROLE('creation_date');
#2842=APPLIED_DATE_AND_TIME_ASSIGNMENT(#2866,#2840,(#2845));
#2843=APPLIED_DATE_AND_TIME_ASSIGNMENT(#2868,#2841,(#2839));
#2844=SECURITY_CLASSIFICATION_LEVEL('unclassified');
#2845=SECURITY_CLASSIFICATION('A','Security for version',#2844);
#2846=APPLIED_SECURITY_CLASSIFICATION_ASSIGNMENT(#2845,(#2881));
#2847=APPROVAL_ROLE('Version approval');
#2848=APPROVAL_ROLE('Version Security approval');
#2849=APPROVAL_ROLE('Definition approval');
#2850=APPROVAL_PERSON_ORGANIZATION(#2899,#2875,#2847);
#2851=APPROVAL_PERSON_ORGANIZATION(#2900,#2876,#2848);
#2852=APPROVAL_PERSON_ORGANIZATION(#2903,#2877,#2849);
#2853=COORDINATED_UNIVERSAL_TIME_OFFSET(5,0,.BEHIND.);
#2854=LOCAL_TIME(0,0,0.,#2853);
#2855=LOCAL_TIME(0,0,0.,#2853);
#2856=LOCAL_TIME(0,0,0.,#2853);
#2857=LOCAL_TIME(0,0,0.,#2853);
#2858=LOCAL_TIME(0,0,0.,#2853);
#2859=CALENDAR_DATE(1999,1,1);
#2860=CALENDAR_DATE(1999,1,1);
#2861=CALENDAR_DATE(1999,1,1);
#2862=CALENDAR_DATE(1999,1,1);
#2863=CALENDAR_DATE(1999,1,1);
#2864=DATE_AND_TIME(#2859,#2854);
#2865=DATE_AND_TIME(#2860,#2855);
#2866=DATE_AND_TIME(#2861,#2856);
#2867=DATE_AND_TIME(#2862,#2857);
#2868=DATE_AND_TIME(#2863,#2858);
#2869=APPROVAL_DATE_TIME(#2864,#2875);
#2870=APPROVAL_DATE_TIME(#2865,#2876);
#2871=APPROVAL_DATE_TIME(#2867,#2877);
#2872=APPROVAL_STATUS('not_yet_approved');
#2873=APPROVAL_STATUS('not_yet_approved');
#2874=APPROVAL_STATUS('approved');
#2875=APPROVAL(#2872,'Version approval');
#2876=APPROVAL(#2873,'Version Security approval');
#2877=APPROVAL(#2874,'Definition approval');
#2878=APPLIED_APPROVAL_ASSIGNMENT(#2875,(#2881));
#2879=APPLIED_APPROVAL_ASSIGNMENT(#2876,(#2845));
#2880=APPLIED_APPROVAL_ASSIGNMENT(#2877,(#2839));
#2881=PRODUCT_DEFINITION_FORMATION_WITH_SPECIFIED_SOURCE('A',
'First version',#2913,.MADE.);
#2882=PERSON_AND_ORGANIZATION_ROLE('design_owner');
#2883=PERSON_AND_ORGANIZATION_ROLE('creator');
#2884=PERSON_AND_ORGANIZATION_ROLE('design_supplier');
#2885=PERSON_AND_ORGANIZATION_ROLE('classification_officer');
#2886=PERSON_AND_ORGANIZATION_ROLE('creator');
#2887=ORGANIZATION('STI','lab','lab');
#2888=ORGANIZATION('STI','unknown','unknown');
#2889=ORGANIZATION('STI','unknown','unknown');
#2890=ORGANIZATION('STI','unknown','unknown');
#2891=ORGANIZATION('STI','unknown','unknown');
#2892=ORGANIZATION('STI','unknown','unknown');
#2893=ORGANIZATION('STI','unknown','unknown');
#2894=PERSON('1','Box','vc60',$,$,$);
#2895=PERSON('2','last','first',$,$,$);
#2896=PERSON('3','President','Mr.',$,$,$);
#2897=PERSON_AND_ORGANIZATION(#2894,#2887);
#2898=PERSON_AND_ORGANIZATION(#2895,#2888);
#2899=PERSON_AND_ORGANIZATION(#2896,#2889);
#2900=PERSON_AND_ORGANIZATION(#2896,#2890);
#2901=PERSON_AND_ORGANIZATION(#2896,#2891);
#2902=PERSON_AND_ORGANIZATION(#2895,#2892);
#2903=PERSON_AND_ORGANIZATION(#2896,#2893);
#2904=APPLIED_PERSON_AND_ORGANIZATION_ASSIGNMENT(#2897,#2882,(#2913));
#2905=APPLIED_PERSON_AND_ORGANIZATION_ASSIGNMENT(#2898,#2883,(#2881));
#2906=APPLIED_PERSON_AND_ORGANIZATION_ASSIGNMENT(#2898,#2884,(#2881));
#2907=APPLIED_PERSON_AND_ORGANIZATION_ASSIGNMENT(#2901,#2885,(#2845));
#2908=APPLIED_PERSON_AND_ORGANIZATION_ASSIGNMENT(#2902,#2886,(#2839));
#2909=PRODUCT_RELATED_PRODUCT_CATEGORY('detail','detail',(#2913));
#2910=APPLICATION_PROTOCOL_DEFINITION('International Standard',
'config_control_design',1994,#2911);
#2911=APPLICATION_CONTEXT(
'configuration controlled 3d designs of mechanical parts and assemblie
s');
#2912=PRODUCT_CONTEXT('3D Mechanical Parts',#2911,'mechanical');
#2913=PRODUCT('Document','Document','',(#2912));
#2914=(
LENGTH_UNIT()
NAMED_UNIT(*)
SI_UNIT(.MILLI.,.METRE.)
);
#2915=(
NAMED_UNIT(*)
PLANE_ANGLE_UNIT()
SI_UNIT($,.RADIAN.)
);
#2916=DIMENSIONAL_EXPONENTS(0.,0.,0.,0.,0.,0.,0.);
#2917=PLANE_ANGLE_MEASURE_WITH_UNIT(PLANE_ANGLE_MEASURE(0.01745329252),
#2915);
#2918=(
CONVERSION_BASED_UNIT('DEGREES',#2917)
NAMED_UNIT(#2916)
PLANE_ANGLE_UNIT()
);
#2919=(
NAMED_UNIT(*)
SI_UNIT($,.STERADIAN.)
SOLID_ANGLE_UNIT()
);
#2920=UNCERTAINTY_MEASURE_WITH_UNIT(LENGTH_MEASURE(0.01369107751245),#2914,
'DISTANCE_ACCURACY_VALUE',
'Maximum model space distance between geometric entities at asserted c
onnectivities');
#2921=(
GEOMETRIC_REPRESENTATION_CONTEXT(3)
GLOBAL_UNCERTAINTY_ASSIGNED_CONTEXT((#2920))
GLOBAL_UNIT_ASSIGNED_CONTEXT((#2919,#2918,#2914))
REPRESENTATION_CONTEXT('ID1','3D')
);
#2922=SHAPE_REPRESENTATION('Document',(#2923,#3278),#2921);
#2923=AXIS2_PLACEMENT_3D($,#3853,#3279,#3280);
#2924=AXIS2_PLACEMENT_3D('',#3854,#3281,$);
#2925=AXIS2_PLACEMENT_3D('',#3855,#3282,$);
#2926=AXIS2_PLACEMENT_3D('',#3856,#3283,$);
#2927=AXIS2_PLACEMENT_3D('',#3857,#3284,$);
#2928=AXIS2_PLACEMENT_3D('',#3858,#3285,$);
#2929=AXIS2_PLACEMENT_3D('',#3859,#3286,$);
#2930=AXIS2_PLACEMENT_3D('',#3860,#3287,$);
#2931=AXIS2_PLACEMENT_3D('',#3861,#3288,$);
#2932=AXIS2_PLACEMENT_3D('',#3862,#3289,$);
#2933=AXIS2_PLACEMENT_3D('',#3863,#3290,$);
#2934=AXIS2_PLACEMENT_3D('',#3864,#3291,$);
#2935=AXIS2_PLACEMENT_3D('',#3865,#3292,$);
#2936=AXIS2_PLACEMENT_3D('',#3866,#3293,$);
#2937=AXIS2_PLACEMENT_3D('',#3867,#3294,$);
#2938=AXIS2_PLACEMENT_3D('',#3868,#3295,$);
#2939=AXIS2_PLACEMENT_3D('',#3869,#3296,$);
#2940=AXIS2_PLACEMENT_3D('',#3870,#3297,$);
#2941=AXIS2_PLACEMENT_3D('',#3871,#3298,$);
#2942=AXIS2_PLACEMENT_3D('',#3872,#3299,$);
#2943=AXIS2_PLACEMENT_3D('',#3873,#3300,$);
#2944=AXIS2_PLACEMENT_3D('',#3874,#3301,$);
#2945=AXIS2_PLACEMENT_3D('',#3875,#3302,$);
#2946=AXIS2_PLACEMENT_3D('',#3876,#3303,$);
#2947=AXIS2_PLACEMENT_3D('',#3877,#3304,$);
#2948=AXIS2_PLACEMENT_3D('',#3878,#3305,$);
#2949=AXIS2_PLACEMENT_3D('',#3879,#3306,$);
#2950=AXIS2_PLACEMENT_3D('',#3880,#3307,$);
#2951=AXIS2_PLACEMENT_3D('',#3881,#3308,$);
#2952=AXIS2_PLACEMENT_3D('',#3882,#3309,$);
#2953=AXIS2_PLACEMENT_3D('',#3883,#3310,$);
#2954=AXIS2_PLACEMENT_3D('',#3884,#3311,$);
#2955=AXIS2_PLACEMENT_3D('',#3885,#3312,$);
#2956=AXIS2_PLACEMENT_3D('',#3886,#3313,$);
#2957=AXIS2_PLACEMENT_3D('',#3887,#3314,$);
#2958=AXIS2_PLACEMENT_3D('',#3888,#3315,$);
#2959=AXIS2_PLACEMENT_3D('',#3889,#3316,$);
#2960=AXIS2_PLACEMENT_3D('',#3890,#3317,$);
#2961=AXIS2_PLACEMENT_3D('',#3891,#3318,$);
#2962=AXIS2_PLACEMENT_3D('',#3892,#3319,$);
#2963=AXIS2_PLACEMENT_3D('',#3893,#3320,$);
#2964=AXIS2_PLACEMENT_3D('',#3894,#3321,$);
#2965=AXIS2_PLACEMENT_3D('',#3895,#3322,$);
#2966=AXIS2_PLACEMENT_3D('',#3896,#3323,$);
#2967=AXIS2_PLACEMENT_3D('',#3897,#3324,$);
#2968=AXIS2_PLACEMENT_3D('',#3898,#3325,$);
#2969=AXIS2_PLACEMENT_3D('',#3899,#3326,$);
#2970=AXIS2_PLACEMENT_3D('',#3900,#3327,$);
#2971=AXIS2_PLACEMENT_3D('',#3901,#3328,$);
#2972=AXIS2_PLACEMENT_3D('',#3902,#3329,$);
#2973=AXIS2_PLACEMENT_3D('',#3903,#3330,$);
#2974=AXIS2_PLACEMENT_3D('',#3904,#3331,$);
#2975=AXIS2_PLACEMENT_3D('',#3905,#3332,$);
#2976=AXIS2_PLACEMENT_3D('',#3906,#3333,$);
#2977=AXIS2_PLACEMENT_3D('',#3907,#3334,$);
#2978=AXIS2_PLACEMENT_3D('',#3908,#3335,$);
#2979=AXIS2_PLACEMENT_3D('',#3909,#3336,$);
#2980=AXIS2_PLACEMENT_3D('',#3910,#3337,$);
#2981=AXIS2_PLACEMENT_3D('',#3911,#3338,$);
#2982=AXIS2_PLACEMENT_3D('',#3912,#3339,$);
#2983=AXIS2_PLACEMENT_3D('',#3913,#3340,$);
#2984=AXIS2_PLACEMENT_3D('',#3914,#3341,$);
#2985=AXIS2_PLACEMENT_3D('',#3915,#3342,$);
#2986=AXIS2_PLACEMENT_3D('',#3916,#3343,$);
#2987=AXIS2_PLACEMENT_3D('',#3917,#3344,$);
#2988=AXIS2_PLACEMENT_3D('',#3918,#3345,$);
#2989=AXIS2_PLACEMENT_3D('',#3919,#3346,$);
#2990=AXIS2_PLACEMENT_3D('',#3920,#3347,$);
#2991=AXIS2_PLACEMENT_3D('',#3921,#3348,$);
#2992=AXIS2_PLACEMENT_3D('',#3922,#3349,$);
#2993=AXIS2_PLACEMENT_3D('',#3923,#3350,$);
#2994=AXIS2_PLACEMENT_3D('',#3924,#3351,$);
#2995=AXIS2_PLACEMENT_3D('',#3925,#3352,$);
#2996=AXIS2_PLACEMENT_3D($,#4080,#3353,#3354);
#2997=AXIS2_PLACEMENT_3D($,#4085,#3355,#3356);
#2998=AXIS2_PLACEMENT_3D($,#4090,#3357,#3358);
#2999=AXIS2_PLACEMENT_3D($,#4095,#3359,#3360);
#3000=AXIS2_PLACEMENT_3D($,#4100,#3361,#3362);
#3001=AXIS2_PLACEMENT_3D($,#4103,#3363,#3364);
#3002=AXIS2_PLACEMENT_3D($,#4106,#3365,#3366);
#3003=AXIS2_PLACEMENT_3D($,#4109,#3367,#3368);
#3004=AXIS2_PLACEMENT_3D($,#4126,#3369,#3370);
#3005=AXIS2_PLACEMENT_3D($,#4131,#3371,#3372);
#3006=AXIS2_PLACEMENT_3D($,#4136,#3373,#3374);
#3007=AXIS2_PLACEMENT_3D($,#4141,#3375,#3376);
#3008=AXIS2_PLACEMENT_3D($,#4146,#3377,#3378);
#3009=AXIS2_PLACEMENT_3D($,#4149,#3379,#3380);
#3010=AXIS2_PLACEMENT_3D($,#4152,#3381,#3382);
#3011=AXIS2_PLACEMENT_3D($,#4155,#3383,#3384);
#3012=AXIS2_PLACEMENT_3D($,#4172,#3385,#3386);
#3013=AXIS2_PLACEMENT_3D($,#4177,#3387,#3388);
#3014=AXIS2_PLACEMENT_3D($,#4182,#3389,#3390);
#3015=AXIS2_PLACEMENT_3D($,#4187,#3391,#3392);
#3016=AXIS2_PLACEMENT_3D($,#4192,#3393,#3394);
#3017=AXIS2_PLACEMENT_3D($,#4195,#3395,#3396);
#3018=AXIS2_PLACEMENT_3D($,#4198,#3397,#3398);
#3019=AXIS2_PLACEMENT_3D($,#4201,#3399,#3400);
#3020=AXIS2_PLACEMENT_3D($,#4218,#3401,#3402);
#3021=AXIS2_PLACEMENT_3D($,#4223,#3403,#3404);
#3022=AXIS2_PLACEMENT_3D($,#4228,#3405,#3406);
#3023=AXIS2_PLACEMENT_3D($,#4233,#3407,#3408);
#3024=AXIS2_PLACEMENT_3D($,#4238,#3409,#3410);
#3025=AXIS2_PLACEMENT_3D($,#4241,#3411,#3412);
#3026=AXIS2_PLACEMENT_3D($,#4244,#3413,#3414);
#3027=AXIS2_PLACEMENT_3D($,#4247,#3415,#3416);
#3028=AXIS2_PLACEMENT_3D($,#4250,#3417,#3418);
#3029=AXIS2_PLACEMENT_3D($,#4255,#3419,#3420);
#3030=AXIS2_PLACEMENT_3D($,#4260,#3421,#3422);
#3031=AXIS2_PLACEMENT_3D($,#4265,#3423,#3424);
#3032=AXIS2_PLACEMENT_3D($,#4270,#3425,#3426);
#3033=AXIS2_PLACEMENT_3D($,#4273,#3427,#3428);
#3034=AXIS2_PLACEMENT_3D($,#4276,#3429,#3430);
#3035=AXIS2_PLACEMENT_3D($,#4279,#3431,#3432);
#3036=AXIS2_PLACEMENT_3D($,#4282,#3433,#3434);
#3037=AXIS2_PLACEMENT_3D($,#4287,#3435,#3436);
#3038=AXIS2_PLACEMENT_3D($,#4306,#3437,#3438);
#3039=AXIS2_PLACEMENT_3D($,#4309,#3439,#3440);
#3040=AXIS2_PLACEMENT_3D($,#4318,#3441,#3442);
#3041=AXIS2_PLACEMENT_3D($,#4323,#3443,#3444);
#3042=AXIS2_PLACEMENT_3D($,#4326,#3445,#3446);
#3043=AXIS2_PLACEMENT_3D($,#4331,#3447,#3448);
#3044=AXIS2_PLACEMENT_3D($,#4338,#3449,#3450);
#3045=AXIS2_PLACEMENT_3D($,#4341,#3451,#3452);
#3046=AXIS2_PLACEMENT_3D($,#4344,#3453,#3454);
#3047=AXIS2_PLACEMENT_3D($,#4347,#3455,#3456);
#3048=AXIS2_PLACEMENT_3D($,#4350,#3457,#3458);
#3049=AXIS2_PLACEMENT_3D($,#4355,#3459,#3460);
#3050=AXIS2_PLACEMENT_3D($,#4364,#3461,#3462);
#3051=AXIS2_PLACEMENT_3D($,#4367,#3463,#3464);
#3052=AXIS2_PLACEMENT_3D($,#4384,#3465,#3466);
#3053=AXIS2_PLACEMENT_3D($,#4387,#3467,#3468);
#3054=AXIS2_PLACEMENT_3D($,#4390,#3469,#3470);
#3055=AXIS2_PLACEMENT_3D($,#4395,#3471,#3472);
#3056=AXIS2_PLACEMENT_3D($,#4404,#3473,#3474);
#3057=AXIS2_PLACEMENT_3D($,#4407,#3475,#3476);
#3058=AXIS2_PLACEMENT_3D($,#4412,#3477,#3478);
#3059=AXIS2_PLACEMENT_3D($,#4417,#3479,#3480);
#3060=AXIS2_PLACEMENT_3D($,#4426,#3481,#3482);
#3061=AXIS2_PLACEMENT_3D($,#4431,#3483,#3484);
#3062=AXIS2_PLACEMENT_3D($,#4434,#3485,#3486);
#3063=AXIS2_PLACEMENT_3D($,#4439,#3487,#3488);
#3064=AXIS2_PLACEMENT_3D($,#4444,#3489,#3490);
#3065=AXIS2_PLACEMENT_3D($,#4447,#3491,#3492);
#3066=AXIS2_PLACEMENT_3D($,#4456,#3493,#3494);
#3067=AXIS2_PLACEMENT_3D($,#4461,#3495,#3496);
#3068=AXIS2_PLACEMENT_3D($,#4466,#3497,#3498);
#3069=AXIS2_PLACEMENT_3D($,#4469,#3499,#3500);
#3070=AXIS2_PLACEMENT_3D($,#4472,#3501,#3502);
#3071=AXIS2_PLACEMENT_3D($,#4477,#3503,#3504);
#3072=AXIS2_PLACEMENT_3D($,#4482,#3505,#3506);
#3073=AXIS2_PLACEMENT_3D($,#4485,#3507,#3508);
#3074=AXIS2_PLACEMENT_3D($,#4488,#3509,#3510);
#3075=AXIS2_PLACEMENT_3D($,#4493,#3511,#3512);
#3076=AXIS2_PLACEMENT_3D($,#4498,#3513,#3514);
#3077=AXIS2_PLACEMENT_3D($,#4501,#3515,#3516);
#3078=AXIS2_PLACEMENT_3D($,#4504,#3517,#3518);
#3079=AXIS2_PLACEMENT_3D($,#4509,#3519,#3520);
#3080=AXIS2_PLACEMENT_3D($,#4514,#3521,#3522);
#3081=AXIS2_PLACEMENT_3D($,#4517,#3523,#3524);
#3082=AXIS2_PLACEMENT_3D($,#4520,#3525,#3526);
#3083=AXIS2_PLACEMENT_3D($,#4525,#3527,#3528);
#3084=AXIS2_PLACEMENT_3D($,#4530,#3529,#3530);
#3085=AXIS2_PLACEMENT_3D($,#4533,#3531,#3532);
#3086=AXIS2_PLACEMENT_3D($,#4536,#3533,#3534);
#3087=AXIS2_PLACEMENT_3D($,#4541,#3535,#3536);
#3088=AXIS2_PLACEMENT_3D($,#4546,#3537,#3538);
#3089=AXIS2_PLACEMENT_3D($,#4549,#3539,#3540);
#3090=AXIS2_PLACEMENT_3D($,#4552,#3541,#3542);
#3091=AXIS2_PLACEMENT_3D($,#4557,#3543,#3544);
#3092=AXIS2_PLACEMENT_3D($,#4562,#3545,#3546);
#3093=AXIS2_PLACEMENT_3D($,#4565,#3547,#3548);
#3094=AXIS2_PLACEMENT_3D($,#4568,#3549,#3550);
#3095=AXIS2_PLACEMENT_3D($,#4573,#3551,#3552);
#3096=AXIS2_PLACEMENT_3D($,#4578,#3553,#3554);
#3097=AXIS2_PLACEMENT_3D($,#4581,#3555,#3556);
#3098=AXIS2_PLACEMENT_3D($,#4584,#3557,#3558);
#3099=AXIS2_PLACEMENT_3D($,#4587,#3559,#3560);
#3100=AXIS2_PLACEMENT_3D('',#4590,#3561,$);
#3101=AXIS2_PLACEMENT_3D('',#4591,#3562,$);
#3102=AXIS2_PLACEMENT_3D('',#4592,#3563,$);
#3103=AXIS2_PLACEMENT_3D('',#4593,#3564,$);
#3104=AXIS2_PLACEMENT_3D('',#4594,#3565,$);
#3105=AXIS2_PLACEMENT_3D('',#4595,#3566,$);
#3106=AXIS2_PLACEMENT_3D('',#4596,#3567,$);
#3107=AXIS2_PLACEMENT_3D('',#4597,#3568,$);
#3108=AXIS2_PLACEMENT_3D('',#4598,#3569,$);
#3109=AXIS2_PLACEMENT_3D('',#4599,#3570,$);
#3110=AXIS2_PLACEMENT_3D('',#4600,#3571,$);
#3111=AXIS2_PLACEMENT_3D('',#4601,#3572,$);
#3112=AXIS2_PLACEMENT_3D('',#4602,#3573,$);
#3113=AXIS2_PLACEMENT_3D('',#4603,#3574,$);
#3114=AXIS2_PLACEMENT_3D('',#4604,#3575,$);
#3115=AXIS2_PLACEMENT_3D('',#4605,#3576,$);
#3116=AXIS2_PLACEMENT_3D('',#4606,#3577,$);
#3117=AXIS2_PLACEMENT_3D('',#4607,#3578,$);
#3118=AXIS2_PLACEMENT_3D('',#4608,#3579,$);
#3119=AXIS2_PLACEMENT_3D('',#4609,#3580,$);
#3120=AXIS2_PLACEMENT_3D('',#4610,#3581,$);
#3121=AXIS2_PLACEMENT_3D('',#4611,#3582,$);
#3122=AXIS2_PLACEMENT_3D('',#4612,#3583,$);
#3123=AXIS2_PLACEMENT_3D('',#4613,#3584,$);
#3124=AXIS2_PLACEMENT_3D('',#4614,#3585,$);
#3125=AXIS2_PLACEMENT_3D('',#4615,#3586,$);
#3126=AXIS2_PLACEMENT_3D('',#4616,#3587,$);
#3127=AXIS2_PLACEMENT_3D('',#4617,#3588,$);
#3128=AXIS2_PLACEMENT_3D('',#4618,#3589,$);
#3129=AXIS2_PLACEMENT_3D('',#4619,#3590,$);
#3130=AXIS2_PLACEMENT_3D('',#4620,#3591,$);
#3131=AXIS2_PLACEMENT_3D('',#4621,#3592,$);
#3132=AXIS2_PLACEMENT_3D('',#4622,#3593,$);
#3133=AXIS2_PLACEMENT_3D('',#4623,#3594,$);
#3134=AXIS2_PLACEMENT_3D('',#4624,#3595,$);
#3135=AXIS2_PLACEMENT_3D('',#4625,#3596,$);
#3136=AXIS2_PLACEMENT_3D('',#4626,#3597,$);
#3137=AXIS2_PLACEMENT_3D('',#4627,#3598,$);
#3138=AXIS2_PLACEMENT_3D('',#4628,#3599,$);
#3139=AXIS2_PLACEMENT_3D('',#4629,#3600,$);
#3140=AXIS2_PLACEMENT_3D('',#4630,#3601,$);
#3141=AXIS2_PLACEMENT_3D('',#4631,#3602,$);
#3142=AXIS2_PLACEMENT_3D('',#4632,#3603,$);
#3143=AXIS2_PLACEMENT_3D('',#4633,#3604,$);
#3144=AXIS2_PLACEMENT_3D('',#4634,#3605,$);
#3145=AXIS2_PLACEMENT_3D('',#4635,#3606,$);
#3146=AXIS2_PLACEMENT_3D('',#4636,#3607,$);
#3147=AXIS2_PLACEMENT_3D('',#4637,#3608,$);
#3148=AXIS2_PLACEMENT_3D('',#4638,#3609,$);
#3149=AXIS2_PLACEMENT_3D('',#4639,#3610,$);
#3150=AXIS2_PLACEMENT_3D('',#4640,#3611,$);
#3151=AXIS2_PLACEMENT_3D('',#4641,#3612,$);
#3152=AXIS2_PLACEMENT_3D('',#4642,#3613,$);
#3153=AXIS2_PLACEMENT_3D('',#4643,#3614,$);
#3154=AXIS2_PLACEMENT_3D('',#4644,#3615,$);
#3155=AXIS2_PLACEMENT_3D('',#4645,#3616,$);
#3156=AXIS2_PLACEMENT_3D('',#4646,#3617,$);
#3157=AXIS2_PLACEMENT_3D('',#4647,#3618,$);
#3158=AXIS2_PLACEMENT_3D('',#4648,#3619,$);
#3159=AXIS2_PLACEMENT_3D('',#4649,#3620,$);
#3160=AXIS2_PLACEMENT_3D('',#4650,#3621,$);
#3161=AXIS2_PLACEMENT_3D('',#4651,#3622,$);
#3162=AXIS2_PLACEMENT_3D('',#4652,#3623,$);
#3163=AXIS2_PLACEMENT_3D('',#4653,#3624,$);
#3164=AXIS2_PLACEMENT_3D('',#4654,#3625,$);
#3165=AXIS2_PLACEMENT_3D('',#4655,#3626,$);
#3166=AXIS2_PLACEMENT_3D($,#4792,#3627,#3628);
#3167=AXIS2_PLACEMENT_3D($,#4797,#3629,#3630);
#3168=AXIS2_PLACEMENT_3D($,#4802,#3631,#3632);
#3169=AXIS2_PLACEMENT_3D($,#4807,#3633,#3634);
#3170=AXIS2_PLACEMENT_3D($,#4812,#3635,#3636);
#3171=AXIS2_PLACEMENT_3D($,#4815,#3637,#3638);
#3172=AXIS2_PLACEMENT_3D($,#4818,#3639,#3640);
#3173=AXIS2_PLACEMENT_3D($,#4821,#3641,#3642);
#3174=AXIS2_PLACEMENT_3D($,#4832,#3643,#3644);
#3175=AXIS2_PLACEMENT_3D($,#4837,#3645,#3646);
#3176=AXIS2_PLACEMENT_3D($,#4842,#3647,#3648);
#3177=AXIS2_PLACEMENT_3D($,#4847,#3649,#3650);
#3178=AXIS2_PLACEMENT_3D($,#4852,#3651,#3652);
#3179=AXIS2_PLACEMENT_3D($,#4855,#3653,#3654);
#3180=AXIS2_PLACEMENT_3D($,#4858,#3655,#3656);
#3181=AXIS2_PLACEMENT_3D($,#4861,#3657,#3658);
#3182=AXIS2_PLACEMENT_3D($,#4872,#3659,#3660);
#3183=AXIS2_PLACEMENT_3D($,#4877,#3661,#3662);
#3184=AXIS2_PLACEMENT_3D($,#4882,#3663,#3664);
#3185=AXIS2_PLACEMENT_3D($,#4887,#3665,#3666);
#3186=AXIS2_PLACEMENT_3D($,#4892,#3667,#3668);
#3187=AXIS2_PLACEMENT_3D($,#4895,#3669,#3670);
#3188=AXIS2_PLACEMENT_3D($,#4898,#3671,#3672);
#3189=AXIS2_PLACEMENT_3D($,#4901,#3673,#3674);
#3190=AXIS2_PLACEMENT_3D($,#4912,#3675,#3676);
#3191=AXIS2_PLACEMENT_3D($,#4917,#3677,#3678);
#3192=AXIS2_PLACEMENT_3D($,#4922,#3679,#3680);
#3193=AXIS2_PLACEMENT_3D($,#4927,#3681,#3682);
#3194=AXIS2_PLACEMENT_3D($,#4932,#3683,#3684);
#3195=AXIS2_PLACEMENT_3D($,#4935,#3685,#3686);
#3196=AXIS2_PLACEMENT_3D($,#4938,#3687,#3688);
#3197=AXIS2_PLACEMENT_3D($,#4941,#3689,#3690);
#3198=AXIS2_PLACEMENT_3D($,#4944,#3691,#3692);
#3199=AXIS2_PLACEMENT_3D($,#4949,#3693,#3694);
#3200=AXIS2_PLACEMENT_3D($,#4954,#3695,#3696);
#3201=AXIS2_PLACEMENT_3D($,#4959,#3697,#3698);
#3202=AXIS2_PLACEMENT_3D($,#4964,#3699,#3700);
#3203=AXIS2_PLACEMENT_3D($,#4967,#3701,#3702);
#3204=AXIS2_PLACEMENT_3D($,#4970,#3703,#3704);
#3205=AXIS2_PLACEMENT_3D($,#4973,#3705,#3706);
#3206=AXIS2_PLACEMENT_3D($,#4976,#3707,#3708);
#3207=AXIS2_PLACEMENT_3D($,#4981,#3709,#3710);
#3208=AXIS2_PLACEMENT_3D($,#4986,#3711,#3712);
#3209=AXIS2_PLACEMENT_3D($,#4991,#3713,#3714);
#3210=AXIS2_PLACEMENT_3D($,#4996,#3715,#3716);
#3211=AXIS2_PLACEMENT_3D($,#4999,#3717,#3718);
#3212=AXIS2_PLACEMENT_3D($,#5002,#3719,#3720);
#3213=AXIS2_PLACEMENT_3D($,#5005,#3721,#3722);
#3214=AXIS2_PLACEMENT_3D($,#5008,#3723,#3724);
#3215=AXIS2_PLACEMENT_3D($,#5013,#3725,#3726);
#3216=AXIS2_PLACEMENT_3D($,#5018,#3727,#3728);
#3217=AXIS2_PLACEMENT_3D($,#5023,#3729,#3730);
#3218=AXIS2_PLACEMENT_3D($,#5028,#3731,#3732);
#3219=AXIS2_PLACEMENT_3D($,#5031,#3733,#3734);
#3220=AXIS2_PLACEMENT_3D($,#5034,#3735,#3736);
#3221=AXIS2_PLACEMENT_3D($,#5037,#3737,#3738);
#3222=AXIS2_PLACEMENT_3D($,#5040,#3739,#3740);
#3223=AXIS2_PLACEMENT_3D($,#5045,#3741,#3742);
#3224=AXIS2_PLACEMENT_3D($,#5064,#3743,#3744);
#3225=AXIS2_PLACEMENT_3D($,#5069,#3745,#3746);
#3226=AXIS2_PLACEMENT_3D($,#5076,#3747,#3748);
#3227=AXIS2_PLACEMENT_3D($,#5079,#3749,#3750);
#3228=AXIS2_PLACEMENT_3D($,#5082,#3751,#3752);
#3229=AXIS2_PLACEMENT_3D($,#5085,#3753,#3754);
#3230=AXIS2_PLACEMENT_3D($,#5088,#3755,#3756);
#3231=AXIS2_PLACEMENT_3D($,#5093,#3757,#3758);
#3232=AXIS2_PLACEMENT_3D($,#5098,#3759,#3760);
#3233=AXIS2_PLACEMENT_3D($,#5101,#3761,#3762);
#3234=AXIS2_PLACEMENT_3D($,#5104,#3763,#3764);
#3235=AXIS2_PLACEMENT_3D($,#5109,#3765,#3766);
#3236=AXIS2_PLACEMENT_3D($,#5114,#3767,#3768);
#3237=AXIS2_PLACEMENT_3D($,#5117,#3769,#3770);
#3238=AXIS2_PLACEMENT_3D($,#5120,#3771,#3772);
#3239=AXIS2_PLACEMENT_3D($,#5125,#3773,#3774);
#3240=AXIS2_PLACEMENT_3D($,#5130,#3775,#3776);
#3241=AXIS2_PLACEMENT_3D($,#5133,#3777,#3778);
#3242=AXIS2_PLACEMENT_3D($,#5136,#3779,#3780);
#3243=AXIS2_PLACEMENT_3D($,#5141,#3781,#3782);
#3244=AXIS2_PLACEMENT_3D($,#5146,#3783,#3784);
#3245=AXIS2_PLACEMENT_3D($,#5149,#3785,#3786);
#3246=AXIS2_PLACEMENT_3D($,#5152,#3787,#3788);
#3247=AXIS2_PLACEMENT_3D($,#5157,#3789,#3790);
#3248=AXIS2_PLACEMENT_3D($,#5162,#3791,#3792);
#3249=AXIS2_PLACEMENT_3D($,#5165,#3793,#3794);
#3250=AXIS2_PLACEMENT_3D($,#5168,#3795,#3796);
#3251=AXIS2_PLACEMENT_3D($,#5173,#3797,#3798);
#3252=AXIS2_PLACEMENT_3D($,#5178,#3799,#3800);
#3253=AXIS2_PLACEMENT_3D($,#5181,#3801,#3802);
#3254=AXIS2_PLACEMENT_3D($,#5184,#3803,#3804);
#3255=AXIS2_PLACEMENT_3D($,#5189,#3805,#3806);
#3256=AXIS2_PLACEMENT_3D($,#5194,#3807,#3808);
#3257=AXIS2_PLACEMENT_3D($,#5197,#3809,#3810);
#3258=AXIS2_PLACEMENT_3D($,#5200,#3811,#3812);
#3259=AXIS2_PLACEMENT_3D($,#5205,#3813,#3814);
#3260=AXIS2_PLACEMENT_3D($,#5210,#3815,#3816);
#3261=AXIS2_PLACEMENT_3D($,#5213,#3817,#3818);
#3262=AXIS2_PLACEMENT_3D($,#5216,#3819,#3820);
#3263=AXIS2_PLACEMENT_3D($,#5221,#3821,#3822);
#3264=AXIS2_PLACEMENT_3D($,#5226,#3823,#3824);
#3265=AXIS2_PLACEMENT_3D($,#5229,#3825,#3826);
#3266=AXIS2_PLACEMENT_3D($,#5232,#3827,#3828);
#3267=AXIS2_PLACEMENT_3D($,#5237,#3829,#3830);
#3268=AXIS2_PLACEMENT_3D($,#5242,#3831,#3832);
#3269=AXIS2_PLACEMENT_3D($,#5245,#3833,#3834);
#3270=AXIS2_PLACEMENT_3D($,#5248,#3835,#3836);
#3271=AXIS2_PLACEMENT_3D($,#5253,#3837,#3838);
#3272=AXIS2_PLACEMENT_3D($,#5258,#3839,#3840);
#3273=AXIS2_PLACEMENT_3D($,#5263,#3841,#3842);
#3274=AXIS2_PLACEMENT_3D($,#5268,#3843,#3844);
#3275=AXIS2_PLACEMENT_3D($,#5271,#3845,#3846);
#3276=AXIS2_PLACEMENT_3D($,#5274,#3847,#3848);
#3277=AXIS2_PLACEMENT_3D($,#5277,#3849,#3850);
#3278=AXIS2_PLACEMENT_3D($,#5280,#3851,#3852);
#3279=DIRECTION('',(0.,0.,1.));
#3280=DIRECTION('',(1.,0.,0.));
#3281=DIRECTION('',(0.,0.,-1.));
#3282=DIRECTION('',(0.,0.,1.));
#3283=DIRECTION('',(0.,0.,1.));
#3284=DIRECTION('',(0.,0.,1.));
#3285=DIRECTION('',(0.,0.,1.));
#3286=DIRECTION('',(0.,0.,1.));
#3287=DIRECTION('',(0.,0.,1.));
#3288=DIRECTION('',(0.,0.,1.));
#3289=DIRECTION('',(0.,0.,1.));
#3290=DIRECTION('',(0.,0.,1.));
#3291=DIRECTION('',(0.,0.,1.));
#3292=DIRECTION('',(-9.86864910777916E-16,3.28954970259305E-16,1.));
#3293=DIRECTION('',(0.,0.,1.));
#3294=DIRECTION('',(-9.86864910777917E-16,3.28954970259305E-16,1.));
#3295=DIRECTION('',(0.,0.,1.));
#3296=DIRECTION('',(0.,0.,-1.));
#3297=DIRECTION('',(0.,0.,1.));
#3298=DIRECTION('',(0.,0.,1.));
#3299=DIRECTION('',(0.,0.,1.));
#3300=DIRECTION('',(0.,0.,1.));
#3301=DIRECTION('',(0.,0.,1.));
#3302=DIRECTION('',(0.,0.,1.));
#3303=DIRECTION('',(0.,0.,1.));
#3304=DIRECTION('',(0.,0.,1.));
#3305=DIRECTION('',(0.,0.,-1.));
#3306=DIRECTION('',(0.,1.,0.));
#3307=DIRECTION('',(0.,1.,0.));
#3308=DIRECTION('',(0.,1.,0.));
#3309=DIRECTION('',(0.,1.,0.));
#3310=DIRECTION('',(0.,0.,-1.));
#3311=DIRECTION('',(-1.,0.,0.));
#3312=DIRECTION('',(-1.,0.,0.));
#3313=DIRECTION('',(-8.52651282912122E-16,2.72630328844383E-31,1.));
#3314=DIRECTION('',(0.,0.,1.));
#3315=DIRECTION('',(1.,0.,0.));
#3316=DIRECTION('',(1.,0.,0.));
#3317=DIRECTION('',(0.,0.,1.));
#3318=DIRECTION('',(0.,0.,1.));
#3319=DIRECTION('',(0.,0.,-1.));
#3320=DIRECTION('',(1.,0.,0.));
#3321=DIRECTION('',(0.,0.,-1.));
#3322=DIRECTION('',(-7.85046229341887E-17,0.707106781186548,-0.707106781186547));
#3323=DIRECTION('',(-1.,0.,0.));
#3324=DIRECTION('',(0.,0.,1.));
#3325=DIRECTION('',(1.,0.,0.));
#3326=DIRECTION('',(0.,-0.707106781186547,0.707106781186547));
#3327=DIRECTION('',(-1.,0.,0.));
#3328=DIRECTION('',(0.,-1.,0.));
#3329=DIRECTION('',(1.,0.,0.));
#3330=DIRECTION('',(5.88784672006416E-17,-0.707106781186547,-0.707106781186548));
#3331=DIRECTION('',(-1.,0.,0.));
#3332=DIRECTION('',(0.,-1.,0.));
#3333=DIRECTION('',(0.,-1.,0.));
#3334=DIRECTION('',(0.,1.,0.));
#3335=DIRECTION('',(-1.57009245868378E-16,0.707106781186547,0.707106781186548));
#3336=DIRECTION('',(0.,1.,0.));
#3337=DIRECTION('',(0.,1.,0.));
#3338=DIRECTION('',(0.,1.,0.));
#3339=DIRECTION('',(0.,1.,0.));
#3340=DIRECTION('',(0.,1.,0.));
#3341=DIRECTION('',(0.,1.,0.));
#3342=DIRECTION('',(0.,1.,0.));
#3343=DIRECTION('',(0.,1.,0.));
#3344=DIRECTION('',(0.,1.,0.));
#3345=DIRECTION('',(0.,1.,0.));
#3346=DIRECTION('',(0.,1.,0.));
#3347=DIRECTION('',(0.,1.,0.));
#3348=DIRECTION('',(0.,1.,0.));
#3349=DIRECTION('',(0.,1.,0.));
#3350=DIRECTION('',(0.,1.,0.));
#3351=DIRECTION('',(0.,1.,0.));
#3352=DIRECTION('',(0.,0.,1.));
#3353=DIRECTION('',(0.,3.28954970259305E-16,-1.));
#3354=DIRECTION('',(-5.26327952414891E-15,1.,3.28954970259307E-16));
#3355=DIRECTION('',(0.,6.57909940518614E-16,-1.));
#3356=DIRECTION('',(-5.26327952414891E-15,1.,6.57909940518614E-16));
#3357=DIRECTION('',(0.,0.,-1.));
#3358=DIRECTION('',(-2.63163976207446E-15,1.,0.));
#3359=DIRECTION('',(0.,0.,1.));
#3360=DIRECTION('',(-2.63163976207446E-15,-1.,0.));
#3361=DIRECTION('',(0.,3.28954970259307E-16,-1.));
#3362=DIRECTION('',(-2.63163976207447E-15,-1.,-3.28954970259309E-16));
#3363=DIRECTION('',(0.,6.57909940518614E-16,-1.));
#3364=DIRECTION('',(-2.63163976207447E-15,-1.,-6.57909940518618E-16));
#3365=DIRECTION('',(0.,0.,-1.));
#3366=DIRECTION('',(5.26327952414891E-15,-1.,0.));
#3367=DIRECTION('',(0.,0.,1.));
#3368=DIRECTION('',(2.63163976207446E-15,1.,0.));
#3369=DIRECTION('',(0.,3.28954970259305E-16,-1.));
#3370=DIRECTION('',(3.94745964311166E-15,1.,0.));
#3371=DIRECTION('',(0.,6.57909940518611E-16,-1.));
#3372=DIRECTION('',(3.94745964311166E-15,1.,0.));
#3373=DIRECTION('',(0.,0.,-1.));
#3374=DIRECTION('',(-1.31581988103723E-15,1.,0.));
#3375=DIRECTION('',(0.,0.,1.));
#3376=DIRECTION('',(-1.31581988103722E-15,-1.,0.));
#3377=DIRECTION('',(0.,3.28954970259305E-16,-1.));
#3378=DIRECTION('',(-3.94745964311166E-15,-1.,-6.57909940518611E-16));
#3379=DIRECTION('',(0.,6.57909940518611E-16,-1.));
#3380=DIRECTION('',(-3.94745964311166E-15,-1.,-1.31581988103722E-15));
#3381=DIRECTION('',(0.,0.,-1.));
#3382=DIRECTION('',(1.31581988103722E-15,-1.,0.));
#3383=DIRECTION('',(0.,0.,1.));
#3384=DIRECTION('',(1.31581988103722E-15,1.,0.));
#3385=DIRECTION('',(0.,3.28954970259305E-16,-1.));
#3386=DIRECTION('',(-2.38492353437996E-15,1.,0.));
#3387=DIRECTION('',(0.,6.57909940518611E-16,-1.));
#3388=DIRECTION('',(-2.38492353437996E-15,1.,0.));
#3389=DIRECTION('',(0.,0.,-1.));
#3390=DIRECTION('',(-2.54940101950962E-15,1.,0.));
#3391=DIRECTION('',(0.,0.,1.));
#3392=DIRECTION('',(-3.78298215798201E-15,-1.,0.));
#3393=DIRECTION('',(0.,3.28954970259305E-16,-1.));
#3394=DIRECTION('',(1.15134239590757E-15,-1.,-6.57909940518611E-16));
#3395=DIRECTION('',(0.,6.57909940518611E-16,-1.));
#3396=DIRECTION('',(1.15134239590757E-15,-1.,-1.31581988103722E-15));
#3397=DIRECTION('',(0.,0.,-1.));
#3398=DIRECTION('',(1.15134239590756E-15,-1.,0.));
#3399=DIRECTION('',(0.,0.,1.));
#3400=DIRECTION('',(1.80925233642618E-15,1.,0.));
#3401=DIRECTION('',(0.,3.28954970259305E-16,-1.));
#3402=DIRECTION('',(-6.57909940518611E-16,1.,6.57909940518611E-16));
#3403=DIRECTION('',(0.,6.57909940518611E-16,-1.));
#3404=DIRECTION('',(-1.31581988103722E-15,1.,1.31581988103722E-15));
#3405=DIRECTION('',(0.,0.,-1.));
#3406=DIRECTION('',(-1.97372982155583E-15,1.,0.));
#3407=DIRECTION('',(0.,0.,-1.));
#3408=DIRECTION('',(-1.31581988103722E-15,1.,0.));
#3409=DIRECTION('',(0.,3.28954970259307E-16,-1.));
#3410=DIRECTION('',(3.94745964311168E-15,-1.,-3.28954970259307E-16));
#3411=DIRECTION('',(0.,6.57909940518614E-16,-1.));
#3412=DIRECTION('',(5.92118946466753E-15,-1.,-6.57909940518614E-16));
#3413=DIRECTION('',(0.,0.,-1.));
#3414=DIRECTION('',(1.97372982155584E-15,-1.,0.));
#3415=DIRECTION('',(0.,0.,-1.));
#3416=DIRECTION('',(2.63163976207446E-15,-1.,0.));
#3417=DIRECTION('',(0.,3.28954970259305E-16,-1.));
#3418=DIRECTION('',(0.,1.,3.28954970259306E-16));
#3419=DIRECTION('',(0.,6.57909940518611E-16,-1.));
#3420=DIRECTION('',(0.,1.,6.57909940518612E-16));
#3421=DIRECTION('',(0.,0.,-1.));
#3422=DIRECTION('',(0.,1.,0.));
#3423=DIRECTION('',(0.,0.,-1.));
#3424=DIRECTION('',(-1.31581988103722E-15,1.,0.));
#3425=DIRECTION('',(0.,3.28954970259305E-16,-1.));
#3426=DIRECTION('',(-1.31581988103722E-15,-1.,-3.28954970259305E-16));
#3427=DIRECTION('',(0.,6.57909940518611E-16,-1.));
#3428=DIRECTION('',(-1.31581988103722E-15,-1.,-6.57909940518611E-16));
#3429=DIRECTION('',(0.,0.,-1.));
#3430=DIRECTION('',(1.31581988103722E-15,-1.,0.));
#3431=DIRECTION('',(0.,0.,-1.));
#3432=DIRECTION('',(1.31581988103722E-15,-1.,0.));
#3433=DIRECTION('',(0.,0.,1.));
#3434=DIRECTION('',(0.,1.,0.));
#3435=DIRECTION('',(0.,0.,1.));
#3436=DIRECTION('',(0.,1.,0.));
#3437=DIRECTION('',(-2.22044604925031E-16,-2.22044604925032E-16,1.));
#3438=DIRECTION('',(-1.77635683940025E-15,1.,0.));
#3439=DIRECTION('',(1.38614468506033E-15,-1.8302338949104E-15,1.));
#3440=DIRECTION('',(-1.77635683940025E-15,1.,1.77635683940025E-15));
#3441=DIRECTION('',(1.4210854715202E-16,4.2632564145606E-16,-1.));
#3442=DIRECTION('',(1.,-5.6843418860808E-16,1.4210854715202E-16));
#3443=DIRECTION('',(7.105427357601E-17,3.5527136788005E-16,-1.));
#3444=DIRECTION('',(1.,-5.6843418860808E-16,1.4210854715202E-16));
#3445=DIRECTION('',(0.,0.,-1.));
#3446=DIRECTION('',(1.,0.,0.));
#3447=DIRECTION('',(0.,0.,-1.));
#3448=DIRECTION('',(1.,5.6843418860808E-16,0.));
#3449=DIRECTION('',(-1.38614468506034E-15,-1.8302338949104E-15,1.));
#3450=DIRECTION('',(1.,3.55271367880049E-15,1.77635683940024E-15));
#3451=DIRECTION('',(2.22044604925031E-16,-2.22044604925032E-16,1.));
#3452=DIRECTION('',(1.,3.55271367880049E-15,-2.22044604925031E-16));
#3453=DIRECTION('',(0.,0.,1.));
#3454=DIRECTION('',(1.,0.,0.));
#3455=DIRECTION('',(0.,0.,1.));
#3456=DIRECTION('',(1.,0.,0.));
#3457=DIRECTION('',(2.2204460492503E-16,-2.22044604925033E-16,1.));
#3458=DIRECTION('',(1.,0.,-2.22044604925031E-16));
#3459=DIRECTION('',(-1.38614468506033E-15,-1.83023389491039E-15,1.));
#3460=DIRECTION('',(1.,0.,1.33226762955019E-15));
#3461=DIRECTION('',(0.,0.,1.));
#3462=DIRECTION('',(1.,-1.77635683940025E-15,0.));
#3463=DIRECTION('',(0.,0.,1.));
#3464=DIRECTION('',(1.,-1.77635683940025E-15,0.));
#3465=DIRECTION('',(0.,0.,1.));
#3466=DIRECTION('',(2.66453525910038E-15,1.,0.));
#3467=DIRECTION('',(0.,0.,1.));
#3468=DIRECTION('',(2.66453525910038E-15,1.,0.));
#3469=DIRECTION('',(1.,0.,0.));
#3470=DIRECTION('',(0.,3.19744231090596E-14,1.));
#3471=DIRECTION('',(-1.,4.46517444538982E-15,-1.07798847044177E-14));
#3472=DIRECTION('',(-1.0658141036353E-14,-0.707106781186759,0.707106781186336));
#3473=DIRECTION('',(-1.,0.,0.));
#3474=DIRECTION('',(0.,-1.,7.10542735756821E-15));
#3475=DIRECTION('',(1.,2.15597694088355E-14,-8.93034889077988E-15));
#3476=DIRECTION('',(2.13162820727059E-14,-0.707106781186333,0.707106781186762));
#3477=DIRECTION('',(1.,0.,0.));
#3478=DIRECTION('',(0.,-1.,1.15463194560487E-14));
#3479=DIRECTION('',(-1.,0.,0.));
#3480=DIRECTION('',(0.,-0.707106781186347,-0.707106781186748));
#3481=DIRECTION('',(-1.,-4.46517444539004E-15,-1.07798847044183E-14));
#3482=DIRECTION('',(1.06581410363526E-14,1.42108547151368E-14,-1.));
#3483=DIRECTION('',(1.,0.,0.));
#3484=DIRECTION('',(0.,-0.707106781186746,-0.707106781186349));
#3485=DIRECTION('',(0.,1.,0.));
#3486=DIRECTION('',(-2.1316282072803E-16,0.,1.));
#3487=DIRECTION('',(0.,-1.,0.));
#3488=DIRECTION('',(-3.5527136788005E-17,0.,-1.));
#3489=DIRECTION('',(0.,1.,0.));
#3490=DIRECTION('',(-3.5527136788005E-17,0.,-1.));
#3491=DIRECTION('',(0.,-1.,0.));
#3492=DIRECTION('',(-2.1316282072803E-16,0.,1.));
#3493=DIRECTION('',(0.,1.,0.));
#3494=DIRECTION('',(-1.,0.,0.));
#3495=DIRECTION('',(0.,1.,0.));
#3496=DIRECTION('',(-1.,0.,0.));
#3497=DIRECTION('',(0.,1.,0.));
#3498=DIRECTION('',(1.,0.,0.));
#3499=DIRECTION('',(0.,1.,0.));
#3500=DIRECTION('',(1.,0.,0.));
#3501=DIRECTION('',(0.,1.,0.));
#3502=DIRECTION('',(-1.,0.,0.));
#3503=DIRECTION('',(0.,1.,0.));
#3504=DIRECTION('',(-1.,0.,0.));
#3505=DIRECTION('',(0.,1.,0.));
#3506=DIRECTION('',(1.,0.,0.));
#3507=DIRECTION('',(0.,1.,0.));
#3508=DIRECTION('',(1.,0.,0.));
#3509=DIRECTION('',(0.,1.,0.));
#3510=DIRECTION('',(-1.,0.,-2.22044604925031E-15));
#3511=DIRECTION('',(0.,1.,0.));
#3512=DIRECTION('',(-1.,0.,-2.22044604925031E-15));
#3513=DIRECTION('',(0.,1.,0.));
#3514=DIRECTION('',(1.,0.,-2.22044604925031E-15));
#3515=DIRECTION('',(0.,1.,0.));
#3516=DIRECTION('',(1.,0.,-2.22044604925031E-15));
#3517=DIRECTION('',(0.,1.,0.));
#3518=DIRECTION('',(-1.,0.,-2.22044604925032E-15));
#3519=DIRECTION('',(0.,1.,0.));
#3520=DIRECTION('',(-1.,0.,-2.22044604925032E-15));
#3521=DIRECTION('',(0.,1.,0.));
#3522=DIRECTION('',(1.,0.,0.));
#3523=DIRECTION('',(0.,1.,0.));
#3524=DIRECTION('',(1.,0.,0.));
#3525=DIRECTION('',(0.,1.,0.));
#3526=DIRECTION('',(-1.,0.,0.));
#3527=DIRECTION('',(0.,1.,0.));
#3528=DIRECTION('',(-1.,0.,0.));
#3529=DIRECTION('',(0.,1.,0.));
#3530=DIRECTION('',(1.,0.,0.));
#3531=DIRECTION('',(0.,1.,0.));
#3532=DIRECTION('',(1.,0.,0.));
#3533=DIRECTION('',(0.,1.,0.));
#3534=DIRECTION('',(-1.,0.,0.));
#3535=DIRECTION('',(0.,1.,0.));
#3536=DIRECTION('',(-1.,0.,0.));
#3537=DIRECTION('',(0.,1.,0.));
#3538=DIRECTION('',(1.,0.,0.));
#3539=DIRECTION('',(0.,1.,0.));
#3540=DIRECTION('',(1.,0.,0.));
#3541=DIRECTION('',(0.,1.,0.));
#3542=DIRECTION('',(-1.,0.,0.));
#3543=DIRECTION('',(0.,1.,0.));
#3544=DIRECTION('',(-1.,0.,-2.22044604925031E-15));
#3545=DIRECTION('',(0.,1.,0.));
#3546=DIRECTION('',(1.,0.,0.));
#3547=DIRECTION('',(0.,1.,0.));
#3548=DIRECTION('',(1.,0.,0.));
#3549=DIRECTION('',(0.,1.,0.));
#3550=DIRECTION('',(-1.,0.,0.));
#3551=DIRECTION('',(0.,1.,0.));
#3552=DIRECTION('',(-1.,0.,0.));
#3553=DIRECTION('',(0.,1.,0.));
#3554=DIRECTION('',(1.,0.,0.));
#3555=DIRECTION('',(0.,1.,0.));
#3556=DIRECTION('',(1.,0.,0.));
#3557=DIRECTION('',(1.38614468506033E-15,-1.8302338949104E-15,1.));
#3558=DIRECTION('',(-2.66453525910037E-15,1.,1.77635683940025E-15));
#3559=DIRECTION('',(-2.2204460492503E-16,-2.22044604925032E-16,1.));
#3560=DIRECTION('',(-2.66453525910037E-15,1.,4.44089209850062E-16));
#3561=DIRECTION('',(0.,0.,-1.));
#3562=DIRECTION('',(0.,0.,1.));
#3563=DIRECTION('',(0.,0.,1.));
#3564=DIRECTION('',(0.,0.,1.));
#3565=DIRECTION('',(0.,0.,1.));
#3566=DIRECTION('',(0.,0.,1.));
#3567=DIRECTION('',(0.,0.,1.));
#3568=DIRECTION('',(0.,0.,1.));
#3569=DIRECTION('',(0.,0.,1.));
#3570=DIRECTION('',(0.,0.,1.));
#3571=DIRECTION('',(0.,0.,1.));
#3572=DIRECTION('',(0.,0.,1.));
#3573=DIRECTION('',(0.,0.,1.));
#3574=DIRECTION('',(0.,0.,1.));
#3575=DIRECTION('',(0.,0.,1.));
#3576=DIRECTION('',(0.,0.,-1.));
#3577=DIRECTION('',(0.,0.,1.));
#3578=DIRECTION('',(0.,0.,1.));
#3579=DIRECTION('',(0.,0.,1.));
#3580=DIRECTION('',(0.,0.,1.));
#3581=DIRECTION('',(0.,0.,1.));
#3582=DIRECTION('',(0.,0.,1.));
#3583=DIRECTION('',(0.,0.,1.));
#3584=DIRECTION('',(0.,0.,1.));
#3585=DIRECTION('',(0.,0.,1.));
#3586=DIRECTION('',(0.,0.,1.));
#3587=DIRECTION('',(0.,0.,1.));
#3588=DIRECTION('',(0.,0.,1.));
#3589=DIRECTION('',(0.,0.,1.));
#3590=DIRECTION('',(0.,0.,1.));
#3591=DIRECTION('',(0.,0.,1.));
#3592=DIRECTION('',(0.,0.,1.));
#3593=DIRECTION('',(0.,0.,-1.));
#3594=DIRECTION('',(-1.,0.,0.));
#3595=DIRECTION('',(0.,-1.,0.));
#3596=DIRECTION('',(1.,0.,0.));
#3597=DIRECTION('',(0.,0.,-1.));
#3598=DIRECTION('',(0.,-1.,0.));
#3599=DIRECTION('',(0.,-1.,0.));
#3600=DIRECTION('',(0.,0.,-1.));
#3601=DIRECTION('',(0.,0.,-1.));
#3602=DIRECTION('',(-1.,0.,0.));
#3603=DIRECTION('',(0.,1.,0.));
#3604=DIRECTION('',(1.,0.,0.));
#3605=DIRECTION('',(0.,1.,0.));
#3606=DIRECTION('',(0.,1.,0.));
#3607=DIRECTION('',(0.,1.,0.));
#3608=DIRECTION('',(0.,1.,0.));
#3609=DIRECTION('',(0.,1.,0.));
#3610=DIRECTION('',(0.,1.,0.));
#3611=DIRECTION('',(0.,1.,0.));
#3612=DIRECTION('',(0.,1.,0.));
#3613=DIRECTION('',(0.,1.,0.));
#3614=DIRECTION('',(0.,1.,0.));
#3615=DIRECTION('',(0.,-1.,0.));
#3616=DIRECTION('',(0.,-1.,0.));
#3617=DIRECTION('',(0.,-1.,0.));
#3618=DIRECTION('',(0.,-1.,0.));
#3619=DIRECTION('',(0.,-1.,0.));
#3620=DIRECTION('',(0.,-1.,0.));
#3621=DIRECTION('',(0.,-1.,0.));
#3622=DIRECTION('',(0.,-1.,0.));
#3623=DIRECTION('',(0.,0.,1.));
#3624=DIRECTION('',(0.,0.,1.));
#3625=DIRECTION('',(0.,0.,1.));
#3626=DIRECTION('',(0.,0.,1.));
#3627=DIRECTION('',(0.,0.,-1.));
#3628=DIRECTION('',(2.63163976207444E-15,1.,0.));
#3629=DIRECTION('',(0.,0.,-1.));
#3630=DIRECTION('',(2.63163976207444E-15,1.,0.));
#3631=DIRECTION('',(0.,0.,-1.));
#3632=DIRECTION('',(1.31581988103722E-15,1.,0.));
#3633=DIRECTION('',(0.,0.,1.));
#3634=DIRECTION('',(0.,-1.,0.));
#3635=DIRECTION('',(0.,0.,-1.));
#3636=DIRECTION('',(1.31581988103722E-15,-1.,0.));
#3637=DIRECTION('',(0.,0.,-1.));
#3638=DIRECTION('',(1.31581988103722E-15,-1.,0.));
#3639=DIRECTION('',(0.,0.,-1.));
#3640=DIRECTION('',(0.,-1.,0.));
#3641=DIRECTION('',(0.,0.,1.));
#3642=DIRECTION('',(0.,1.,0.));
#3643=DIRECTION('',(0.,0.,-1.));
#3644=DIRECTION('',(2.63163976207444E-15,1.,0.));
#3645=DIRECTION('',(0.,0.,-1.));
#3646=DIRECTION('',(2.63163976207444E-15,1.,0.));
#3647=DIRECTION('',(0.,0.,-1.));
#3648=DIRECTION('',(0.,1.,0.));
#3649=DIRECTION('',(0.,0.,1.));
#3650=DIRECTION('',(0.,-1.,0.));
#3651=DIRECTION('',(0.,0.,-1.));
#3652=DIRECTION('',(-1.31581988103722E-15,-1.,0.));
#3653=DIRECTION('',(0.,0.,-1.));
#3654=DIRECTION('',(-1.31581988103722E-15,-1.,0.));
#3655=DIRECTION('',(0.,0.,-1.));
#3656=DIRECTION('',(0.,-1.,0.));
#3657=DIRECTION('',(0.,0.,1.));
#3658=DIRECTION('',(0.,1.,0.));
#3659=DIRECTION('',(0.,0.,-1.));
#3660=DIRECTION('',(0.,1.,0.));
#3661=DIRECTION('',(0.,0.,-1.));
#3662=DIRECTION('',(0.,1.,0.));
#3663=DIRECTION('',(0.,0.,-1.));
#3664=DIRECTION('',(1.31581988103722E-15,1.,0.));
#3665=DIRECTION('',(0.,0.,1.));
#3666=DIRECTION('',(1.31581988103722E-15,-1.,0.));
#3667=DIRECTION('',(0.,0.,-1.));
#3668=DIRECTION('',(-1.31581988103722E-15,-1.,0.));
#3669=DIRECTION('',(0.,0.,-1.));
#3670=DIRECTION('',(-1.31581988103722E-15,-1.,0.));
#3671=DIRECTION('',(0.,0.,-1.));
#3672=DIRECTION('',(0.,-1.,0.));
#3673=DIRECTION('',(0.,0.,1.));
#3674=DIRECTION('',(-1.31581988103722E-15,1.,0.));
#3675=DIRECTION('',(0.,0.,-1.));
#3676=DIRECTION('',(-8.22387425648263E-17,1.,0.));
#3677=DIRECTION('',(0.,0.,-1.));
#3678=DIRECTION('',(-8.22387425648263E-17,1.,0.));
#3679=DIRECTION('',(0.,0.,-1.));
#3680=DIRECTION('',(4.11193712824132E-16,1.,0.));
#3681=DIRECTION('',(0.,0.,-1.));
#3682=DIRECTION('',(4.11193712824132E-16,1.,0.));
#3683=DIRECTION('',(0.,0.,-1.));
#3684=DIRECTION('',(1.64477485129653E-16,-1.,0.));
#3685=DIRECTION('',(0.,0.,-1.));
#3686=DIRECTION('',(1.64477485129653E-16,-1.,0.));
#3687=DIRECTION('',(0.,0.,-1.));
#3688=DIRECTION('',(5.75671197953784E-16,-1.,0.));
#3689=DIRECTION('',(0.,0.,-1.));
#3690=DIRECTION('',(5.75671197953784E-16,-1.,0.));
#3691=DIRECTION('',(0.,0.,-1.));
#3692=DIRECTION('',(2.63163976207444E-15,1.,0.));
#3693=DIRECTION('',(0.,0.,-1.));
#3694=DIRECTION('',(2.63163976207444E-15,1.,0.));
#3695=DIRECTION('',(0.,0.,-1.));
#3696=DIRECTION('',(-1.31581988103722E-15,1.,0.));
#3697=DIRECTION('',(0.,0.,-1.));
#3698=DIRECTION('',(-1.31581988103722E-15,1.,0.));
#3699=DIRECTION('',(0.,0.,-1.));
#3700=DIRECTION('',(1.31581988103722E-15,-1.,0.));
#3701=DIRECTION('',(0.,0.,-1.));
#3702=DIRECTION('',(1.31581988103722E-15,-1.,0.));
#3703=DIRECTION('',(0.,0.,-1.));
#3704=DIRECTION('',(0.,-1.,0.));
#3705=DIRECTION('',(0.,0.,-1.));
#3706=DIRECTION('',(0.,-1.,0.));
#3707=DIRECTION('',(0.,0.,-1.));
#3708=DIRECTION('',(0.,1.,0.));
#3709=DIRECTION('',(0.,0.,-1.));
#3710=DIRECTION('',(0.,1.,0.));
#3711=DIRECTION('',(0.,0.,-1.));
#3712=DIRECTION('',(0.,1.,0.));
#3713=DIRECTION('',(0.,0.,-1.));
#3714=DIRECTION('',(0.,1.,0.));
#3715=DIRECTION('',(0.,0.,-1.));
#3716=DIRECTION('',(0.,-1.,0.));
#3717=DIRECTION('',(0.,0.,-1.));
#3718=DIRECTION('',(0.,-1.,0.));
#3719=DIRECTION('',(0.,0.,-1.));
#3720=DIRECTION('',(0.,-1.,0.));
#3721=DIRECTION('',(0.,0.,-1.));
#3722=DIRECTION('',(0.,-1.,0.));
#3723=DIRECTION('',(0.,0.,-1.));
#3724=DIRECTION('',(0.,1.,0.));
#3725=DIRECTION('',(0.,0.,-1.));
#3726=DIRECTION('',(0.,1.,0.));
#3727=DIRECTION('',(0.,0.,-1.));
#3728=DIRECTION('',(-1.31581988103722E-15,1.,0.));
#3729=DIRECTION('',(0.,0.,-1.));
#3730=DIRECTION('',(-1.31581988103722E-15,1.,0.));
#3731=DIRECTION('',(0.,0.,-1.));
#3732=DIRECTION('',(1.31581988103722E-15,-1.,0.));
#3733=DIRECTION('',(0.,0.,-1.));
#3734=DIRECTION('',(1.31581988103722E-15,-1.,0.));
#3735=DIRECTION('',(0.,0.,-1.));
#3736=DIRECTION('',(0.,-1.,0.));
#3737=DIRECTION('',(0.,0.,-1.));
#3738=DIRECTION('',(0.,-1.,0.));
#3739=DIRECTION('',(6.86160763727085E-15,6.86160763727085E-15,1.));
#3740=DIRECTION('',(-1.,1.77635683940025E-15,5.68434188608081E-15));
#3741=DIRECTION('',(6.86160763727085E-15,6.86160763727085E-15,1.));
#3742=DIRECTION('',(-1.,1.77635683940025E-15,5.68434188608081E-15));
#3743=DIRECTION('',(-6.86160763727085E-15,6.86160763727085E-15,1.));
#3744=DIRECTION('',(-1.4210854715202E-15,-1.,8.52651282912121E-15));
#3745=DIRECTION('',(-6.86160763727085E-15,6.86160763727085E-15,1.));
#3746=DIRECTION('',(-1.4210854715202E-15,-1.,8.52651282912121E-15));
#3747=DIRECTION('',(2.92837423185662E-15,2.21783149609652E-15,1.));
#3748=DIRECTION('',(-1.,1.06581410364015E-15,2.8421709430404E-15));
#3749=DIRECTION('',(1.21297232253891E-15,5.02429586778806E-16,1.));
#3750=DIRECTION('',(-1.,1.06581410364015E-15,1.4210854715202E-15));
#3751=DIRECTION('',(-2.92837423185662E-15,2.21783149609652E-15,1.));
#3752=DIRECTION('',(-2.1316282072803E-15,-1.,2.1316282072803E-15));
#3753=DIRECTION('',(-1.21297232253891E-15,5.02429586778806E-16,1.));
#3754=DIRECTION('',(-2.1316282072803E-15,-1.,0.));
#3755=DIRECTION('',(-1.,-2.14425238664716E-15,-2.14425238664716E-15));
#3756=DIRECTION('',(-2.66453525910038E-15,0.,1.));
#3757=DIRECTION('',(1.,-2.14425238664716E-15,-2.14425238664716E-15));
#3758=DIRECTION('',(1.77635683940024E-15,1.,7.10542735760095E-15));
#3759=DIRECTION('',(1.,-2.14425238664715E-15,2.14425238664715E-15));
#3760=DIRECTION('',(2.66453525910037E-15,3.55271367880049E-15,-1.));
#3761=DIRECTION('',(-1.,-2.14425238664715E-15,2.14425238664715E-15));
#3762=DIRECTION('',(-2.66453525910038E-15,1.,-8.88178419700125E-16));
#3763=DIRECTION('',(0.,-1.,0.));
#3764=DIRECTION('',(-1.,0.,0.));
#3765=DIRECTION('',(0.,-1.,0.));
#3766=DIRECTION('',(-1.,0.,0.));
#3767=DIRECTION('',(0.,-1.,0.));
#3768=DIRECTION('',(1.,0.,0.));
#3769=DIRECTION('',(0.,-1.,0.));
#3770=DIRECTION('',(1.,0.,0.));
#3771=DIRECTION('',(0.,-1.,0.));
#3772=DIRECTION('',(1.,0.,0.));
#3773=DIRECTION('',(0.,-1.,0.));
#3774=DIRECTION('',(1.,0.,0.));
#3775=DIRECTION('',(0.,-1.,0.));
#3776=DIRECTION('',(-1.,0.,0.));
#3777=DIRECTION('',(0.,-1.,0.));
#3778=DIRECTION('',(-1.,0.,0.));
#3779=DIRECTION('',(0.,-1.,0.));
#3780=DIRECTION('',(1.,0.,4.44089209850063E-15));
#3781=DIRECTION('',(0.,-1.,0.));
#3782=DIRECTION('',(1.,0.,4.44089209850063E-15));
#3783=DIRECTION('',(0.,-1.,0.));
#3784=DIRECTION('',(-1.,0.,-4.44089209850062E-15));
#3785=DIRECTION('',(0.,-1.,0.));
#3786=DIRECTION('',(-1.,0.,-4.44089209850062E-15));
#3787=DIRECTION('',(0.,-1.,0.));
#3788=DIRECTION('',(1.,0.,-2.22044604925031E-15));
#3789=DIRECTION('',(0.,-1.,0.));
#3790=DIRECTION('',(1.,0.,-2.22044604925031E-15));
#3791=DIRECTION('',(0.,-1.,0.));
#3792=DIRECTION('',(-1.,0.,0.));
#3793=DIRECTION('',(0.,-1.,0.));
#3794=DIRECTION('',(-1.,0.,0.));
#3795=DIRECTION('',(0.,-1.,0.));
#3796=DIRECTION('',(1.,0.,0.));
#3797=DIRECTION('',(0.,-1.,0.));
#3798=DIRECTION('',(1.,0.,0.));
#3799=DIRECTION('',(0.,-1.,0.));
#3800=DIRECTION('',(-1.,0.,0.));
#3801=DIRECTION('',(0.,-1.,0.));
#3802=DIRECTION('',(-1.,0.,0.));
#3803=DIRECTION('',(0.,-1.,0.));
#3804=DIRECTION('',(1.,0.,4.44089209850063E-15));
#3805=DIRECTION('',(0.,-1.,0.));
#3806=DIRECTION('',(1.,0.,4.44089209850063E-15));
#3807=DIRECTION('',(0.,-1.,0.));
#3808=DIRECTION('',(-1.,0.,-4.44089209850062E-15));
#3809=DIRECTION('',(0.,-1.,0.));
#3810=DIRECTION('',(-1.,0.,-4.44089209850062E-15));
#3811=DIRECTION('',(0.,-1.,0.));
#3812=DIRECTION('',(1.,0.,0.));
#3813=DIRECTION('',(0.,-1.,0.));
#3814=DIRECTION('',(1.,0.,0.));
#3815=DIRECTION('',(0.,-1.,0.));
#3816=DIRECTION('',(-1.,0.,0.));
#3817=DIRECTION('',(0.,-1.,0.));
#3818=DIRECTION('',(-1.,0.,0.));
#3819=DIRECTION('',(0.,-1.,0.));
#3820=DIRECTION('',(1.,0.,0.));
#3821=DIRECTION('',(0.,-1.,0.));
#3822=DIRECTION('',(1.,0.,0.));
#3823=DIRECTION('',(0.,-1.,0.));
#3824=DIRECTION('',(-1.,0.,0.));
#3825=DIRECTION('',(0.,-1.,0.));
#3826=DIRECTION('',(-1.,0.,0.));
#3827=DIRECTION('',(0.,-1.,0.));
#3828=DIRECTION('',(1.,0.,-2.22044604925031E-15));
#3829=DIRECTION('',(0.,-1.,0.));
#3830=DIRECTION('',(1.,0.,-2.22044604925031E-15));
#3831=DIRECTION('',(0.,-1.,0.));
#3832=DIRECTION('',(-1.,0.,0.));
#3833=DIRECTION('',(0.,-1.,0.));
#3834=DIRECTION('',(-1.,0.,0.));
#3835=DIRECTION('',(0.,2.8421709430404E-16,-1.));
#3836=DIRECTION('',(3.5527136788005E-17,1.,2.8421709430404E-16));
#3837=DIRECTION('',(0.,2.8421709430404E-16,-1.));
#3838=DIRECTION('',(3.5527136788005E-17,1.,2.8421709430404E-16));
#3839=DIRECTION('',(0.,0.,-1.));
#3840=DIRECTION('',(-7.105427357601E-17,1.,0.));
#3841=DIRECTION('',(0.,0.,-1.));
#3842=DIRECTION('',(-7.105427357601E-17,1.,0.));
#3843=DIRECTION('',(0.,2.8421709430404E-16,-1.));
#3844=DIRECTION('',(3.5527136788005E-17,-1.,-2.8421709430404E-16));
#3845=DIRECTION('',(0.,2.8421709430404E-16,-1.));
#3846=DIRECTION('',(3.5527136788005E-17,-1.,-2.8421709430404E-16));
#3847=DIRECTION('',(0.,0.,-1.));
#3848=DIRECTION('',(-7.105427357601E-17,-1.,0.));
#3849=DIRECTION('',(0.,0.,-1.));
#3850=DIRECTION('',(-7.105427357601E-17,-1.,0.));
#3851=DIRECTION('',(0.,0.,1.));
#3852=DIRECTION('',(1.,0.,0.));
#3853=CARTESIAN_POINT('',(0.,0.,0.));
#3854=CARTESIAN_POINT('',(-17.1052389591767,-17.1276037533015,3.91302426489913));
#3855=CARTESIAN_POINT('',(9.48528137423745,-33.8852813742415,4.91302426489911));
#3856=CARTESIAN_POINT('',(9.48528137423744,-33.8852813742416,68.4130242648991));
#3857=CARTESIAN_POINT('',(9.48528137423745,-33.8852813742416,4.91302426489911));
#3858=CARTESIAN_POINT('',(9.48528137423744,-33.8852813742416,68.4130242648991));
#3859=CARTESIAN_POINT('',(-17.1052389591767,-17.1276037533015,5.91302426489913));
#3860=CARTESIAN_POINT('',(12.9999999999984,-25.4000000000015,4.91302426489911));
#3861=CARTESIAN_POINT('',(12.9999999999984,-25.4000000000016,68.4130242648991));
#3862=CARTESIAN_POINT('',(12.9999999999984,-25.4000000000015,4.91302426489911));
#3863=CARTESIAN_POINT('',(12.9999999999984,-25.4000000000016,68.4130242648991));
#3864=CARTESIAN_POINT('',(-17.1052389591767,-17.1276037533015,69.4130242648991));
#3865=CARTESIAN_POINT('',(0.999999999998446,-37.4000000000015,4.91302426489911));
#3866=CARTESIAN_POINT('',(0.999999999998446,-37.4000000000016,68.4130242648991));
#3867=CARTESIAN_POINT('',(0.999999999998451,-37.4000000000015,4.91302426489911));
#3868=CARTESIAN_POINT('',(0.999999999998444,-37.4000000000016,68.4130242648991));
#3869=CARTESIAN_POINT('',(-17.1052389591767,-17.1276037533015,67.4130242648991));
#3870=CARTESIAN_POINT('',(-7.48528137424055,-33.8852813742415,4.91302426489911));
#3871=CARTESIAN_POINT('',(-7.48528137424055,-33.8852813742416,68.4130242648991));
#3872=CARTESIAN_POINT('',(-7.48528137424055,-33.8852813742415,4.91302426489911));
#3873=CARTESIAN_POINT('',(-7.48528137424055,-33.8852813742416,68.4130242648991));
#3874=CARTESIAN_POINT('',(-11.0000000000016,-25.4000000000015,4.91302426489911));
#3875=CARTESIAN_POINT('',(-11.0000000000016,-25.4000000000016,68.4130242648991));
#3876=CARTESIAN_POINT('',(-11.0000000000016,-25.4000000000015,4.91302426489911));
#3877=CARTESIAN_POINT('',(-11.0000000000016,-25.4000000000016,68.4130242648991));
#3878=CARTESIAN_POINT('',(9.24999999999844,-22.4000000000016,68.4130242648991));
#3879=CARTESIAN_POINT('',(8.66976104082334,-20.4000000000015,3.60778530572401));
#3880=CARTESIAN_POINT('',(-12.5802389591767,-20.4000000000015,3.60778530572401));
#3881=CARTESIAN_POINT('',(8.66976104082334,-20.4000000000016,67.107785305724));
#3882=CARTESIAN_POINT('',(-12.5802389591767,-20.4000000000016,67.107785305724));
#3883=CARTESIAN_POINT('',(9.24999999999845,-22.4000000000015,4.91302426489911));
#3884=CARTESIAN_POINT('',(7.24999999999845,-25.8052389591766,3.60778530572401));
#3885=CARTESIAN_POINT('',(7.24999999999844,-25.8052389591767,67.107785305724));
#3886=CARTESIAN_POINT('',(0.999999999998447,-25.4000000000015,4.91302426489911));
#3887=CARTESIAN_POINT('',(0.999999999998441,-25.4000000000016,68.4130242648991));
#3888=CARTESIAN_POINT('',(-5.25000000000155,-21.9947610408264,3.60778530572401));
#3889=CARTESIAN_POINT('',(-5.25000000000156,-21.9947610408265,67.107785305724));
#3890=CARTESIAN_POINT('',(-7.25000000000155,-22.4000000000015,4.91302426489911));
#3891=CARTESIAN_POINT('',(-7.25000000000156,-22.4000000000016,68.4130242648991));
#3892=CARTESIAN_POINT('',(13.9999999999984,-22.4000000000015,4.91302426489911));
#3893=CARTESIAN_POINT('',(15.9999999999984,-64.3052389591766,-2.742214694276));
#3894=CARTESIAN_POINT('',(13.9999999999984,-22.4000000000016,68.4130242648991));
#3895=CARTESIAN_POINT('',(-17.1052389591767,-51.3334912036065,68.1511059365542));
#3896=CARTESIAN_POINT('',(-14.0000000000016,-18.4947610408264,-2.74221469427597));
#3897=CARTESIAN_POINT('',(-12.0000000000016,-22.4000000000016,68.4130242648991));
#3898=CARTESIAN_POINT('',(0.999999999998447,-52.0715728752516,67.4130242648991));
#3899=CARTESIAN_POINT('',(-17.1052389591767,-52.7477047659825,69.5653194989182));
#3900=CARTESIAN_POINT('',(0.999999999998444,-58.4000000000016,61.0845971401491));
#3901=CARTESIAN_POINT('',(-17.1052389591767,-60.4000000000016,7.251897855424));
#3902=CARTESIAN_POINT('',(0.999999999998451,-58.4000000000016,12.2414513896491));
#3903=CARTESIAN_POINT('',(19.1052389591736,-52.7477047659825,3.76072903088));
#3904=CARTESIAN_POINT('',(0.999999999998447,-52.0715728752515,5.91302426489911));
#3905=CARTESIAN_POINT('',(0.999999999998444,-59.4000000000016,36.6630242648991));
#3906=CARTESIAN_POINT('',(0.999999999998444,-59.4000000000016,36.6630242648991));
#3907=CARTESIAN_POINT('',(-17.1052389591767,-58.4000000000016,7.251897855424));
#3908=CARTESIAN_POINT('',(19.1052389591736,-51.3334912036065,5.17494259324399));
#3909=CARTESIAN_POINT('',(9.49999999999844,-59.4000000000016,45.1630242648991));
#3910=CARTESIAN_POINT('',(9.49999999999844,-59.4000000000016,45.1630242648991));
#3911=CARTESIAN_POINT('',(-7.50000000000155,-59.4000000000016,45.1630242648991));
#3912=CARTESIAN_POINT('',(-7.50000000000156,-59.4000000000016,45.1630242648991));
#3913=CARTESIAN_POINT('',(-7.50000000000156,-59.4000000000016,28.1630242648991));
#3914=CARTESIAN_POINT('',(-7.50000000000155,-59.4000000000016,28.1630242648991));
#3915=CARTESIAN_POINT('',(9.49999999999844,-59.4000000000016,28.1630242648991));
#3916=CARTESIAN_POINT('',(9.49999999999845,-59.4000000000016,28.1630242648991));
#3917=CARTESIAN_POINT('',(11.4999999999984,-59.4000000000016,56.6630242648991));
#3918=CARTESIAN_POINT('',(11.4999999999984,-59.4000000000016,56.6630242648991));
#3919=CARTESIAN_POINT('',(-9.50000000000156,-59.4000000000016,56.6630242648991));
#3920=CARTESIAN_POINT('',(-9.50000000000155,-59.4000000000016,56.6630242648991));
#3921=CARTESIAN_POINT('',(11.4999999999984,-59.4000000000016,16.6630242648991));
#3922=CARTESIAN_POINT('',(11.4999999999984,-59.4000000000016,16.6630242648991));
#3923=CARTESIAN_POINT('',(-9.50000000000155,-59.4000000000016,16.6630242648991));
#3924=CARTESIAN_POINT('',(-9.50000000000155,-59.4000000000016,16.6630242648991));
#3925=CARTESIAN_POINT('',(-12.0000000000016,-22.4000000000015,4.91302426489911));
#3926=CARTESIAN_POINT('',(9.24999999999845,-20.4000000000015,3.91302426489914));
#3927=CARTESIAN_POINT('',(7.24999999999845,-22.4000000000015,3.91302426489914));
#3928=CARTESIAN_POINT('',(7.24999999999845,-25.4000000000015,3.91302426489914));
#3929=CARTESIAN_POINT('',(-5.25000000000155,-25.4000000000015,3.91302426489914));
#3930=CARTESIAN_POINT('',(-5.25000000000155,-22.4000000000015,3.91302426489914));
#3931=CARTESIAN_POINT('',(-7.25000000000155,-20.4000000000015,3.91302426489914));
#3932=CARTESIAN_POINT('',(-12.0000000000016,-20.4000000000015,3.91302426489914));
#3933=CARTESIAN_POINT('',(-14.0000000000016,-22.4000000000015,3.91302426489914));
#3934=CARTESIAN_POINT('',(-14.0000000000016,-52.0715728752515,3.91302426489911));
#3935=CARTESIAN_POINT('',(15.9999999999984,-52.0715728752515,3.91302426489911));
#3936=CARTESIAN_POINT('',(15.9999999999984,-22.4000000000015,3.91302426489914));
#3937=CARTESIAN_POINT('',(13.9999999999984,-20.4000000000015,3.91302426489914));
#3938=CARTESIAN_POINT('',(12.9999999999984,-24.0500000000015,3.91302426489914));
#3939=CARTESIAN_POINT('',(12.9999999999984,-26.7500000000016,3.91302426489914));
#3940=CARTESIAN_POINT('',(0.999999999998447,-36.0500000000015,3.91302426489914));
#3941=CARTESIAN_POINT('',(0.999999999998447,-38.7500000000016,3.91302426489914));
#3942=CARTESIAN_POINT('',(-7.48528137424055,-32.5352813742415,3.91302426489914));
#3943=CARTESIAN_POINT('',(-7.48528137424055,-35.2352813742415,3.91302426489914));
#3944=CARTESIAN_POINT('',(-11.0000000000016,-24.0500000000015,3.91302426489914));
#3945=CARTESIAN_POINT('',(-11.0000000000016,-26.7500000000016,3.91302426489914));
#3946=CARTESIAN_POINT('',(9.48528137423745,-32.5352813742415,3.91302426489914));
#3947=CARTESIAN_POINT('',(9.48528137423745,-35.2352813742415,3.91302426489914));
#3948=CARTESIAN_POINT('',(9.48528137423745,-32.5352813742415,5.91302426489914));
#3949=CARTESIAN_POINT('',(9.48528137423745,-35.2352813742415,5.91302426489914));
#3950=CARTESIAN_POINT('',(9.48528137423744,-32.5352813742416,69.4130242648991));
#3951=CARTESIAN_POINT('',(9.48528137423744,-35.2352813742416,69.4130242648991));
#3952=CARTESIAN_POINT('',(9.48528137423744,-35.2352813742416,67.4130242648991));
#3953=CARTESIAN_POINT('',(9.48528137423744,-32.5352813742416,67.4130242648991));
#3954=CARTESIAN_POINT('',(9.24999999999845,-20.4000000000015,5.91302426489914));
#3955=CARTESIAN_POINT('',(7.24999999999845,-22.4000000000015,5.91302426489914));
#3956=CARTESIAN_POINT('',(13.9999999999984,-20.4000000000015,5.91302426489914));
#3957=CARTESIAN_POINT('',(15.9999999999984,-22.4000000000015,5.91302426489914));
#3958=CARTESIAN_POINT('',(15.9999999999984,-52.0715728752515,5.91302426489911));
#3959=CARTESIAN_POINT('',(-14.0000000000016,-52.0715728752515,5.91302426489911));
#3960=CARTESIAN_POINT('',(-14.0000000000016,-22.4000000000015,5.91302426489914));
#3961=CARTESIAN_POINT('',(-12.0000000000016,-20.4000000000015,5.91302426489914));
#3962=CARTESIAN_POINT('',(-7.25000000000155,-20.4000000000015,5.91302426489914));
#3963=CARTESIAN_POINT('',(-5.25000000000155,-22.4000000000015,5.91302426489914));
#3964=CARTESIAN_POINT('',(-5.25000000000155,-25.4000000000015,5.91302426489914));
#3965=CARTESIAN_POINT('',(7.24999999999845,-25.4000000000015,5.91302426489914));
#3966=CARTESIAN_POINT('',(12.9999999999984,-24.0500000000015,5.91302426489914));
#3967=CARTESIAN_POINT('',(12.9999999999984,-26.7500000000016,5.91302426489914));
#3968=CARTESIAN_POINT('',(0.999999999998447,-36.0500000000015,5.91302426489914));
#3969=CARTESIAN_POINT('',(0.999999999998447,-38.7500000000016,5.91302426489914));
#3970=CARTESIAN_POINT('',(-7.48528137424055,-32.5352813742415,5.91302426489914));
#3971=CARTESIAN_POINT('',(-7.48528137424055,-35.2352813742415,5.91302426489914));
#3972=CARTESIAN_POINT('',(-11.0000000000016,-24.0500000000015,5.91302426489914));
#3973=CARTESIAN_POINT('',(-11.0000000000016,-26.7500000000016,5.91302426489914));
#3974=CARTESIAN_POINT('',(12.9999999999984,-24.0500000000016,69.4130242648991));
#3975=CARTESIAN_POINT('',(12.9999999999984,-26.7500000000016,69.4130242648991));
#3976=CARTESIAN_POINT('',(12.9999999999984,-26.7500000000016,67.4130242648991));
#3977=CARTESIAN_POINT('',(12.9999999999984,-24.0500000000016,67.4130242648991));
#3978=CARTESIAN_POINT('',(9.24999999999844,-20.4000000000016,69.4130242648991));
#3979=CARTESIAN_POINT('',(7.24999999999844,-22.4000000000016,69.4130242648991));
#3980=CARTESIAN_POINT('',(13.9999999999984,-20.4000000000016,69.4130242648991));
#3981=CARTESIAN_POINT('',(15.9999999999984,-22.4000000000016,69.4130242648991));
#3982=CARTESIAN_POINT('',(15.9999999999984,-52.0715728752516,69.4130242648991));
#3983=CARTESIAN_POINT('',(-14.0000000000016,-52.0715728752516,69.4130242648991));
#3984=CARTESIAN_POINT('',(-14.0000000000016,-22.4000000000016,69.4130242648991));
#3985=CARTESIAN_POINT('',(-12.0000000000016,-20.4000000000016,69.4130242648991));
#3986=CARTESIAN_POINT('',(-7.25000000000156,-20.4000000000016,69.4130242648991));
#3987=CARTESIAN_POINT('',(-5.25000000000156,-22.4000000000016,69.4130242648991));
#3988=CARTESIAN_POINT('',(-5.25000000000156,-25.4000000000016,69.4130242648991));
#3989=CARTESIAN_POINT('',(7.24999999999844,-25.4000000000016,69.4130242648991));
#3990=CARTESIAN_POINT('',(0.999999999998442,-36.0500000000016,69.4130242648991));
#3991=CARTESIAN_POINT('',(0.999999999998442,-38.7500000000016,69.4130242648991));
#3992=CARTESIAN_POINT('',(-7.48528137424055,-32.5352813742416,69.4130242648991));
#3993=CARTESIAN_POINT('',(-7.48528137424055,-35.2352813742416,69.4130242648991));
#3994=CARTESIAN_POINT('',(-11.0000000000016,-24.0500000000016,69.4130242648991));
#3995=CARTESIAN_POINT('',(-11.0000000000016,-26.7500000000016,69.4130242648991));
#3996=CARTESIAN_POINT('',(0.999999999998443,-38.7500000000016,67.4130242648991));
#3997=CARTESIAN_POINT('',(0.999999999998443,-36.0500000000016,67.4130242648991));
#3998=CARTESIAN_POINT('',(9.24999999999844,-20.4000000000016,67.4130242648991));
#3999=CARTESIAN_POINT('',(7.24999999999844,-22.4000000000016,67.4130242648991));
#4000=CARTESIAN_POINT('',(7.24999999999844,-25.4000000000016,67.4130242648991));
#4001=CARTESIAN_POINT('',(-5.25000000000156,-25.4000000000016,67.4130242648991));
#4002=CARTESIAN_POINT('',(-5.25000000000156,-22.4000000000016,67.4130242648991));
#4003=CARTESIAN_POINT('',(-7.25000000000156,-20.4000000000016,67.4130242648991));
#4004=CARTESIAN_POINT('',(-12.0000000000016,-20.4000000000016,67.4130242648991));
#4005=CARTESIAN_POINT('',(-14.0000000000016,-22.4000000000016,67.4130242648991));
#4006=CARTESIAN_POINT('',(-14.0000000000016,-52.0715728752516,67.4130242648991));
#4007=CARTESIAN_POINT('',(15.9999999999984,-52.0715728752516,67.4130242648991));
#4008=CARTESIAN_POINT('',(15.9999999999984,-22.4000000000016,67.4130242648991));
#4009=CARTESIAN_POINT('',(13.9999999999984,-20.4000000000016,67.4130242648991));
#4010=CARTESIAN_POINT('',(-7.48528137424055,-32.5352813742416,67.4130242648991));
#4011=CARTESIAN_POINT('',(-7.48528137424055,-35.2352813742416,67.4130242648991));
#4012=CARTESIAN_POINT('',(-11.0000000000016,-24.0500000000016,67.4130242648991));
#4013=CARTESIAN_POINT('',(-11.0000000000016,-26.7500000000016,67.4130242648991));
#4014=CARTESIAN_POINT('',(15.9999999999984,-58.4000000000016,61.0845971401491));
#4015=CARTESIAN_POINT('',(15.9999999999984,-58.4000000000016,12.2414513896491));
#4016=CARTESIAN_POINT('',(15.9999999999984,-53.4857864376315,4.4988107025291));
#4017=CARTESIAN_POINT('',(15.9999999999984,-59.8142135623715,10.8272378272691));
#4018=CARTESIAN_POINT('',(15.9999999999984,-60.4000000000016,12.2414513896491));
#4019=CARTESIAN_POINT('',(15.9999999999984,-60.4000000000016,61.0845971401491));
#4020=CARTESIAN_POINT('',(15.9999999999984,-59.8142135623715,62.4988107025291));
#4021=CARTESIAN_POINT('',(15.9999999999984,-53.4857864376316,68.8272378272691));
#4022=CARTESIAN_POINT('',(-14.0000000000016,-58.4000000000016,61.0845971401491));
#4023=CARTESIAN_POINT('',(-14.0000000000016,-53.4857864376316,68.8272378272691));
#4024=CARTESIAN_POINT('',(-14.0000000000016,-59.8142135623716,62.4988107025291));
#4025=CARTESIAN_POINT('',(-14.0000000000016,-60.4000000000016,61.0845971401491));
#4026=CARTESIAN_POINT('',(-14.0000000000016,-60.4000000000016,12.2414513896491));
#4027=CARTESIAN_POINT('',(-14.0000000000016,-59.8142135623715,10.8272378272691));
#4028=CARTESIAN_POINT('',(-14.0000000000016,-53.4857864376316,4.4988107025291));
#4029=CARTESIAN_POINT('',(-14.0000000000016,-58.4000000000016,12.2414513896491));
#4030=CARTESIAN_POINT('',(0.999999999998445,-60.4000000000016,42.9130242648991));
#4031=CARTESIAN_POINT('',(0.999999999998446,-60.4000000000016,30.4130242648991));
#4032=CARTESIAN_POINT('',(7.89999999999844,-60.4000000000016,45.1630242648991));
#4033=CARTESIAN_POINT('',(11.0999999999984,-60.4000000000016,45.1630242648991));
#4034=CARTESIAN_POINT('',(-9.10000000000155,-60.4000000000016,45.1630242648991));
#4035=CARTESIAN_POINT('',(-5.90000000000156,-60.4000000000016,45.1630242648991));
#4036=CARTESIAN_POINT('',(-9.10000000000155,-60.4000000000016,28.1630242648991));
#4037=CARTESIAN_POINT('',(-5.90000000000155,-60.4000000000016,28.1630242648991));
#4038=CARTESIAN_POINT('',(7.89999999999844,-60.4000000000016,28.1630242648991));
#4039=CARTESIAN_POINT('',(11.0999999999984,-60.4000000000016,28.1630242648991));
#4040=CARTESIAN_POINT('',(9.89999999999844,-60.4000000000016,56.6630242648991));
#4041=CARTESIAN_POINT('',(13.0999999999984,-60.4000000000016,56.6630242648991));
#4042=CARTESIAN_POINT('',(-11.1000000000016,-60.4000000000016,56.6630242648991));
#4043=CARTESIAN_POINT('',(-7.90000000000156,-60.4000000000016,56.6630242648991));
#4044=CARTESIAN_POINT('',(9.89999999999844,-60.4000000000016,16.6630242648991));
#4045=CARTESIAN_POINT('',(13.0999999999984,-60.4000000000016,16.6630242648991));
#4046=CARTESIAN_POINT('',(-11.1000000000016,-60.4000000000016,16.6630242648991));
#4047=CARTESIAN_POINT('',(-7.90000000000155,-60.4000000000016,16.6630242648991));
#4048=CARTESIAN_POINT('',(0.999999999998446,-58.4000000000016,30.4130242648991));
#4049=CARTESIAN_POINT('',(0.999999999998445,-58.4000000000016,42.9130242648991));
#4050=CARTESIAN_POINT('',(7.89999999999844,-58.4000000000016,45.1630242648991));
#4051=CARTESIAN_POINT('',(11.0999999999984,-58.4000000000016,45.1630242648991));
#4052=CARTESIAN_POINT('',(-9.10000000000155,-58.4000000000016,45.1630242648991));
#4053=CARTESIAN_POINT('',(-5.90000000000156,-58.4000000000016,45.1630242648991));
#4054=CARTESIAN_POINT('',(-9.10000000000155,-58.4000000000016,28.1630242648991));
#4055=CARTESIAN_POINT('',(-5.90000000000155,-58.4000000000016,28.1630242648991));
#4056=CARTESIAN_POINT('',(7.89999999999844,-58.4000000000016,28.1630242648991));
#4057=CARTESIAN_POINT('',(11.0999999999984,-58.4000000000016,28.1630242648991));
#4058=CARTESIAN_POINT('',(9.89999999999844,-58.4000000000016,56.6630242648991));
#4059=CARTESIAN_POINT('',(13.0999999999984,-58.4000000000016,56.6630242648991));
#4060=CARTESIAN_POINT('',(-11.1000000000016,-58.4000000000016,56.6630242648991));
#4061=CARTESIAN_POINT('',(-7.90000000000156,-58.4000000000016,56.6630242648991));
#4062=CARTESIAN_POINT('',(9.89999999999845,-58.4000000000016,16.6630242648991));
#4063=CARTESIAN_POINT('',(13.0999999999984,-58.4000000000016,16.6630242648991));
#4064=CARTESIAN_POINT('',(-11.1000000000016,-58.4000000000016,16.6630242648991));
#4065=CARTESIAN_POINT('',(-7.90000000000155,-58.4000000000016,16.6630242648991));
#4066=CARTESIAN_POINT('',(7.24999999999845,-22.4000000000015,3.91302426489914));
#4067=CARTESIAN_POINT('',(7.24999999999845,-25.4000000000015,3.91302426489914));
#4068=CARTESIAN_POINT('',(-5.25000000000155,-25.4000000000015,3.91302426489914));
#4069=CARTESIAN_POINT('',(-5.25000000000155,-22.4000000000015,3.91302426489914));
#4070=CARTESIAN_POINT('',(-7.25000000000155,-20.4000000000015,3.91302426489914));
#4071=CARTESIAN_POINT('',(-12.0000000000016,-20.4000000000015,3.91302426489914));
#4072=CARTESIAN_POINT('',(-14.0000000000016,-22.4000000000015,3.91302426489914));
#4073=CARTESIAN_POINT('',(-14.0000000000016,-52.0715728752515,3.91302426489911));
#4074=CARTESIAN_POINT('',(-14.0000000000016,-52.0715728752515,3.91302426489911));
#4075=CARTESIAN_POINT('',(15.9999999999984,-52.0715728752515,3.91302426489911));
#4076=CARTESIAN_POINT('',(15.9999999999984,-52.0715728752515,3.91302426489911));
#4077=CARTESIAN_POINT('',(15.9999999999984,-22.4000000000015,3.91302426489914));
#4078=CARTESIAN_POINT('',(13.9999999999984,-20.4000000000015,3.91302426489914));
#4079=CARTESIAN_POINT('',(9.24999999999845,-20.4000000000015,3.91302426489914));
#4080=CARTESIAN_POINT('',(9.48528137423745,-33.8852813742415,3.91302426489914));
#4081=CARTESIAN_POINT('',(9.48528137423745,-32.5352813742415,3.91302426489914));
#4082=CARTESIAN_POINT('',(9.48528137423745,-35.2352813742415,3.91302426489914));
#4083=CARTESIAN_POINT('',(9.48528137423745,-32.5352813742415,3.91302426489914));
#4084=CARTESIAN_POINT('',(9.48528137423745,-32.5352813742415,5.91302426489914));
#4085=CARTESIAN_POINT('',(9.48528137423745,-33.8852813742415,5.91302426489914));
#4086=CARTESIAN_POINT('',(9.48528137423745,-32.5352813742415,5.91302426489914));
#4087=CARTESIAN_POINT('',(9.48528137423745,-35.2352813742415,5.91302426489913));
#4088=CARTESIAN_POINT('',(9.48528137423745,-35.2352813742415,5.91302426489914));
#4089=CARTESIAN_POINT('',(9.48528137423745,-35.2352813742415,3.91302426489914));
#4090=CARTESIAN_POINT('',(9.48528137423745,-33.8852813742416,69.4130242648991));
#4091=CARTESIAN_POINT('',(9.48528137423744,-32.5352813742416,69.4130242648991));
#4092=CARTESIAN_POINT('',(9.48528137423744,-35.2352813742416,69.4130242648991));
#4093=CARTESIAN_POINT('',(9.48528137423744,-35.2352813742416,69.4130242648991));
#4094=CARTESIAN_POINT('',(9.48528137423744,-35.2352813742416,67.4130242648991));
#4095=CARTESIAN_POINT('',(9.48528137423745,-33.8852813742416,67.4130242648991));
#4096=CARTESIAN_POINT('',(9.48528137423744,-35.2352813742416,67.4130242648991));
#4097=CARTESIAN_POINT('',(9.48528137423744,-32.5352813742416,67.4130242648991));
#4098=CARTESIAN_POINT('',(9.48528137423744,-32.5352813742416,67.4130242648991));
#4099=CARTESIAN_POINT('',(9.48528137423744,-32.5352813742416,69.4130242648991));
#4100=CARTESIAN_POINT('',(9.48528137423745,-33.8852813742416,3.91302426489914));
#4101=CARTESIAN_POINT('',(9.48528137423745,-35.2352813742415,3.91302426489914));
#4102=CARTESIAN_POINT('',(9.48528137423745,-32.5352813742416,3.91302426489914));
#4103=CARTESIAN_POINT('',(9.48528137423745,-33.8852813742416,5.91302426489914));
#4104=CARTESIAN_POINT('',(9.48528137423745,-35.2352813742415,5.91302426489913));
#4105=CARTESIAN_POINT('',(9.48528137423745,-32.5352813742416,5.91302426489914));
#4106=CARTESIAN_POINT('',(9.48528137423743,-33.8852813742416,69.4130242648991));
#4107=CARTESIAN_POINT('',(9.48528137423744,-35.2352813742416,69.4130242648991));
#4108=CARTESIAN_POINT('',(9.48528137423744,-32.5352813742416,69.4130242648991));
#4109=CARTESIAN_POINT('',(9.48528137423744,-33.8852813742416,67.4130242648991));
#4110=CARTESIAN_POINT('',(9.48528137423744,-32.5352813742416,67.4130242648991));
#4111=CARTESIAN_POINT('',(9.48528137423744,-35.2352813742416,67.4130242648991));
#4112=CARTESIAN_POINT('',(13.9999999999984,-20.4000000000015,5.91302426489914));
#4113=CARTESIAN_POINT('',(9.24999999999845,-20.4000000000015,5.91302426489914));
#4114=CARTESIAN_POINT('',(15.9999999999984,-52.0715728752515,5.91302426489911));
#4115=CARTESIAN_POINT('',(15.9999999999984,-22.4000000000015,5.91302426489914));
#4116=CARTESIAN_POINT('',(-14.0000000000016,-52.0715728752515,5.91302426489911));
#4117=CARTESIAN_POINT('',(15.9999999999984,-52.0715728752515,5.91302426489911));
#4118=CARTESIAN_POINT('',(-14.0000000000016,-22.4000000000015,5.91302426489914));
#4119=CARTESIAN_POINT('',(-14.0000000000016,-52.0715728752515,5.91302426489911));
#4120=CARTESIAN_POINT('',(-7.25000000000155,-20.4000000000015,5.91302426489914));
#4121=CARTESIAN_POINT('',(-12.0000000000016,-20.4000000000015,5.91302426489914));
#4122=CARTESIAN_POINT('',(-5.25000000000155,-25.4000000000015,5.91302426489914));
#4123=CARTESIAN_POINT('',(-5.25000000000155,-22.4000000000015,5.91302426489914));
#4124=CARTESIAN_POINT('',(7.24999999999845,-22.4000000000015,5.91302426489914));
#4125=CARTESIAN_POINT('',(7.24999999999845,-25.4000000000015,5.91302426489914));
#4126=CARTESIAN_POINT('',(12.9999999999984,-25.4000000000015,3.91302426489914));
#4127=CARTESIAN_POINT('',(12.9999999999984,-24.0500000000015,3.91302426489914));
#4128=CARTESIAN_POINT('',(12.9999999999984,-26.7500000000015,3.91302426489914));
#4129=CARTESIAN_POINT('',(12.9999999999984,-24.0500000000015,3.91302426489914));
#4130=CARTESIAN_POINT('',(12.9999999999984,-24.0500000000015,5.91302426489914));
#4131=CARTESIAN_POINT('',(12.9999999999984,-25.4000000000015,5.91302426489914));
#4132=CARTESIAN_POINT('',(12.9999999999984,-24.0500000000015,5.91302426489914));
#4133=CARTESIAN_POINT('',(12.9999999999984,-26.7500000000015,5.91302426489914));
#4134=CARTESIAN_POINT('',(12.9999999999984,-26.7500000000016,5.91302426489914));
#4135=CARTESIAN_POINT('',(12.9999999999984,-26.7500000000016,3.91302426489914));
#4136=CARTESIAN_POINT('',(12.9999999999984,-25.4000000000016,69.4130242648991));
#4137=CARTESIAN_POINT('',(12.9999999999984,-24.0500000000016,69.4130242648991));
#4138=CARTESIAN_POINT('',(12.9999999999984,-26.7500000000016,69.4130242648991));
#4139=CARTESIAN_POINT('',(12.9999999999984,-26.7500000000016,69.4130242648991));
#4140=CARTESIAN_POINT('',(12.9999999999984,-26.7500000000016,67.4130242648991));
#4141=CARTESIAN_POINT('',(12.9999999999984,-25.4000000000016,67.4130242648991));
#4142=CARTESIAN_POINT('',(12.9999999999984,-26.7500000000016,67.4130242648991));
#4143=CARTESIAN_POINT('',(12.9999999999984,-24.0500000000016,67.4130242648991));
#4144=CARTESIAN_POINT('',(12.9999999999984,-24.0500000000016,67.4130242648991));
#4145=CARTESIAN_POINT('',(12.9999999999984,-24.0500000000016,69.4130242648991));
#4146=CARTESIAN_POINT('',(12.9999999999985,-25.4000000000015,3.91302426489914));
#4147=CARTESIAN_POINT('',(12.9999999999984,-26.7500000000015,3.91302426489914));
#4148=CARTESIAN_POINT('',(12.9999999999984,-24.0500000000015,3.91302426489914));
#4149=CARTESIAN_POINT('',(12.9999999999985,-25.4000000000015,5.91302426489914));
#4150=CARTESIAN_POINT('',(12.9999999999984,-26.7500000000015,5.91302426489913));
#4151=CARTESIAN_POINT('',(12.9999999999984,-24.0500000000015,5.91302426489914));
#4152=CARTESIAN_POINT('',(12.9999999999984,-25.4000000000016,69.4130242648991));
#4153=CARTESIAN_POINT('',(12.9999999999984,-26.7500000000016,69.4130242648991));
#4154=CARTESIAN_POINT('',(12.9999999999984,-24.0500000000016,69.4130242648991));
#4155=CARTESIAN_POINT('',(12.9999999999984,-25.4000000000016,67.4130242648991));
#4156=CARTESIAN_POINT('',(12.9999999999984,-24.0500000000016,67.4130242648991));
#4157=CARTESIAN_POINT('',(12.9999999999984,-26.7500000000016,67.4130242648991));
#4158=CARTESIAN_POINT('',(13.9999999999984,-20.4000000000016,69.4130242648991));
#4159=CARTESIAN_POINT('',(9.24999999999844,-20.4000000000016,69.4130242648991));
#4160=CARTESIAN_POINT('',(15.9999999999984,-52.0715728752516,69.4130242648991));
#4161=CARTESIAN_POINT('',(15.9999999999984,-22.4000000000016,69.4130242648991));
#4162=CARTESIAN_POINT('',(-14.0000000000016,-52.0715728752516,69.4130242648991));
#4163=CARTESIAN_POINT('',(15.9999999999984,-52.0715728752516,69.4130242648991));
#4164=CARTESIAN_POINT('',(-14.0000000000016,-22.4000000000016,69.4130242648991));
#4165=CARTESIAN_POINT('',(-14.0000000000016,-52.0715728752516,69.4130242648991));
#4166=CARTESIAN_POINT('',(-7.25000000000156,-20.4000000000016,69.4130242648991));
#4167=CARTESIAN_POINT('',(-12.0000000000016,-20.4000000000016,69.4130242648991));
#4168=CARTESIAN_POINT('',(-5.25000000000156,-25.4000000000016,69.4130242648991));
#4169=CARTESIAN_POINT('',(-5.25000000000156,-22.4000000000016,69.4130242648991));
#4170=CARTESIAN_POINT('',(7.24999999999844,-22.4000000000016,69.4130242648991));
#4171=CARTESIAN_POINT('',(7.24999999999844,-25.4000000000016,69.4130242648991));
#4172=CARTESIAN_POINT('',(0.999999999998451,-37.4000000000015,3.91302426489914));
#4173=CARTESIAN_POINT('',(0.999999999998447,-36.0500000000015,3.91302426489914));
#4174=CARTESIAN_POINT('',(0.999999999998448,-38.7500000000015,3.91302426489914));
#4175=CARTESIAN_POINT('',(0.999999999998447,-36.0500000000015,3.91302426489914));
#4176=CARTESIAN_POINT('',(0.999999999998447,-36.0500000000015,5.91302426489914));
#4177=CARTESIAN_POINT('',(0.999999999998451,-37.4000000000015,5.91302426489914));
#4178=CARTESIAN_POINT('',(0.999999999998447,-36.0500000000015,5.91302426489914));
#4179=CARTESIAN_POINT('',(0.999999999998448,-38.7500000000015,5.91302426489914));
#4180=CARTESIAN_POINT('',(0.999999999998447,-38.7500000000016,5.91302426489914));
#4181=CARTESIAN_POINT('',(0.999999999998447,-38.7500000000016,3.91302426489914));
#4182=CARTESIAN_POINT('',(0.999999999998446,-37.4000000000016,69.4130242648991));
#4183=CARTESIAN_POINT('',(0.999999999998442,-36.0500000000016,69.4130242648991));
#4184=CARTESIAN_POINT('',(0.999999999998443,-38.7500000000016,69.4130242648991));
#4185=CARTESIAN_POINT('',(0.999999999998442,-38.7500000000016,69.4130242648991));
#4186=CARTESIAN_POINT('',(0.999999999998443,-38.7500000000016,67.4130242648991));
#4187=CARTESIAN_POINT('',(0.999999999998448,-37.4000000000016,67.4130242648991));
#4188=CARTESIAN_POINT('',(0.999999999998443,-38.7500000000016,67.4130242648991));
#4189=CARTESIAN_POINT('',(0.999999999998443,-36.0500000000016,67.4130242648991));
#4190=CARTESIAN_POINT('',(0.999999999998443,-36.0500000000016,67.4130242648991));
#4191=CARTESIAN_POINT('',(0.999999999998442,-36.0500000000016,69.4130242648991));
#4192=CARTESIAN_POINT('',(0.999999999998446,-37.4000000000015,3.91302426489914));
#4193=CARTESIAN_POINT('',(0.999999999998447,-38.7500000000015,3.91302426489914));
#4194=CARTESIAN_POINT('',(0.999999999998447,-36.0500000000015,3.91302426489914));
#4195=CARTESIAN_POINT('',(0.999999999998446,-37.4000000000015,5.91302426489914));
#4196=CARTESIAN_POINT('',(0.999999999998447,-38.7500000000015,5.91302426489913));
#4197=CARTESIAN_POINT('',(0.999999999998447,-36.0500000000015,5.91302426489914));
#4198=CARTESIAN_POINT('',(0.999999999998441,-37.4000000000016,69.4130242648991));
#4199=CARTESIAN_POINT('',(0.999999999998442,-38.7500000000016,69.4130242648991));
#4200=CARTESIAN_POINT('',(0.999999999998442,-36.0500000000016,69.4130242648991));
#4201=CARTESIAN_POINT('',(0.999999999998441,-37.4000000000016,67.4130242648991));
#4202=CARTESIAN_POINT('',(0.999999999998443,-36.0500000000016,67.4130242648991));
#4203=CARTESIAN_POINT('',(0.999999999998443,-38.7500000000016,67.4130242648991));
#4204=CARTESIAN_POINT('',(7.24999999999844,-22.4000000000016,67.4130242648991));
#4205=CARTESIAN_POINT('',(7.24999999999844,-25.4000000000016,67.4130242648991));
#4206=CARTESIAN_POINT('',(-5.25000000000156,-25.4000000000016,67.4130242648991));
#4207=CARTESIAN_POINT('',(-5.25000000000156,-22.4000000000016,67.4130242648991));
#4208=CARTESIAN_POINT('',(-7.25000000000156,-20.4000000000016,67.4130242648991));
#4209=CARTESIAN_POINT('',(-12.0000000000016,-20.4000000000016,67.4130242648991));
#4210=CARTESIAN_POINT('',(-14.0000000000016,-22.4000000000016,67.4130242648991));
#4211=CARTESIAN_POINT('',(-14.0000000000016,-52.0715728752516,67.4130242648991));
#4212=CARTESIAN_POINT('',(-14.0000000000016,-52.0715728752516,67.4130242648991));
#4213=CARTESIAN_POINT('',(15.9999999999984,-52.0715728752516,67.4130242648991));
#4214=CARTESIAN_POINT('',(15.9999999999984,-52.0715728752516,67.4130242648991));
#4215=CARTESIAN_POINT('',(15.9999999999984,-22.4000000000016,67.4130242648991));
#4216=CARTESIAN_POINT('',(13.9999999999984,-20.4000000000016,67.4130242648991));
#4217=CARTESIAN_POINT('',(9.24999999999844,-20.4000000000016,67.4130242648991));
#4218=CARTESIAN_POINT('',(-7.48528137424055,-33.8852813742415,3.91302426489914));
#4219=CARTESIAN_POINT('',(-7.48528137424055,-32.5352813742415,3.91302426489914));
#4220=CARTESIAN_POINT('',(-7.48528137424055,-35.2352813742415,3.91302426489913));
#4221=CARTESIAN_POINT('',(-7.48528137424055,-32.5352813742415,3.91302426489914));
#4222=CARTESIAN_POINT('',(-7.48528137424055,-32.5352813742415,5.91302426489914));
#4223=CARTESIAN_POINT('',(-7.48528137424055,-33.8852813742415,5.91302426489913));
#4224=CARTESIAN_POINT('',(-7.48528137424055,-32.5352813742415,5.91302426489914));
#4225=CARTESIAN_POINT('',(-7.48528137424055,-35.2352813742415,5.91302426489913));
#4226=CARTESIAN_POINT('',(-7.48528137424055,-35.2352813742415,5.91302426489914));
#4227=CARTESIAN_POINT('',(-7.48528137424055,-35.2352813742415,3.91302426489914));
#4228=CARTESIAN_POINT('',(-7.48528137424055,-33.8852813742416,69.4130242648991));
#4229=CARTESIAN_POINT('',(-7.48528137424055,-32.5352813742416,69.4130242648991));
#4230=CARTESIAN_POINT('',(-7.48528137424056,-35.2352813742416,69.4130242648991));
#4231=CARTESIAN_POINT('',(-7.48528137424055,-35.2352813742416,69.4130242648991));
#4232=CARTESIAN_POINT('',(-7.48528137424055,-35.2352813742416,67.4130242648991));
#4233=CARTESIAN_POINT('',(-7.48528137424055,-33.8852813742416,67.4130242648991));
#4234=CARTESIAN_POINT('',(-7.48528137424055,-32.5352813742416,67.4130242648991));
#4235=CARTESIAN_POINT('',(-7.48528137424056,-35.2352813742416,67.4130242648991));
#4236=CARTESIAN_POINT('',(-7.48528137424055,-32.5352813742416,67.4130242648991));
#4237=CARTESIAN_POINT('',(-7.48528137424055,-32.5352813742416,69.4130242648991));
#4238=CARTESIAN_POINT('',(-7.48528137424055,-33.8852813742415,3.91302426489914));
#4239=CARTESIAN_POINT('',(-7.48528137424055,-35.2352813742415,3.91302426489914));
#4240=CARTESIAN_POINT('',(-7.48528137424055,-32.5352813742415,3.91302426489914));
#4241=CARTESIAN_POINT('',(-7.48528137424056,-33.8852813742415,5.91302426489914));
#4242=CARTESIAN_POINT('',(-7.48528137424055,-35.2352813742415,5.91302426489913));
#4243=CARTESIAN_POINT('',(-7.48528137424055,-32.5352813742415,5.91302426489914));
#4244=CARTESIAN_POINT('',(-7.48528137424056,-33.8852813742416,69.4130242648991));
#4245=CARTESIAN_POINT('',(-7.48528137424055,-35.2352813742416,69.4130242648991));
#4246=CARTESIAN_POINT('',(-7.48528137424056,-32.5352813742416,69.4130242648991));
#4247=CARTESIAN_POINT('',(-7.48528137424056,-33.8852813742416,67.4130242648991));
#4248=CARTESIAN_POINT('',(-7.48528137424055,-35.2352813742416,67.4130242648991));
#4249=CARTESIAN_POINT('',(-7.48528137424056,-32.5352813742416,67.4130242648991));
#4250=CARTESIAN_POINT('',(-11.0000000000016,-25.4000000000015,3.91302426489914));
#4251=CARTESIAN_POINT('',(-11.0000000000016,-24.0500000000015,3.91302426489914));
#4252=CARTESIAN_POINT('',(-11.0000000000016,-26.7500000000015,3.91302426489914));
#4253=CARTESIAN_POINT('',(-11.0000000000016,-24.0500000000015,3.91302426489914));
#4254=CARTESIAN_POINT('',(-11.0000000000016,-24.0500000000015,5.91302426489914));
#4255=CARTESIAN_POINT('',(-11.0000000000016,-25.4000000000015,5.91302426489914));
#4256=CARTESIAN_POINT('',(-11.0000000000016,-24.0500000000015,5.91302426489914));
#4257=CARTESIAN_POINT('',(-11.0000000000016,-26.7500000000015,5.91302426489913));
#4258=CARTESIAN_POINT('',(-11.0000000000016,-26.7500000000016,5.91302426489914));
#4259=CARTESIAN_POINT('',(-11.0000000000016,-26.7500000000016,3.91302426489914));
#4260=CARTESIAN_POINT('',(-11.0000000000016,-25.4000000000016,69.4130242648991));
#4261=CARTESIAN_POINT('',(-11.0000000000016,-24.0500000000016,69.4130242648991));
#4262=CARTESIAN_POINT('',(-11.0000000000016,-26.7500000000016,69.4130242648991));
#4263=CARTESIAN_POINT('',(-11.0000000000016,-26.7500000000016,69.4130242648991));
#4264=CARTESIAN_POINT('',(-11.0000000000016,-26.7500000000016,67.4130242648991));
#4265=CARTESIAN_POINT('',(-11.0000000000016,-25.4000000000016,67.4130242648991));
#4266=CARTESIAN_POINT('',(-11.0000000000016,-24.0500000000016,67.4130242648991));
#4267=CARTESIAN_POINT('',(-11.0000000000016,-26.7500000000016,67.4130242648991));
#4268=CARTESIAN_POINT('',(-11.0000000000016,-24.0500000000016,67.4130242648991));
#4269=CARTESIAN_POINT('',(-11.0000000000016,-24.0500000000016,69.4130242648991));
#4270=CARTESIAN_POINT('',(-11.0000000000016,-25.4000000000015,3.91302426489914));
#4271=CARTESIAN_POINT('',(-11.0000000000016,-26.7500000000015,3.91302426489914));
#4272=CARTESIAN_POINT('',(-11.0000000000016,-24.0500000000015,3.91302426489914));
#4273=CARTESIAN_POINT('',(-11.0000000000016,-25.4000000000015,5.91302426489914));
#4274=CARTESIAN_POINT('',(-11.0000000000016,-26.7500000000015,5.91302426489913));
#4275=CARTESIAN_POINT('',(-11.0000000000016,-24.0500000000015,5.91302426489914));
#4276=CARTESIAN_POINT('',(-11.0000000000016,-25.4000000000016,69.4130242648991));
#4277=CARTESIAN_POINT('',(-11.0000000000016,-26.7500000000016,69.4130242648991));
#4278=CARTESIAN_POINT('',(-11.0000000000016,-24.0500000000016,69.4130242648991));
#4279=CARTESIAN_POINT('',(-11.0000000000016,-25.4000000000016,67.4130242648991));
#4280=CARTESIAN_POINT('',(-11.0000000000016,-26.7500000000016,67.4130242648991));
#4281=CARTESIAN_POINT('',(-11.0000000000016,-24.0500000000016,67.4130242648991));
#4282=CARTESIAN_POINT('',(9.24999999999844,-22.4000000000016,67.4130242648991));
#4283=CARTESIAN_POINT('',(9.24999999999844,-20.4000000000016,67.4130242648991));
#4284=CARTESIAN_POINT('',(7.24999999999844,-22.4000000000016,67.4130242648991));
#4285=CARTESIAN_POINT('',(9.24999999999844,-20.4000000000016,69.4130242648991));
#4286=CARTESIAN_POINT('',(9.24999999999844,-20.4000000000016,67.4130242648991));
#4287=CARTESIAN_POINT('',(9.24999999999844,-22.4000000000016,69.4130242648991));
#4288=CARTESIAN_POINT('',(9.24999999999844,-20.4000000000016,69.4130242648991));
#4289=CARTESIAN_POINT('',(7.24999999999844,-22.4000000000016,69.4130242648991));
#4290=CARTESIAN_POINT('',(7.24999999999844,-22.4000000000016,67.4130242648991));
#4291=CARTESIAN_POINT('',(7.24999999999844,-22.4000000000016,69.4130242648991));
#4292=CARTESIAN_POINT('',(9.24999999999845,-20.4000000000015,5.91302426489914));
#4293=CARTESIAN_POINT('',(9.24999999999845,-20.4000000000015,3.91302426489914));
#4294=CARTESIAN_POINT('',(13.9999999999984,-20.4000000000015,3.91302426489914));
#4295=CARTESIAN_POINT('',(13.9999999999984,-20.4000000000015,5.91302426489914));
#4296=CARTESIAN_POINT('',(-7.25000000000155,-20.4000000000015,3.91302426489914));
#4297=CARTESIAN_POINT('',(-7.25000000000155,-20.4000000000015,5.91302426489914));
#4298=CARTESIAN_POINT('',(-12.0000000000016,-20.4000000000015,5.91302426489914));
#4299=CARTESIAN_POINT('',(-12.0000000000016,-20.4000000000015,3.91302426489914));
#4300=CARTESIAN_POINT('',(13.9999999999984,-20.4000000000016,67.4130242648991));
#4301=CARTESIAN_POINT('',(13.9999999999984,-20.4000000000016,69.4130242648991));
#4302=CARTESIAN_POINT('',(-7.25000000000156,-20.4000000000016,67.4130242648991));
#4303=CARTESIAN_POINT('',(-7.25000000000156,-20.4000000000016,69.4130242648991));
#4304=CARTESIAN_POINT('',(-12.0000000000016,-20.4000000000016,69.4130242648991));
#4305=CARTESIAN_POINT('',(-12.0000000000016,-20.4000000000016,67.4130242648991));
#4306=CARTESIAN_POINT('',(9.24999999999845,-22.4000000000015,3.91302426489914));
#4307=CARTESIAN_POINT('',(9.24999999999845,-20.4000000000015,3.91302426489914));
#4308=CARTESIAN_POINT('',(7.24999999999845,-22.4000000000015,3.91302426489914));
#4309=CARTESIAN_POINT('',(9.24999999999845,-22.4000000000015,5.91302426489913));
#4310=CARTESIAN_POINT('',(9.24999999999845,-20.4000000000015,5.91302426489914));
#4311=CARTESIAN_POINT('',(7.24999999999845,-22.4000000000015,5.91302426489914));
#4312=CARTESIAN_POINT('',(7.24999999999845,-22.4000000000015,3.91302426489914));
#4313=CARTESIAN_POINT('',(7.24999999999845,-22.4000000000015,5.91302426489914));
#4314=CARTESIAN_POINT('',(7.24999999999845,-25.4000000000015,5.91302426489914));
#4315=CARTESIAN_POINT('',(7.24999999999845,-25.4000000000015,3.91302426489914));
#4316=CARTESIAN_POINT('',(7.24999999999844,-25.4000000000016,69.4130242648991));
#4317=CARTESIAN_POINT('',(7.24999999999844,-25.4000000000016,67.4130242648991));
#4318=CARTESIAN_POINT('',(0.999999999998446,-25.4000000000015,5.91302426489914));
#4319=CARTESIAN_POINT('',(7.24999999999845,-25.4000000000015,5.91302426489914));
#4320=CARTESIAN_POINT('',(-5.25000000000156,-25.4000000000015,5.91302426489913));
#4321=CARTESIAN_POINT('',(-5.25000000000155,-25.4000000000015,5.91302426489914));
#4322=CARTESIAN_POINT('',(-5.25000000000155,-25.4000000000015,3.91302426489914));
#4323=CARTESIAN_POINT('',(0.999999999998446,-25.4000000000015,3.91302426489914));
#4324=CARTESIAN_POINT('',(7.24999999999845,-25.4000000000015,3.91302426489914));
#4325=CARTESIAN_POINT('',(-5.25000000000156,-25.4000000000015,3.91302426489913));
#4326=CARTESIAN_POINT('',(0.999999999998441,-25.4000000000016,69.4130242648991));
#4327=CARTESIAN_POINT('',(7.24999999999844,-25.4000000000016,69.4130242648991));
#4328=CARTESIAN_POINT('',(-5.25000000000156,-25.4000000000016,69.4130242648991));
#4329=CARTESIAN_POINT('',(-5.25000000000156,-25.4000000000016,69.4130242648991));
#4330=CARTESIAN_POINT('',(-5.25000000000156,-25.4000000000016,67.4130242648991));
#4331=CARTESIAN_POINT('',(0.999999999998443,-25.4000000000016,67.4130242648991));
#4332=CARTESIAN_POINT('',(7.24999999999844,-25.4000000000016,67.4130242648991));
#4333=CARTESIAN_POINT('',(-5.25000000000156,-25.4000000000016,67.4130242648991));
#4334=CARTESIAN_POINT('',(-5.25000000000155,-22.4000000000015,5.91302426489914));
#4335=CARTESIAN_POINT('',(-5.25000000000155,-22.4000000000015,3.91302426489914));
#4336=CARTESIAN_POINT('',(-5.25000000000156,-22.4000000000016,69.4130242648991));
#4337=CARTESIAN_POINT('',(-5.25000000000156,-22.4000000000016,67.4130242648991));
#4338=CARTESIAN_POINT('',(-7.25000000000156,-22.4000000000015,5.91302426489913));
#4339=CARTESIAN_POINT('',(-5.25000000000155,-22.4000000000015,5.91302426489914));
#4340=CARTESIAN_POINT('',(-7.25000000000155,-20.4000000000015,5.91302426489914));
#4341=CARTESIAN_POINT('',(-7.25000000000156,-22.4000000000015,3.91302426489914));
#4342=CARTESIAN_POINT('',(-5.25000000000155,-22.4000000000015,3.91302426489914));
#4343=CARTESIAN_POINT('',(-7.25000000000155,-20.4000000000015,3.91302426489914));
#4344=CARTESIAN_POINT('',(-7.25000000000156,-22.4000000000016,69.4130242648991));
#4345=CARTESIAN_POINT('',(-5.25000000000156,-22.4000000000016,69.4130242648991));
#4346=CARTESIAN_POINT('',(-7.25000000000156,-20.4000000000016,69.4130242648991));
#4347=CARTESIAN_POINT('',(-7.25000000000156,-22.4000000000016,67.4130242648991));
#4348=CARTESIAN_POINT('',(-5.25000000000156,-22.4000000000016,67.4130242648991));
#4349=CARTESIAN_POINT('',(-7.25000000000156,-20.4000000000016,67.4130242648991));
#4350=CARTESIAN_POINT('',(13.9999999999984,-22.4000000000015,3.91302426489914));
#4351=CARTESIAN_POINT('',(15.9999999999984,-22.4000000000015,3.91302426489914));
#4352=CARTESIAN_POINT('',(13.9999999999984,-20.4000000000015,3.91302426489914));
#4353=CARTESIAN_POINT('',(15.9999999999984,-22.4000000000015,5.91302426489914));
#4354=CARTESIAN_POINT('',(15.9999999999984,-22.4000000000015,3.91302426489914));
#4355=CARTESIAN_POINT('',(13.9999999999984,-22.4000000000015,5.91302426489913));
#4356=CARTESIAN_POINT('',(15.9999999999984,-22.4000000000015,5.91302426489914));
#4357=CARTESIAN_POINT('',(13.9999999999984,-20.4000000000015,5.91302426489914));
#4358=CARTESIAN_POINT('',(15.9999999999984,-22.4000000000016,67.4130242648991));
#4359=CARTESIAN_POINT('',(15.9999999999984,-22.4000000000016,69.4130242648991));
#4360=CARTESIAN_POINT('',(15.9999999999984,-58.4000000000016,12.2414513896491));
#4361=CARTESIAN_POINT('',(15.9999999999984,-58.4000000000016,61.0845971401491));
#4362=CARTESIAN_POINT('',(15.9999999999984,-60.4000000000016,61.0845971401491));
#4363=CARTESIAN_POINT('',(15.9999999999984,-60.4000000000016,12.2414513896491));
#4364=CARTESIAN_POINT('',(13.9999999999984,-22.4000000000016,67.4130242648991));
#4365=CARTESIAN_POINT('',(15.9999999999984,-22.4000000000016,67.4130242648991));
#4366=CARTESIAN_POINT('',(13.9999999999984,-20.4000000000016,67.4130242648991));
#4367=CARTESIAN_POINT('',(13.9999999999984,-22.4000000000016,69.4130242648991));
#4368=CARTESIAN_POINT('',(15.9999999999984,-22.4000000000016,69.4130242648991));
#4369=CARTESIAN_POINT('',(13.9999999999984,-20.4000000000016,69.4130242648991));
#4370=CARTESIAN_POINT('',(-14.0000000000016,-52.0715728752516,67.4130242648991));
#4371=CARTESIAN_POINT('',(-14.0000000000016,-58.4000000000016,61.0845971401491));
#4372=CARTESIAN_POINT('',(-14.0000000000016,-58.4000000000016,61.0845971401491));
#4373=CARTESIAN_POINT('',(15.9999999999984,-58.4000000000016,61.0845971401491));
#4374=CARTESIAN_POINT('',(15.9999999999984,-58.4000000000016,61.0845971401491));
#4375=CARTESIAN_POINT('',(15.9999999999984,-52.0715728752516,67.4130242648991));
#4376=CARTESIAN_POINT('',(-14.0000000000016,-22.4000000000016,69.4130242648991));
#4377=CARTESIAN_POINT('',(-14.0000000000016,-22.4000000000016,67.4130242648991));
#4378=CARTESIAN_POINT('',(-14.0000000000016,-60.4000000000016,12.2414513896491));
#4379=CARTESIAN_POINT('',(-14.0000000000016,-60.4000000000016,61.0845971401491));
#4380=CARTESIAN_POINT('',(-14.0000000000016,-22.4000000000015,5.91302426489914));
#4381=CARTESIAN_POINT('',(-14.0000000000016,-22.4000000000015,3.91302426489914));
#4382=CARTESIAN_POINT('',(-14.0000000000016,-58.4000000000016,61.0845971401491));
#4383=CARTESIAN_POINT('',(-14.0000000000016,-58.4000000000016,12.2414513896491));
#4384=CARTESIAN_POINT('',(-12.0000000000016,-22.4000000000016,69.4130242648991));
#4385=CARTESIAN_POINT('',(-12.0000000000016,-20.4000000000016,69.4130242648991));
#4386=CARTESIAN_POINT('',(-14.0000000000016,-22.4000000000016,69.4130242648991));
#4387=CARTESIAN_POINT('',(-12.0000000000016,-22.4000000000016,67.4130242648991));
#4388=CARTESIAN_POINT('',(-12.0000000000016,-20.4000000000016,67.4130242648991));
#4389=CARTESIAN_POINT('',(-14.0000000000016,-22.4000000000016,67.4130242648991));
#4390=CARTESIAN_POINT('',(15.9999999999984,-52.0715728752516,67.41302426489));
#4391=CARTESIAN_POINT('',(15.9999999999984,-52.0715728752516,69.4130242648991));
#4392=CARTESIAN_POINT('',(15.9999999999984,-53.4857864376316,68.8272378272691));
#4393=CARTESIAN_POINT('',(-14.0000000000016,-53.4857864376316,68.8272378272691));
#4394=CARTESIAN_POINT('',(15.9999999999984,-53.4857864376316,68.8272378272691));
#4395=CARTESIAN_POINT('',(-14.0000000000015,-52.0715728752516,67.41302426489));
#4396=CARTESIAN_POINT('',(-14.0000000000016,-53.4857864376316,68.8272378272691));
#4397=CARTESIAN_POINT('',(-14.0000000000016,-52.0715728752516,69.4130242648991));
#4398=CARTESIAN_POINT('',(15.9999999999984,-53.4857864376316,68.8272378272691));
#4399=CARTESIAN_POINT('',(15.9999999999984,-59.8142135623715,62.4988107025291));
#4400=CARTESIAN_POINT('',(-14.0000000000016,-59.8142135623716,62.4988107025291));
#4401=CARTESIAN_POINT('',(15.9999999999984,-59.8142135623715,62.4988107025291));
#4402=CARTESIAN_POINT('',(-14.0000000000016,-59.8142135623716,62.4988107025291));
#4403=CARTESIAN_POINT('',(-14.0000000000016,-53.4857864376316,68.8272378272691));
#4404=CARTESIAN_POINT('',(-14.0000000000016,-58.3999999999923,61.0845971401491));
#4405=CARTESIAN_POINT('',(-14.0000000000016,-60.4000000000016,61.0845971401491));
#4406=CARTESIAN_POINT('',(-14.0000000000016,-59.8142135623716,62.4988107025291));
#4407=CARTESIAN_POINT('',(15.9999999999984,-58.3999999999924,61.0845971401491));
#4408=CARTESIAN_POINT('',(15.9999999999984,-59.8142135623715,62.4988107025291));
#4409=CARTESIAN_POINT('',(15.9999999999984,-60.4000000000016,61.0845971401491));
#4410=CARTESIAN_POINT('',(-14.0000000000016,-60.4000000000016,61.0845971401491));
#4411=CARTESIAN_POINT('',(15.9999999999984,-60.4000000000016,61.0845971401491));
#4412=CARTESIAN_POINT('',(15.9999999999984,-58.3999999999924,12.2414513896491));
#4413=CARTESIAN_POINT('',(15.9999999999984,-60.4000000000016,12.2414513896491));
#4414=CARTESIAN_POINT('',(15.9999999999984,-59.8142135623716,10.8272378272691));
#4415=CARTESIAN_POINT('',(-14.0000000000016,-59.8142135623715,10.8272378272691));
#4416=CARTESIAN_POINT('',(15.9999999999984,-59.8142135623715,10.8272378272691));
#4417=CARTESIAN_POINT('',(-14.0000000000016,-58.3999999999924,12.2414513896491));
#4418=CARTESIAN_POINT('',(-14.0000000000016,-59.8142135623716,10.8272378272691));
#4419=CARTESIAN_POINT('',(-14.0000000000016,-60.4000000000016,12.2414513896491));
#4420=CARTESIAN_POINT('',(15.9999999999984,-60.4000000000016,12.2414513896491));
#4421=CARTESIAN_POINT('',(-14.0000000000016,-60.4000000000016,12.2414513896491));
#4422=CARTESIAN_POINT('',(15.9999999999984,-59.8142135623715,10.8272378272691));
#4423=CARTESIAN_POINT('',(15.9999999999984,-53.4857864376315,4.4988107025291));
#4424=CARTESIAN_POINT('',(-14.0000000000016,-53.4857864376316,4.4988107025291));
#4425=CARTESIAN_POINT('',(-14.0000000000016,-59.8142135623715,10.8272378272691));
#4426=CARTESIAN_POINT('',(-14.0000000000016,-52.0715728752516,5.91302426490826));
#4427=CARTESIAN_POINT('',(-14.0000000000016,-52.0715728752515,3.91302426489909));
#4428=CARTESIAN_POINT('',(-14.0000000000016,-53.4857864376316,4.49881070252908));
#4429=CARTESIAN_POINT('',(15.9999999999984,-53.4857864376315,4.4988107025291));
#4430=CARTESIAN_POINT('',(-14.0000000000016,-53.4857864376316,4.4988107025291));
#4431=CARTESIAN_POINT('',(15.9999999999984,-52.0715728752515,5.91302426490829));
#4432=CARTESIAN_POINT('',(15.9999999999984,-53.4857864376315,4.49881070252909));
#4433=CARTESIAN_POINT('',(15.9999999999984,-52.0715728752515,3.91302426489909));
#4434=CARTESIAN_POINT('',(0.999999999998446,-60.4000000000016,36.6630242648991));
#4435=CARTESIAN_POINT('',(0.999999999998444,-60.4000000000016,42.9130242648991));
#4436=CARTESIAN_POINT('',(0.999999999998448,-60.4000000000016,30.4130242648991));
#4437=CARTESIAN_POINT('',(0.999999999998446,-60.4000000000016,30.4130242648991));
#4438=CARTESIAN_POINT('',(0.999999999998446,-58.4000000000016,30.4130242648991));
#4439=CARTESIAN_POINT('',(0.999999999998446,-58.4000000000016,36.6630242648991));
#4440=CARTESIAN_POINT('',(0.999999999998445,-58.4000000000016,30.4130242648991));
#4441=CARTESIAN_POINT('',(0.999999999998447,-58.4000000000016,42.9130242648991));
#4442=CARTESIAN_POINT('',(0.999999999998445,-58.4000000000016,42.9130242648991));
#4443=CARTESIAN_POINT('',(0.999999999998445,-60.4000000000016,42.9130242648991));
#4444=CARTESIAN_POINT('',(0.999999999998446,-60.4000000000016,36.6630242648991));
#4445=CARTESIAN_POINT('',(0.999999999998445,-60.4000000000016,30.4130242648991));
#4446=CARTESIAN_POINT('',(0.999999999998445,-60.4000000000016,42.9130242648991));
#4447=CARTESIAN_POINT('',(0.999999999998446,-58.4000000000016,36.6630242648991));
#4448=CARTESIAN_POINT('',(0.999999999998444,-58.4000000000016,42.9130242648991));
#4449=CARTESIAN_POINT('',(0.999999999998446,-58.4000000000016,30.4130242648991));
#4450=CARTESIAN_POINT('',(-14.0000000000016,-58.4000000000016,12.2414513896491));
#4451=CARTESIAN_POINT('',(15.9999999999984,-58.4000000000016,12.2414513896491));
#4452=CARTESIAN_POINT('',(-14.0000000000016,-58.4000000000016,12.2414513896491));
#4453=CARTESIAN_POINT('',(-14.0000000000016,-52.0715728752515,5.91302426489911));
#4454=CARTESIAN_POINT('',(15.9999999999984,-52.0715728752515,5.91302426489911));
#4455=CARTESIAN_POINT('',(15.9999999999984,-58.4000000000016,12.2414513896491));
#4456=CARTESIAN_POINT('',(9.49999999999844,-60.4000000000016,45.1630242648991));
#4457=CARTESIAN_POINT('',(7.89999999999844,-60.4000000000016,45.1630242648991));
#4458=CARTESIAN_POINT('',(11.0999999999984,-60.4000000000016,45.1630242648991));
#4459=CARTESIAN_POINT('',(11.0999999999984,-60.4000000000016,45.1630242648991));
#4460=CARTESIAN_POINT('',(11.0999999999984,-58.4000000000016,45.1630242648991));
#4461=CARTESIAN_POINT('',(9.49999999999844,-58.4000000000016,45.1630242648991));
#4462=CARTESIAN_POINT('',(7.89999999999845,-58.4000000000016,45.1630242648991));
#4463=CARTESIAN_POINT('',(11.0999999999984,-58.4000000000016,45.1630242648991));
#4464=CARTESIAN_POINT('',(7.89999999999844,-58.4000000000016,45.1630242648991));
#4465=CARTESIAN_POINT('',(7.89999999999844,-60.4000000000016,45.1630242648991));
#4466=CARTESIAN_POINT('',(9.49999999999844,-60.4000000000016,45.1630242648991));
#4467=CARTESIAN_POINT('',(11.0999999999984,-60.4000000000016,45.1630242648991));
#4468=CARTESIAN_POINT('',(7.89999999999844,-60.4000000000016,45.1630242648991));
#4469=CARTESIAN_POINT('',(9.49999999999845,-58.4000000000016,45.1630242648991));
#4470=CARTESIAN_POINT('',(11.0999999999984,-58.4000000000016,45.1630242648991));
#4471=CARTESIAN_POINT('',(7.89999999999845,-58.4000000000016,45.1630242648991));
#4472=CARTESIAN_POINT('',(-7.50000000000156,-60.4000000000016,45.1630242648991));
#4473=CARTESIAN_POINT('',(-9.10000000000156,-60.4000000000016,45.1630242648991));
#4474=CARTESIAN_POINT('',(-5.90000000000156,-60.4000000000016,45.1630242648991));
#4475=CARTESIAN_POINT('',(-5.90000000000156,-60.4000000000016,45.1630242648991));
#4476=CARTESIAN_POINT('',(-5.90000000000156,-58.4000000000016,45.1630242648991));
#4477=CARTESIAN_POINT('',(-7.50000000000155,-58.4000000000016,45.1630242648991));
#4478=CARTESIAN_POINT('',(-9.10000000000155,-58.4000000000016,45.1630242648991));
#4479=CARTESIAN_POINT('',(-5.90000000000155,-58.4000000000016,45.1630242648991));
#4480=CARTESIAN_POINT('',(-9.10000000000155,-58.4000000000016,45.1630242648991));
#4481=CARTESIAN_POINT('',(-9.10000000000155,-60.4000000000016,45.1630242648991));
#4482=CARTESIAN_POINT('',(-7.50000000000156,-60.4000000000016,45.1630242648991));
#4483=CARTESIAN_POINT('',(-5.90000000000156,-60.4000000000016,45.1630242648991));
#4484=CARTESIAN_POINT('',(-9.10000000000156,-60.4000000000016,45.1630242648991));
#4485=CARTESIAN_POINT('',(-7.50000000000156,-58.4000000000016,45.1630242648991));
#4486=CARTESIAN_POINT('',(-5.90000000000155,-58.4000000000016,45.1630242648991));
#4487=CARTESIAN_POINT('',(-9.10000000000156,-58.4000000000016,45.1630242648991));
#4488=CARTESIAN_POINT('',(-7.50000000000155,-60.4000000000016,28.1630242648991));
#4489=CARTESIAN_POINT('',(-9.10000000000155,-60.4000000000016,28.1630242648991));
#4490=CARTESIAN_POINT('',(-5.90000000000155,-60.4000000000016,28.1630242648991));
#4491=CARTESIAN_POINT('',(-5.90000000000155,-60.4000000000016,28.1630242648991));
#4492=CARTESIAN_POINT('',(-5.90000000000155,-58.4000000000016,28.1630242648991));
#4493=CARTESIAN_POINT('',(-7.50000000000155,-58.4000000000016,28.1630242648991));
#4494=CARTESIAN_POINT('',(-9.10000000000155,-58.4000000000016,28.1630242648991));
#4495=CARTESIAN_POINT('',(-5.90000000000155,-58.4000000000016,28.1630242648991));
#4496=CARTESIAN_POINT('',(-9.10000000000155,-58.4000000000016,28.1630242648991));
#4497=CARTESIAN_POINT('',(-9.10000000000155,-60.4000000000016,28.1630242648991));
#4498=CARTESIAN_POINT('',(-7.50000000000156,-60.4000000000016,28.1630242648991));
#4499=CARTESIAN_POINT('',(-5.90000000000155,-60.4000000000016,28.1630242648991));
#4500=CARTESIAN_POINT('',(-9.10000000000156,-60.4000000000016,28.1630242648991));
#4501=CARTESIAN_POINT('',(-7.50000000000156,-58.4000000000016,28.1630242648991));
#4502=CARTESIAN_POINT('',(-5.90000000000155,-58.4000000000016,28.1630242648991));
#4503=CARTESIAN_POINT('',(-9.10000000000156,-58.4000000000016,28.1630242648991));
#4504=CARTESIAN_POINT('',(9.49999999999844,-60.4000000000016,28.1630242648991));
#4505=CARTESIAN_POINT('',(7.89999999999845,-60.4000000000016,28.1630242648991));
#4506=CARTESIAN_POINT('',(11.0999999999984,-60.4000000000016,28.1630242648991));
#4507=CARTESIAN_POINT('',(11.0999999999984,-60.4000000000016,28.1630242648991));
#4508=CARTESIAN_POINT('',(11.0999999999984,-58.4000000000016,28.1630242648991));
#4509=CARTESIAN_POINT('',(9.49999999999844,-58.4000000000016,28.1630242648991));
#4510=CARTESIAN_POINT('',(7.89999999999845,-58.4000000000016,28.1630242648991));
#4511=CARTESIAN_POINT('',(11.0999999999984,-58.4000000000016,28.1630242648991));
#4512=CARTESIAN_POINT('',(7.89999999999844,-58.4000000000016,28.1630242648991));
#4513=CARTESIAN_POINT('',(7.89999999999844,-60.4000000000016,28.1630242648991));
#4514=CARTESIAN_POINT('',(9.49999999999844,-60.4000000000016,28.1630242648991));
#4515=CARTESIAN_POINT('',(11.0999999999984,-60.4000000000016,28.1630242648991));
#4516=CARTESIAN_POINT('',(7.89999999999844,-60.4000000000016,28.1630242648991));
#4517=CARTESIAN_POINT('',(9.49999999999844,-58.4000000000016,28.1630242648991));
#4518=CARTESIAN_POINT('',(11.0999999999984,-58.4000000000016,28.1630242648991));
#4519=CARTESIAN_POINT('',(7.89999999999844,-58.4000000000016,28.1630242648991));
#4520=CARTESIAN_POINT('',(11.4999999999984,-60.4000000000016,56.6630242648991));
#4521=CARTESIAN_POINT('',(9.89999999999844,-60.4000000000016,56.6630242648991));
#4522=CARTESIAN_POINT('',(13.0999999999984,-60.4000000000016,56.6630242648991));
#4523=CARTESIAN_POINT('',(13.0999999999984,-60.4000000000016,56.6630242648991));
#4524=CARTESIAN_POINT('',(13.0999999999984,-58.4000000000016,56.6630242648991));
#4525=CARTESIAN_POINT('',(11.4999999999984,-58.4000000000016,56.6630242648991));
#4526=CARTESIAN_POINT('',(9.89999999999844,-58.4000000000016,56.6630242648991));
#4527=CARTESIAN_POINT('',(13.0999999999984,-58.4000000000016,56.6630242648991));
#4528=CARTESIAN_POINT('',(9.89999999999844,-58.4000000000016,56.6630242648991));
#4529=CARTESIAN_POINT('',(9.89999999999844,-60.4000000000016,56.6630242648991));
#4530=CARTESIAN_POINT('',(11.4999999999984,-60.4000000000016,56.6630242648991));
#4531=CARTESIAN_POINT('',(13.0999999999984,-60.4000000000016,56.6630242648991));
#4532=CARTESIAN_POINT('',(9.89999999999844,-60.4000000000016,56.6630242648991));
#4533=CARTESIAN_POINT('',(11.4999999999984,-58.4000000000016,56.6630242648991));
#4534=CARTESIAN_POINT('',(13.0999999999984,-58.4000000000016,56.6630242648991));
#4535=CARTESIAN_POINT('',(9.89999999999843,-58.4000000000016,56.6630242648991));
#4536=CARTESIAN_POINT('',(-9.50000000000156,-60.4000000000016,56.6630242648991));
#4537=CARTESIAN_POINT('',(-11.1000000000016,-60.4000000000016,56.6630242648991));
#4538=CARTESIAN_POINT('',(-7.90000000000156,-60.4000000000016,56.6630242648991));
#4539=CARTESIAN_POINT('',(-7.90000000000156,-60.4000000000016,56.6630242648991));
#4540=CARTESIAN_POINT('',(-7.90000000000156,-58.4000000000016,56.6630242648991));
#4541=CARTESIAN_POINT('',(-9.50000000000156,-58.4000000000016,56.6630242648991));
#4542=CARTESIAN_POINT('',(-11.1000000000016,-58.4000000000016,56.6630242648991));
#4543=CARTESIAN_POINT('',(-7.90000000000156,-58.4000000000016,56.6630242648991));
#4544=CARTESIAN_POINT('',(-11.1000000000016,-58.4000000000016,56.6630242648991));
#4545=CARTESIAN_POINT('',(-11.1000000000016,-60.4000000000016,56.6630242648991));
#4546=CARTESIAN_POINT('',(-9.50000000000156,-60.4000000000016,56.6630242648991));
#4547=CARTESIAN_POINT('',(-7.90000000000156,-60.4000000000016,56.6630242648991));
#4548=CARTESIAN_POINT('',(-11.1000000000016,-60.4000000000016,56.6630242648991));
#4549=CARTESIAN_POINT('',(-9.50000000000156,-58.4000000000016,56.6630242648991));
#4550=CARTESIAN_POINT('',(-7.90000000000156,-58.4000000000016,56.6630242648991));
#4551=CARTESIAN_POINT('',(-11.1000000000016,-58.4000000000016,56.6630242648991));
#4552=CARTESIAN_POINT('',(11.4999999999984,-60.4000000000016,16.6630242648991));
#4553=CARTESIAN_POINT('',(9.89999999999844,-60.4000000000016,16.6630242648991));
#4554=CARTESIAN_POINT('',(13.0999999999984,-60.4000000000016,16.6630242648991));
#4555=CARTESIAN_POINT('',(13.0999999999984,-60.4000000000016,16.6630242648991));
#4556=CARTESIAN_POINT('',(13.0999999999984,-58.4000000000016,16.6630242648991));
#4557=CARTESIAN_POINT('',(11.4999999999984,-58.4000000000016,16.6630242648991));
#4558=CARTESIAN_POINT('',(9.89999999999845,-58.4000000000016,16.6630242648991));
#4559=CARTESIAN_POINT('',(13.0999999999984,-58.4000000000016,16.6630242648991));
#4560=CARTESIAN_POINT('',(9.89999999999845,-58.4000000000016,16.6630242648991));
#4561=CARTESIAN_POINT('',(9.89999999999844,-60.4000000000016,16.6630242648991));
#4562=CARTESIAN_POINT('',(11.4999999999984,-60.4000000000016,16.6630242648991));
#4563=CARTESIAN_POINT('',(13.0999999999984,-60.4000000000016,16.6630242648991));
#4564=CARTESIAN_POINT('',(9.89999999999845,-60.4000000000016,16.6630242648991));
#4565=CARTESIAN_POINT('',(11.4999999999984,-58.4000000000016,16.6630242648991));
#4566=CARTESIAN_POINT('',(13.0999999999984,-58.4000000000016,16.6630242648991));
#4567=CARTESIAN_POINT('',(9.89999999999844,-58.4000000000016,16.6630242648991));
#4568=CARTESIAN_POINT('',(-9.50000000000155,-60.4000000000016,16.6630242648991));
#4569=CARTESIAN_POINT('',(-11.1000000000016,-60.4000000000016,16.6630242648991));
#4570=CARTESIAN_POINT('',(-7.90000000000155,-60.4000000000016,16.6630242648991));
#4571=CARTESIAN_POINT('',(-7.90000000000155,-60.4000000000016,16.6630242648991));
#4572=CARTESIAN_POINT('',(-7.90000000000155,-58.4000000000016,16.6630242648991));
#4573=CARTESIAN_POINT('',(-9.50000000000155,-58.4000000000016,16.6630242648991));
#4574=CARTESIAN_POINT('',(-11.1000000000016,-58.4000000000016,16.6630242648991));
#4575=CARTESIAN_POINT('',(-7.90000000000155,-58.4000000000016,16.6630242648991));
#4576=CARTESIAN_POINT('',(-11.1000000000016,-58.4000000000016,16.6630242648991));
#4577=CARTESIAN_POINT('',(-11.1000000000016,-60.4000000000016,16.6630242648991));
#4578=CARTESIAN_POINT('',(-9.50000000000155,-60.4000000000016,16.6630242648991));
#4579=CARTESIAN_POINT('',(-7.90000000000155,-60.4000000000016,16.6630242648991));
#4580=CARTESIAN_POINT('',(-11.1000000000016,-60.4000000000016,16.6630242648991));
#4581=CARTESIAN_POINT('',(-9.50000000000155,-58.4000000000016,16.6630242648991));
#4582=CARTESIAN_POINT('',(-7.90000000000155,-58.4000000000016,16.6630242648991));
#4583=CARTESIAN_POINT('',(-11.1000000000016,-58.4000000000016,16.6630242648991));
#4584=CARTESIAN_POINT('',(-12.0000000000015,-22.4000000000015,5.91302426489913));
#4585=CARTESIAN_POINT('',(-12.0000000000016,-20.4000000000015,5.91302426489914));
#4586=CARTESIAN_POINT('',(-14.0000000000016,-22.4000000000015,5.91302426489914));
#4587=CARTESIAN_POINT('',(-12.0000000000015,-22.4000000000015,3.91302426489914));
#4588=CARTESIAN_POINT('',(-12.0000000000016,-20.4000000000015,3.91302426489914));
#4589=CARTESIAN_POINT('',(-14.0000000000016,-22.4000000000015,3.91302426489914));
#4590=CARTESIAN_POINT('',(-17.1163725462444,35.7163725462412,10.7130242648991));
#4591=CARTESIAN_POINT('',(12.9999999999984,23.5999999999984,11.7130242648991));
#4592=CARTESIAN_POINT('',(12.9999999999984,23.5999999999984,61.7130242648991));
#4593=CARTESIAN_POINT('',(12.9999999999984,23.5999999999984,11.7130242648991));
#4594=CARTESIAN_POINT('',(12.9999999999984,23.5999999999984,61.7130242648991));
#4595=CARTESIAN_POINT('',(-17.1163725462444,35.7163725462412,12.7130242648991));
#4596=CARTESIAN_POINT('',(12.9999999999984,11.5999999999984,11.7130242648991));
#4597=CARTESIAN_POINT('',(12.9999999999984,11.5999999999984,61.7130242648991));
#4598=CARTESIAN_POINT('',(12.9999999999984,11.5999999999984,11.7130242648991));
#4599=CARTESIAN_POINT('',(12.9999999999984,11.5999999999984,61.7130242648991));
#4600=CARTESIAN_POINT('',(-17.1163725462444,35.7163725462412,62.7130242648991));
#4601=CARTESIAN_POINT('',(12.9999999999984,-0.400000000001554,11.7130242648991));
#4602=CARTESIAN_POINT('',(12.9999999999984,-0.400000000001568,61.7130242648991));
#4603=CARTESIAN_POINT('',(12.9999999999984,-0.400000000001554,11.7130242648991));
#4604=CARTESIAN_POINT('',(12.9999999999984,-0.400000000001569,61.7130242648991));
#4605=CARTESIAN_POINT('',(-17.1163725462444,35.7163725462412,60.7130242648991));
#4606=CARTESIAN_POINT('',(0.999999999998448,23.5999999999984,11.7130242648991));
#4607=CARTESIAN_POINT('',(0.999999999998443,23.5999999999984,61.7130242648991));
#4608=CARTESIAN_POINT('',(0.999999999998447,23.5999999999984,11.7130242648991));
#4609=CARTESIAN_POINT('',(0.999999999998444,23.5999999999984,61.7130242648991));
#4610=CARTESIAN_POINT('',(-11.0000000000016,23.5999999999984,11.7130242648991));
#4611=CARTESIAN_POINT('',(-11.0000000000016,23.5999999999984,61.7130242648991));
#4612=CARTESIAN_POINT('',(-11.0000000000016,23.5999999999984,11.7130242648991));
#4613=CARTESIAN_POINT('',(-11.0000000000016,23.5999999999984,61.7130242648991));
#4614=CARTESIAN_POINT('',(-11.0000000000016,11.5999999999984,11.7130242648991));
#4615=CARTESIAN_POINT('',(-11.0000000000016,11.5999999999984,61.7130242648991));
#4616=CARTESIAN_POINT('',(-11.0000000000016,11.5999999999984,11.7130242648991));
#4617=CARTESIAN_POINT('',(-11.0000000000016,11.5999999999984,61.7130242648991));
#4618=CARTESIAN_POINT('',(-11.0000000000016,-0.400000000001553,11.7130242648991));
#4619=CARTESIAN_POINT('',(-11.0000000000016,-0.400000000001568,61.7130242648991));
#4620=CARTESIAN_POINT('',(-11.0000000000016,-0.400000000001554,11.7130242648991));
#4621=CARTESIAN_POINT('',(-11.0000000000016,-0.400000000001568,61.7130242648991));
#4622=CARTESIAN_POINT('',(-11.5000000000016,-0.400000000001569,61.7130242648991));
#4623=CARTESIAN_POINT('',(-14.0000000000016,37.6663725462412,5.39665171865635));
#4624=CARTESIAN_POINT('',(19.1163725462412,32.0999999999984,7.79665171865635));
#4625=CARTESIAN_POINT('',(15.9999999999984,-3.96637254624435,5.39665171865632));
#4626=CARTESIAN_POINT('',(13.4999999999984,-0.400000000001569,61.7130242648991));
#4627=CARTESIAN_POINT('',(-14.1163725462444,-2.90000000000157,60.3966517186563));
#4628=CARTESIAN_POINT('',(-14.1163725462444,-2.90000000000155,10.3966517186563));
#4629=CARTESIAN_POINT('',(-11.5000000000016,-0.400000000001556,11.7130242648991));
#4630=CARTESIAN_POINT('',(13.4999999999984,-0.400000000001554,11.7130242648991));
#4631=CARTESIAN_POINT('',(0.999999999998444,32.0999999999984,60.7130242648991));
#4632=CARTESIAN_POINT('',(19.1163725462412,34.0999999999984,7.79665171865635));
#4633=CARTESIAN_POINT('',(0.999999999998447,32.0999999999984,12.7130242648991));
#4634=CARTESIAN_POINT('',(0.999999999998446,33.0999999999984,36.7130242648991));
#4635=CARTESIAN_POINT('',(0.999999999998446,33.0999999999984,36.7130242648991));
#4636=CARTESIAN_POINT('',(9.49999999999844,33.0999999999984,45.2130242648991));
#4637=CARTESIAN_POINT('',(9.49999999999844,33.0999999999984,45.2130242648991));
#4638=CARTESIAN_POINT('',(-7.50000000000156,33.0999999999984,45.2130242648991));
#4639=CARTESIAN_POINT('',(-7.50000000000156,33.0999999999984,45.2130242648991));
#4640=CARTESIAN_POINT('',(9.49999999999844,33.0999999999984,28.2130242648991));
#4641=CARTESIAN_POINT('',(9.49999999999844,33.0999999999984,28.2130242648991));
#4642=CARTESIAN_POINT('',(-7.50000000000155,33.0999999999984,28.2130242648991));
#4643=CARTESIAN_POINT('',(-7.50000000000155,33.0999999999984,28.2130242648991));
#4644=CARTESIAN_POINT('',(-9.50000000000156,33.0999999999984,56.7130242648991));
#4645=CARTESIAN_POINT('',(-9.50000000000156,33.0999999999984,56.7130242648991));
#4646=CARTESIAN_POINT('',(11.4999999999984,33.0999999999984,56.7130242648991));
#4647=CARTESIAN_POINT('',(11.4999999999984,33.0999999999984,56.7130242648991));
#4648=CARTESIAN_POINT('',(-9.50000000000155,33.0999999999984,16.7130242648991));
#4649=CARTESIAN_POINT('',(-9.50000000000155,33.0999999999984,16.7130242648991));
#4650=CARTESIAN_POINT('',(11.4999999999984,33.0999999999984,16.7130242648991));
#4651=CARTESIAN_POINT('',(11.4999999999984,33.0999999999984,16.7130242648991));
#4652=CARTESIAN_POINT('',(0.999999999998447,11.5999999999984,11.7130242648991));
#4653=CARTESIAN_POINT('',(0.999999999998444,11.5999999999984,61.7130242648991));
#4654=CARTESIAN_POINT('',(0.999999999998449,11.5999999999984,11.7130242648991));
#4655=CARTESIAN_POINT('',(0.999999999998444,11.5999999999984,61.7130242648991));
#4656=CARTESIAN_POINT('',(-14.0000000000016,-0.400000000001555,10.7130242648991));
#4657=CARTESIAN_POINT('',(-11.5000000000016,-2.90000000000155,10.7130242648991));
#4658=CARTESIAN_POINT('',(13.4999999999984,-2.90000000000155,10.7130242648991));
#4659=CARTESIAN_POINT('',(15.9999999999984,-0.400000000001555,10.7130242648991));
#4660=CARTESIAN_POINT('',(15.9999999999984,32.0999999999984,10.7130242648991));
#4661=CARTESIAN_POINT('',(-14.0000000000016,32.0999999999984,10.7130242648991));
#4662=CARTESIAN_POINT('',(12.9999999999984,12.9499999999985,10.7130242648991));
#4663=CARTESIAN_POINT('',(12.9999999999984,10.2499999999985,10.7130242648991));
#4664=CARTESIAN_POINT('',(12.9999999999984,0.94999999999844,10.7130242648991));
#4665=CARTESIAN_POINT('',(12.9999999999984,-1.75000000000155,10.7130242648991));
#4666=CARTESIAN_POINT('',(0.999999999998447,24.9499999999985,10.7130242648991));
#4667=CARTESIAN_POINT('',(0.999999999998448,22.2499999999984,10.7130242648991));
#4668=CARTESIAN_POINT('',(-11.0000000000016,24.9499999999985,10.7130242648991));
#4669=CARTESIAN_POINT('',(-11.0000000000016,22.2499999999984,10.7130242648991));
#4670=CARTESIAN_POINT('',(-11.0000000000016,12.9499999999985,10.7130242648991));
#4671=CARTESIAN_POINT('',(-11.0000000000016,10.2499999999984,10.7130242648991));
#4672=CARTESIAN_POINT('',(-11.0000000000016,0.949999999998454,10.7130242648991));
#4673=CARTESIAN_POINT('',(-11.0000000000016,-1.75000000000155,10.7130242648991));
#4674=CARTESIAN_POINT('',(12.9999999999984,24.9499999999985,10.7130242648991));
#4675=CARTESIAN_POINT('',(12.9999999999984,22.2499999999984,10.7130242648991));
#4676=CARTESIAN_POINT('',(0.999999999998447,17.8499999999984,10.7130242648991));
#4677=CARTESIAN_POINT('',(0.999999999998447,5.34999999999845,10.7130242648991));
#4678=CARTESIAN_POINT('',(12.9999999999984,24.9499999999985,12.7130242648991));
#4679=CARTESIAN_POINT('',(12.9999999999984,22.2499999999984,12.7130242648991));
#4680=CARTESIAN_POINT('',(12.9999999999984,24.9499999999984,62.7130242648991));
#4681=CARTESIAN_POINT('',(12.9999999999984,22.2499999999984,62.7130242648991));
#4682=CARTESIAN_POINT('',(12.9999999999984,22.2499999999984,60.7130242648991));
#4683=CARTESIAN_POINT('',(12.9999999999984,24.9499999999984,60.7130242648991));
#4684=CARTESIAN_POINT('',(-14.0000000000016,-0.400000000001555,12.7130242648991));
#4685=CARTESIAN_POINT('',(-11.5000000000016,-2.90000000000155,12.7130242648991));
#4686=CARTESIAN_POINT('',(-14.0000000000016,32.0999999999984,12.7130242648991));
#4687=CARTESIAN_POINT('',(15.9999999999984,32.0999999999984,12.7130242648991));
#4688=CARTESIAN_POINT('',(15.9999999999984,-0.400000000001555,12.7130242648991));
#4689=CARTESIAN_POINT('',(13.4999999999984,-2.90000000000155,12.7130242648991));
#4690=CARTESIAN_POINT('',(12.9999999999984,12.9499999999985,12.7130242648991));
#4691=CARTESIAN_POINT('',(12.9999999999984,10.2499999999984,12.7130242648991));
#4692=CARTESIAN_POINT('',(12.9999999999984,0.94999999999844,12.7130242648991));
#4693=CARTESIAN_POINT('',(12.9999999999984,-1.75000000000155,12.7130242648991));
#4694=CARTESIAN_POINT('',(0.999999999998447,24.9499999999985,12.7130242648991));
#4695=CARTESIAN_POINT('',(0.999999999998448,22.2499999999984,12.7130242648991));
#4696=CARTESIAN_POINT('',(-11.0000000000016,24.9499999999985,12.7130242648991));
#4697=CARTESIAN_POINT('',(-11.0000000000016,22.2499999999984,12.7130242648991));
#4698=CARTESIAN_POINT('',(-11.0000000000016,12.9499999999985,12.7130242648991));
#4699=CARTESIAN_POINT('',(-11.0000000000016,10.2499999999984,12.7130242648991));
#4700=CARTESIAN_POINT('',(-11.0000000000016,0.949999999998454,12.7130242648991));
#4701=CARTESIAN_POINT('',(-11.0000000000016,-1.75000000000155,12.7130242648991));
#4702=CARTESIAN_POINT('',(0.999999999998447,17.8499999999984,12.7130242648991));
#4703=CARTESIAN_POINT('',(0.999999999998447,5.34999999999845,12.7130242648991));
#4704=CARTESIAN_POINT('',(12.9999999999984,12.9499999999984,62.7130242648991));
#4705=CARTESIAN_POINT('',(12.9999999999984,10.2499999999984,62.7130242648991));
#4706=CARTESIAN_POINT('',(12.9999999999984,10.2499999999984,60.7130242648991));
#4707=CARTESIAN_POINT('',(12.9999999999984,12.9499999999984,60.7130242648991));
#4708=CARTESIAN_POINT('',(-14.0000000000016,-0.400000000001569,62.7130242648991));
#4709=CARTESIAN_POINT('',(-11.5000000000016,-2.90000000000157,62.7130242648991));
#4710=CARTESIAN_POINT('',(-14.0000000000016,32.0999999999984,62.7130242648991));
#4711=CARTESIAN_POINT('',(15.9999999999984,32.0999999999984,62.7130242648991));
#4712=CARTESIAN_POINT('',(15.9999999999984,-0.400000000001569,62.7130242648991));
#4713=CARTESIAN_POINT('',(13.4999999999984,-2.90000000000157,62.7130242648991));
#4714=CARTESIAN_POINT('',(12.9999999999984,0.949999999998425,62.7130242648991));
#4715=CARTESIAN_POINT('',(12.9999999999984,-1.75000000000158,62.7130242648991));
#4716=CARTESIAN_POINT('',(0.999999999998443,24.9499999999984,62.7130242648991));
#4717=CARTESIAN_POINT('',(0.999999999998444,22.2499999999984,62.7130242648991));
#4718=CARTESIAN_POINT('',(-11.0000000000016,24.9499999999984,62.7130242648991));
#4719=CARTESIAN_POINT('',(-11.0000000000016,22.2499999999984,62.7130242648991));
#4720=CARTESIAN_POINT('',(-11.0000000000016,12.9499999999984,62.7130242648991));
#4721=CARTESIAN_POINT('',(-11.0000000000016,10.2499999999984,62.7130242648991));
#4722=CARTESIAN_POINT('',(-11.0000000000016,0.949999999998425,62.7130242648991));
#4723=CARTESIAN_POINT('',(-11.0000000000016,-1.75000000000158,62.7130242648991));
#4724=CARTESIAN_POINT('',(0.999999999998443,17.8499999999984,62.7130242648991));
#4725=CARTESIAN_POINT('',(0.999999999998443,5.34999999999843,62.7130242648991));
#4726=CARTESIAN_POINT('',(12.9999999999984,-1.75000000000158,60.7130242648991));
#4727=CARTESIAN_POINT('',(12.9999999999984,0.949999999998425,60.7130242648991));
#4728=CARTESIAN_POINT('',(-14.0000000000016,-0.400000000001569,60.7130242648991));
#4729=CARTESIAN_POINT('',(-11.5000000000016,-2.90000000000157,60.7130242648991));
#4730=CARTESIAN_POINT('',(13.4999999999984,-2.90000000000157,60.7130242648991));
#4731=CARTESIAN_POINT('',(15.9999999999984,-0.400000000001569,60.7130242648991));
#4732=CARTESIAN_POINT('',(15.9999999999984,32.0999999999984,60.7130242648991));
#4733=CARTESIAN_POINT('',(-14.0000000000016,32.0999999999984,60.7130242648991));
#4734=CARTESIAN_POINT('',(0.999999999998443,24.9499999999984,60.7130242648991));
#4735=CARTESIAN_POINT('',(0.999999999998444,22.2499999999984,60.7130242648991));
#4736=CARTESIAN_POINT('',(-11.0000000000016,24.9499999999984,60.7130242648991));
#4737=CARTESIAN_POINT('',(-11.0000000000016,22.2499999999984,60.7130242648991));
#4738=CARTESIAN_POINT('',(-11.0000000000016,12.9499999999984,60.7130242648991));
#4739=CARTESIAN_POINT('',(-11.0000000000016,10.2499999999984,60.7130242648991));
#4740=CARTESIAN_POINT('',(-11.0000000000016,0.949999999998425,60.7130242648991));
#4741=CARTESIAN_POINT('',(-11.0000000000016,-1.75000000000158,60.7130242648991));
#4742=CARTESIAN_POINT('',(0.999999999998443,17.8499999999984,60.7130242648991));
#4743=CARTESIAN_POINT('',(0.999999999998443,5.34999999999843,60.7130242648991));
#4744=CARTESIAN_POINT('',(-14.0000000000016,34.0999999999984,12.7130242648991));
#4745=CARTESIAN_POINT('',(-14.0000000000016,34.0999999999984,60.7130242648991));
#4746=CARTESIAN_POINT('',(-5.25000000000155,32.0999999999984,36.7130242648991));
#4747=CARTESIAN_POINT('',(7.24999999999845,32.0999999999984,36.7130242648991));
#4748=CARTESIAN_POINT('',(11.0999999999984,32.0999999999984,45.2130242648991));
#4749=CARTESIAN_POINT('',(7.89999999999844,32.0999999999984,45.2130242648991));
#4750=CARTESIAN_POINT('',(-5.90000000000156,32.0999999999984,45.2130242648991));
#4751=CARTESIAN_POINT('',(-9.10000000000155,32.0999999999984,45.2130242648991));
#4752=CARTESIAN_POINT('',(11.0999999999984,32.0999999999984,28.2130242648991));
#4753=CARTESIAN_POINT('',(7.89999999999845,32.0999999999984,28.2130242648991));
#4754=CARTESIAN_POINT('',(-5.90000000000155,32.0999999999984,28.2130242648991));
#4755=CARTESIAN_POINT('',(-9.10000000000155,32.0999999999984,28.2130242648991));
#4756=CARTESIAN_POINT('',(-7.90000000000156,32.0999999999984,56.7130242648991));
#4757=CARTESIAN_POINT('',(-11.1000000000016,32.0999999999984,56.7130242648991));
#4758=CARTESIAN_POINT('',(13.0999999999984,32.0999999999984,56.7130242648991));
#4759=CARTESIAN_POINT('',(9.89999999999844,32.0999999999984,56.7130242648991));
#4760=CARTESIAN_POINT('',(-7.90000000000155,32.0999999999984,16.7130242648991));
#4761=CARTESIAN_POINT('',(-11.1000000000016,32.0999999999984,16.7130242648991));
#4762=CARTESIAN_POINT('',(13.0999999999984,32.0999999999984,16.7130242648991));
#4763=CARTESIAN_POINT('',(9.89999999999845,32.0999999999984,16.7130242648991));
#4764=CARTESIAN_POINT('',(15.9999999999984,34.0999999999984,60.7130242648991));
#4765=CARTESIAN_POINT('',(15.9999999999984,34.0999999999984,12.7130242648991));
#4766=CARTESIAN_POINT('',(-5.25000000000155,34.0999999999984,36.7130242648991));
#4767=CARTESIAN_POINT('',(7.24999999999845,34.0999999999984,36.7130242648991));
#4768=CARTESIAN_POINT('',(11.0999999999984,34.0999999999984,45.2130242648991));
#4769=CARTESIAN_POINT('',(7.89999999999844,34.0999999999984,45.2130242648991));
#4770=CARTESIAN_POINT('',(-5.90000000000156,34.0999999999984,45.2130242648991));
#4771=CARTESIAN_POINT('',(-9.10000000000155,34.0999999999984,45.2130242648991));
#4772=CARTESIAN_POINT('',(11.0999999999984,34.0999999999984,28.2130242648991));
#4773=CARTESIAN_POINT('',(7.89999999999845,34.0999999999984,28.2130242648991));
#4774=CARTESIAN_POINT('',(-5.90000000000155,34.0999999999984,28.2130242648991));
#4775=CARTESIAN_POINT('',(-9.10000000000155,34.0999999999984,28.2130242648991));
#4776=CARTESIAN_POINT('',(-7.90000000000156,34.0999999999984,56.7130242648991));
#4777=CARTESIAN_POINT('',(-11.1000000000016,34.0999999999984,56.7130242648991));
#4778=CARTESIAN_POINT('',(13.0999999999984,34.0999999999984,56.7130242648991));
#4779=CARTESIAN_POINT('',(9.89999999999844,34.0999999999984,56.7130242648991));
#4780=CARTESIAN_POINT('',(-7.90000000000155,34.0999999999984,16.7130242648991));
#4781=CARTESIAN_POINT('',(-11.1000000000016,34.0999999999984,16.7130242648991));
#4782=CARTESIAN_POINT('',(13.0999999999984,34.0999999999984,16.7130242648991));
#4783=CARTESIAN_POINT('',(9.89999999999845,34.0999999999984,16.7130242648991));
#4784=CARTESIAN_POINT('',(-11.5000000000016,-2.90000000000155,10.7130242648991));
#4785=CARTESIAN_POINT('',(13.4999999999984,-2.90000000000155,10.7130242648991));
#4786=CARTESIAN_POINT('',(15.9999999999984,-0.400000000001555,10.7130242648991));
#4787=CARTESIAN_POINT('',(15.9999999999984,32.0999999999984,10.7130242648991));
#4788=CARTESIAN_POINT('',(15.9999999999984,32.0999999999984,10.7130242648991));
#4789=CARTESIAN_POINT('',(-14.0000000000016,32.0999999999984,10.7130242648991));
#4790=CARTESIAN_POINT('',(-14.0000000000016,32.0999999999984,10.7130242648991));
#4791=CARTESIAN_POINT('',(-14.0000000000016,-0.400000000001555,10.7130242648991));
#4792=CARTESIAN_POINT('',(12.9999999999984,23.5999999999984,10.7130242648991));
#4793=CARTESIAN_POINT('',(12.9999999999984,24.9499999999984,10.7130242648991));
#4794=CARTESIAN_POINT('',(12.9999999999984,22.2499999999984,10.7130242648991));
#4795=CARTESIAN_POINT('',(12.9999999999984,24.9499999999985,10.7130242648991));
#4796=CARTESIAN_POINT('',(12.9999999999984,24.9499999999985,12.7130242648991));
#4797=CARTESIAN_POINT('',(12.9999999999984,23.5999999999984,12.7130242648991));
#4798=CARTESIAN_POINT('',(12.9999999999984,24.9499999999984,12.7130242648991));
#4799=CARTESIAN_POINT('',(12.9999999999984,22.2499999999984,12.7130242648991));
#4800=CARTESIAN_POINT('',(12.9999999999984,22.2499999999984,12.7130242648991));
#4801=CARTESIAN_POINT('',(12.9999999999984,22.2499999999984,10.7130242648991));
#4802=CARTESIAN_POINT('',(12.9999999999984,23.5999999999984,62.7130242648991));
#4803=CARTESIAN_POINT('',(12.9999999999984,24.9499999999984,62.7130242648991));
#4804=CARTESIAN_POINT('',(12.9999999999984,22.2499999999984,62.7130242648991));
#4805=CARTESIAN_POINT('',(12.9999999999984,22.2499999999984,62.7130242648991));
#4806=CARTESIAN_POINT('',(12.9999999999984,22.2499999999984,60.7130242648991));
#4807=CARTESIAN_POINT('',(12.9999999999984,23.5999999999984,60.7130242648991));
#4808=CARTESIAN_POINT('',(12.9999999999984,22.2499999999984,60.7130242648991));
#4809=CARTESIAN_POINT('',(12.9999999999984,24.9499999999984,60.7130242648991));
#4810=CARTESIAN_POINT('',(12.9999999999984,24.9499999999984,60.7130242648991));
#4811=CARTESIAN_POINT('',(12.9999999999984,24.9499999999984,62.7130242648991));
#4812=CARTESIAN_POINT('',(12.9999999999984,23.5999999999984,10.7130242648991));
#4813=CARTESIAN_POINT('',(12.9999999999984,22.2499999999984,10.7130242648991));
#4814=CARTESIAN_POINT('',(12.9999999999984,24.9499999999984,10.7130242648991));
#4815=CARTESIAN_POINT('',(12.9999999999984,23.5999999999984,12.7130242648991));
#4816=CARTESIAN_POINT('',(12.9999999999984,22.2499999999984,12.7130242648991));
#4817=CARTESIAN_POINT('',(12.9999999999984,24.9499999999984,12.7130242648991));
#4818=CARTESIAN_POINT('',(12.9999999999984,23.5999999999984,62.7130242648991));
#4819=CARTESIAN_POINT('',(12.9999999999984,22.2499999999984,62.7130242648991));
#4820=CARTESIAN_POINT('',(12.9999999999984,24.9499999999984,62.7130242648991));
#4821=CARTESIAN_POINT('',(12.9999999999984,23.5999999999984,60.7130242648991));
#4822=CARTESIAN_POINT('',(12.9999999999984,24.9499999999984,60.7130242648991));
#4823=CARTESIAN_POINT('',(12.9999999999984,22.2499999999984,60.7130242648991));
#4824=CARTESIAN_POINT('',(-14.0000000000016,32.0999999999984,12.7130242648991));
#4825=CARTESIAN_POINT('',(-14.0000000000016,-0.400000000001555,12.7130242648991));
#4826=CARTESIAN_POINT('',(15.9999999999984,32.0999999999984,12.7130242648991));
#4827=CARTESIAN_POINT('',(-14.0000000000016,32.0999999999984,12.7130242648991));
#4828=CARTESIAN_POINT('',(15.9999999999984,-0.400000000001555,12.7130242648991));
#4829=CARTESIAN_POINT('',(15.9999999999984,32.0999999999984,12.7130242648991));
#4830=CARTESIAN_POINT('',(-11.5000000000016,-2.90000000000155,12.7130242648991));
#4831=CARTESIAN_POINT('',(13.4999999999984,-2.90000000000155,12.7130242648991));
#4832=CARTESIAN_POINT('',(12.9999999999984,11.5999999999984,10.7130242648991));
#4833=CARTESIAN_POINT('',(12.9999999999984,12.9499999999984,10.7130242648991));
#4834=CARTESIAN_POINT('',(12.9999999999984,10.2499999999984,10.7130242648991));
#4835=CARTESIAN_POINT('',(12.9999999999984,12.9499999999985,10.7130242648991));
#4836=CARTESIAN_POINT('',(12.9999999999984,12.9499999999985,12.7130242648991));
#4837=CARTESIAN_POINT('',(12.9999999999984,11.5999999999984,12.7130242648991));
#4838=CARTESIAN_POINT('',(12.9999999999984,12.9499999999984,12.7130242648991));
#4839=CARTESIAN_POINT('',(12.9999999999984,10.2499999999984,12.7130242648991));
#4840=CARTESIAN_POINT('',(12.9999999999984,10.2499999999984,12.7130242648991));
#4841=CARTESIAN_POINT('',(12.9999999999984,10.2499999999985,10.7130242648991));
#4842=CARTESIAN_POINT('',(12.9999999999984,11.5999999999984,62.7130242648991));
#4843=CARTESIAN_POINT('',(12.9999999999984,12.9499999999984,62.7130242648991));
#4844=CARTESIAN_POINT('',(12.9999999999984,10.2499999999984,62.7130242648991));
#4845=CARTESIAN_POINT('',(12.9999999999984,10.2499999999984,62.7130242648991));
#4846=CARTESIAN_POINT('',(12.9999999999984,10.2499999999984,60.7130242648991));
#4847=CARTESIAN_POINT('',(12.9999999999984,11.5999999999984,60.7130242648991));
#4848=CARTESIAN_POINT('',(12.9999999999984,10.2499999999984,60.7130242648991));
#4849=CARTESIAN_POINT('',(12.9999999999984,12.9499999999984,60.7130242648991));
#4850=CARTESIAN_POINT('',(12.9999999999984,12.9499999999984,60.7130242648991));
#4851=CARTESIAN_POINT('',(12.9999999999984,12.9499999999984,62.7130242648991));
#4852=CARTESIAN_POINT('',(12.9999999999984,11.5999999999984,10.7130242648991));
#4853=CARTESIAN_POINT('',(12.9999999999984,10.2499999999984,10.7130242648991));
#4854=CARTESIAN_POINT('',(12.9999999999984,12.9499999999984,10.7130242648991));
#4855=CARTESIAN_POINT('',(12.9999999999984,11.5999999999984,12.7130242648991));
#4856=CARTESIAN_POINT('',(12.9999999999984,10.2499999999984,12.7130242648991));
#4857=CARTESIAN_POINT('',(12.9999999999984,12.9499999999984,12.7130242648991));
#4858=CARTESIAN_POINT('',(12.9999999999984,11.5999999999984,62.7130242648991));
#4859=CARTESIAN_POINT('',(12.9999999999984,10.2499999999984,62.7130242648991));
#4860=CARTESIAN_POINT('',(12.9999999999984,12.9499999999984,62.7130242648991));
#4861=CARTESIAN_POINT('',(12.9999999999984,11.5999999999984,60.7130242648991));
#4862=CARTESIAN_POINT('',(12.9999999999984,12.9499999999984,60.7130242648991));
#4863=CARTESIAN_POINT('',(12.9999999999984,10.2499999999984,60.7130242648991));
#4864=CARTESIAN_POINT('',(-14.0000000000016,32.0999999999984,62.7130242648991));
#4865=CARTESIAN_POINT('',(-14.0000000000016,-0.400000000001569,62.7130242648991));
#4866=CARTESIAN_POINT('',(15.9999999999984,32.0999999999984,62.7130242648991));
#4867=CARTESIAN_POINT('',(-14.0000000000016,32.0999999999984,62.7130242648991));
#4868=CARTESIAN_POINT('',(15.9999999999984,-0.400000000001569,62.7130242648991));
#4869=CARTESIAN_POINT('',(15.9999999999984,32.0999999999984,62.7130242648991));
#4870=CARTESIAN_POINT('',(-11.5000000000016,-2.90000000000157,62.7130242648991));
#4871=CARTESIAN_POINT('',(13.4999999999984,-2.90000000000157,62.7130242648991));
#4872=CARTESIAN_POINT('',(12.9999999999984,-0.400000000001555,10.7130242648991));
#4873=CARTESIAN_POINT('',(12.9999999999984,0.949999999998445,10.7130242648991));
#4874=CARTESIAN_POINT('',(12.9999999999984,-1.75000000000155,10.7130242648991));
#4875=CARTESIAN_POINT('',(12.9999999999984,0.94999999999844,10.7130242648991));
#4876=CARTESIAN_POINT('',(12.9999999999984,0.94999999999844,12.7130242648991));
#4877=CARTESIAN_POINT('',(12.9999999999984,-0.400000000001555,12.7130242648991));
#4878=CARTESIAN_POINT('',(12.9999999999984,0.949999999998445,12.7130242648991));
#4879=CARTESIAN_POINT('',(12.9999999999984,-1.75000000000155,12.7130242648991));
#4880=CARTESIAN_POINT('',(12.9999999999984,-1.75000000000155,12.7130242648991));
#4881=CARTESIAN_POINT('',(12.9999999999984,-1.75000000000155,10.7130242648991));
#4882=CARTESIAN_POINT('',(12.9999999999984,-0.400000000001569,62.7130242648991));
#4883=CARTESIAN_POINT('',(12.9999999999984,0.949999999998431,62.7130242648991));
#4884=CARTESIAN_POINT('',(12.9999999999984,-1.75000000000157,62.7130242648991));
#4885=CARTESIAN_POINT('',(12.9999999999984,-1.75000000000158,62.7130242648991));
#4886=CARTESIAN_POINT('',(12.9999999999984,-1.75000000000158,60.7130242648991));
#4887=CARTESIAN_POINT('',(12.9999999999984,-0.400000000001571,60.7130242648991));
#4888=CARTESIAN_POINT('',(12.9999999999984,-1.75000000000157,60.7130242648991));
#4889=CARTESIAN_POINT('',(12.9999999999984,0.949999999998428,60.7130242648991));
#4890=CARTESIAN_POINT('',(12.9999999999984,0.949999999998425,60.7130242648991));
#4891=CARTESIAN_POINT('',(12.9999999999984,0.949999999998425,62.7130242648991));
#4892=CARTESIAN_POINT('',(12.9999999999984,-0.400000000001553,10.7130242648991));
#4893=CARTESIAN_POINT('',(12.9999999999984,-1.75000000000155,10.7130242648991));
#4894=CARTESIAN_POINT('',(12.9999999999984,0.949999999998449,10.7130242648991));
#4895=CARTESIAN_POINT('',(12.9999999999984,-0.400000000001553,12.7130242648991));
#4896=CARTESIAN_POINT('',(12.9999999999984,-1.75000000000155,12.7130242648991));
#4897=CARTESIAN_POINT('',(12.9999999999984,0.949999999998449,12.7130242648991));
#4898=CARTESIAN_POINT('',(12.9999999999984,-0.400000000001569,62.7130242648991));
#4899=CARTESIAN_POINT('',(12.9999999999984,-1.75000000000157,62.7130242648991));
#4900=CARTESIAN_POINT('',(12.9999999999984,0.949999999998431,62.7130242648991));
#4901=CARTESIAN_POINT('',(12.9999999999984,-0.400000000001571,60.7130242648991));
#4902=CARTESIAN_POINT('',(12.9999999999984,0.949999999998431,60.7130242648991));
#4903=CARTESIAN_POINT('',(12.9999999999984,-1.75000000000157,60.7130242648991));
#4904=CARTESIAN_POINT('',(-11.5000000000016,-2.90000000000157,60.7130242648991));
#4905=CARTESIAN_POINT('',(13.4999999999984,-2.90000000000157,60.7130242648991));
#4906=CARTESIAN_POINT('',(15.9999999999984,-0.400000000001569,60.7130242648991));
#4907=CARTESIAN_POINT('',(15.9999999999984,32.0999999999984,60.7130242648991));
#4908=CARTESIAN_POINT('',(15.9999999999984,32.0999999999984,60.7130242648991));
#4909=CARTESIAN_POINT('',(-14.0000000000016,32.0999999999984,60.7130242648991));
#4910=CARTESIAN_POINT('',(-14.0000000000016,32.0999999999984,60.7130242648991));
#4911=CARTESIAN_POINT('',(-14.0000000000016,-0.400000000001569,60.7130242648991));
#4912=CARTESIAN_POINT('',(0.999999999998448,23.5999999999984,10.7130242648991));
#4913=CARTESIAN_POINT('',(0.999999999998448,24.9499999999984,10.7130242648991));
#4914=CARTESIAN_POINT('',(0.999999999998449,22.2499999999984,10.7130242648991));
#4915=CARTESIAN_POINT('',(0.999999999998447,24.9499999999985,10.7130242648991));
#4916=CARTESIAN_POINT('',(0.999999999998447,24.9499999999985,12.7130242648991));
#4917=CARTESIAN_POINT('',(0.999999999998448,23.5999999999984,12.7130242648991));
#4918=CARTESIAN_POINT('',(0.999999999998448,24.9499999999984,12.7130242648991));
#4919=CARTESIAN_POINT('',(0.999999999998449,22.2499999999984,12.7130242648991));
#4920=CARTESIAN_POINT('',(0.999999999998448,22.2499999999984,12.7130242648991));
#4921=CARTESIAN_POINT('',(0.999999999998448,22.2499999999984,10.7130242648991));
#4922=CARTESIAN_POINT('',(0.999999999998443,23.5999999999984,62.7130242648991));
#4923=CARTESIAN_POINT('',(0.999999999998444,24.9499999999984,62.7130242648991));
#4924=CARTESIAN_POINT('',(0.999999999998444,22.2499999999984,62.7130242648991));
#4925=CARTESIAN_POINT('',(0.999999999998444,22.2499999999984,62.7130242648991));
#4926=CARTESIAN_POINT('',(0.999999999998444,22.2499999999984,60.7130242648991));
#4927=CARTESIAN_POINT('',(0.999999999998443,23.5999999999984,60.7130242648991));
#4928=CARTESIAN_POINT('',(0.999999999998444,24.9499999999984,60.7130242648991));
#4929=CARTESIAN_POINT('',(0.999999999998444,22.2499999999984,60.7130242648991));
#4930=CARTESIAN_POINT('',(0.999999999998443,24.9499999999984,60.7130242648991));
#4931=CARTESIAN_POINT('',(0.999999999998443,24.9499999999984,62.7130242648991));
#4932=CARTESIAN_POINT('',(0.999999999998448,23.5999999999984,10.7130242648991));
#4933=CARTESIAN_POINT('',(0.999999999998448,22.2499999999984,10.7130242648991));
#4934=CARTESIAN_POINT('',(0.999999999998448,24.9499999999984,10.7130242648991));
#4935=CARTESIAN_POINT('',(0.999999999998448,23.5999999999984,12.7130242648991));
#4936=CARTESIAN_POINT('',(0.999999999998448,22.2499999999984,12.7130242648991));
#4937=CARTESIAN_POINT('',(0.999999999998448,24.9499999999984,12.7130242648991));
#4938=CARTESIAN_POINT('',(0.999999999998443,23.5999999999984,62.7130242648991));
#4939=CARTESIAN_POINT('',(0.999999999998444,22.2499999999984,62.7130242648991));
#4940=CARTESIAN_POINT('',(0.999999999998443,24.9499999999984,62.7130242648991));
#4941=CARTESIAN_POINT('',(0.999999999998443,23.5999999999984,60.7130242648991));
#4942=CARTESIAN_POINT('',(0.999999999998444,22.2499999999984,60.7130242648991));
#4943=CARTESIAN_POINT('',(0.999999999998443,24.9499999999984,60.7130242648991));
#4944=CARTESIAN_POINT('',(-11.0000000000016,23.5999999999984,10.7130242648991));
#4945=CARTESIAN_POINT('',(-11.0000000000016,24.9499999999984,10.7130242648991));
#4946=CARTESIAN_POINT('',(-11.0000000000016,22.2499999999984,10.7130242648991));
#4947=CARTESIAN_POINT('',(-11.0000000000016,24.9499999999985,10.7130242648991));
#4948=CARTESIAN_POINT('',(-11.0000000000016,24.9499999999985,12.7130242648991));
#4949=CARTESIAN_POINT('',(-11.0000000000016,23.5999999999984,12.7130242648991));
#4950=CARTESIAN_POINT('',(-11.0000000000016,24.9499999999984,12.7130242648991));
#4951=CARTESIAN_POINT('',(-11.0000000000016,22.2499999999984,12.7130242648991));
#4952=CARTESIAN_POINT('',(-11.0000000000016,22.2499999999984,12.7130242648991));
#4953=CARTESIAN_POINT('',(-11.0000000000016,22.2499999999984,10.7130242648991));
#4954=CARTESIAN_POINT('',(-11.0000000000016,23.5999999999984,62.7130242648991));
#4955=CARTESIAN_POINT('',(-11.0000000000016,24.9499999999984,62.7130242648991));
#4956=CARTESIAN_POINT('',(-11.0000000000016,22.2499999999984,62.7130242648991));
#4957=CARTESIAN_POINT('',(-11.0000000000016,22.2499999999984,62.7130242648991));
#4958=CARTESIAN_POINT('',(-11.0000000000016,22.2499999999984,60.7130242648991));
#4959=CARTESIAN_POINT('',(-11.0000000000016,23.5999999999984,60.7130242648991));
#4960=CARTESIAN_POINT('',(-11.0000000000016,24.9499999999984,60.7130242648991));
#4961=CARTESIAN_POINT('',(-11.0000000000016,22.2499999999984,60.7130242648991));
#4962=CARTESIAN_POINT('',(-11.0000000000016,24.9499999999984,60.7130242648991));
#4963=CARTESIAN_POINT('',(-11.0000000000016,24.9499999999984,62.7130242648991));
#4964=CARTESIAN_POINT('',(-11.0000000000016,23.5999999999984,10.7130242648991));
#4965=CARTESIAN_POINT('',(-11.0000000000016,22.2499999999984,10.7130242648991));
#4966=CARTESIAN_POINT('',(-11.0000000000016,24.9499999999984,10.7130242648991));
#4967=CARTESIAN_POINT('',(-11.0000000000016,23.5999999999984,12.7130242648991));
#4968=CARTESIAN_POINT('',(-11.0000000000016,22.2499999999984,12.7130242648991));
#4969=CARTESIAN_POINT('',(-11.0000000000016,24.9499999999984,12.7130242648991));
#4970=CARTESIAN_POINT('',(-11.0000000000016,23.5999999999984,62.7130242648991));
#4971=CARTESIAN_POINT('',(-11.0000000000016,22.2499999999984,62.7130242648991));
#4972=CARTESIAN_POINT('',(-11.0000000000016,24.9499999999984,62.7130242648991));
#4973=CARTESIAN_POINT('',(-11.0000000000016,23.5999999999984,60.7130242648991));
#4974=CARTESIAN_POINT('',(-11.0000000000016,22.2499999999984,60.7130242648991));
#4975=CARTESIAN_POINT('',(-11.0000000000016,24.9499999999984,60.7130242648991));
#4976=CARTESIAN_POINT('',(-11.0000000000016,11.5999999999984,10.7130242648991));
#4977=CARTESIAN_POINT('',(-11.0000000000016,12.9499999999984,10.7130242648991));
#4978=CARTESIAN_POINT('',(-11.0000000000016,10.2499999999984,10.7130242648991));
#4979=CARTESIAN_POINT('',(-11.0000000000016,12.9499999999985,10.7130242648991));
#4980=CARTESIAN_POINT('',(-11.0000000000016,12.9499999999985,12.7130242648991));
#4981=CARTESIAN_POINT('',(-11.0000000000016,11.5999999999984,12.7130242648991));
#4982=CARTESIAN_POINT('',(-11.0000000000016,12.9499999999984,12.7130242648991));
#4983=CARTESIAN_POINT('',(-11.0000000000016,10.2499999999984,12.7130242648991));
#4984=CARTESIAN_POINT('',(-11.0000000000016,10.2499999999984,12.7130242648991));
#4985=CARTESIAN_POINT('',(-11.0000000000016,10.2499999999984,10.7130242648991));
#4986=CARTESIAN_POINT('',(-11.0000000000016,11.5999999999984,62.7130242648991));
#4987=CARTESIAN_POINT('',(-11.0000000000016,12.9499999999984,62.7130242648991));
#4988=CARTESIAN_POINT('',(-11.0000000000016,10.2499999999984,62.7130242648991));
#4989=CARTESIAN_POINT('',(-11.0000000000016,10.2499999999984,62.7130242648991));
#4990=CARTESIAN_POINT('',(-11.0000000000016,10.2499999999984,60.7130242648991));
#4991=CARTESIAN_POINT('',(-11.0000000000016,11.5999999999984,60.7130242648991));
#4992=CARTESIAN_POINT('',(-11.0000000000016,12.9499999999984,60.7130242648991));
#4993=CARTESIAN_POINT('',(-11.0000000000016,10.2499999999984,60.7130242648991));
#4994=CARTESIAN_POINT('',(-11.0000000000016,12.9499999999984,60.7130242648991));
#4995=CARTESIAN_POINT('',(-11.0000000000016,12.9499999999984,62.7130242648991));
#4996=CARTESIAN_POINT('',(-11.0000000000016,11.5999999999984,10.7130242648991));
#4997=CARTESIAN_POINT('',(-11.0000000000016,10.2499999999984,10.7130242648991));
#4998=CARTESIAN_POINT('',(-11.0000000000016,12.9499999999984,10.7130242648991));
#4999=CARTESIAN_POINT('',(-11.0000000000016,11.5999999999984,12.7130242648991));
#5000=CARTESIAN_POINT('',(-11.0000000000016,10.2499999999984,12.7130242648991));
#5001=CARTESIAN_POINT('',(-11.0000000000016,12.9499999999984,12.7130242648991));
#5002=CARTESIAN_POINT('',(-11.0000000000016,11.5999999999984,62.7130242648991));
#5003=CARTESIAN_POINT('',(-11.0000000000016,10.2499999999984,62.7130242648991));
#5004=CARTESIAN_POINT('',(-11.0000000000016,12.9499999999984,62.7130242648991));
#5005=CARTESIAN_POINT('',(-11.0000000000016,11.5999999999984,60.7130242648991));
#5006=CARTESIAN_POINT('',(-11.0000000000016,10.2499999999984,60.7130242648991));
#5007=CARTESIAN_POINT('',(-11.0000000000016,12.9499999999984,60.7130242648991));
#5008=CARTESIAN_POINT('',(-11.0000000000016,-0.400000000001555,10.7130242648991));
#5009=CARTESIAN_POINT('',(-11.0000000000016,0.949999999998445,10.7130242648991));
#5010=CARTESIAN_POINT('',(-11.0000000000016,-1.75000000000155,10.7130242648991));
#5011=CARTESIAN_POINT('',(-11.0000000000016,0.949999999998454,10.7130242648991));
#5012=CARTESIAN_POINT('',(-11.0000000000016,0.949999999998454,12.7130242648991));
#5013=CARTESIAN_POINT('',(-11.0000000000016,-0.400000000001555,12.7130242648991));
#5014=CARTESIAN_POINT('',(-11.0000000000016,0.949999999998445,12.7130242648991));
#5015=CARTESIAN_POINT('',(-11.0000000000016,-1.75000000000155,12.7130242648991));
#5016=CARTESIAN_POINT('',(-11.0000000000016,-1.75000000000155,12.7130242648991));
#5017=CARTESIAN_POINT('',(-11.0000000000016,-1.75000000000155,10.7130242648991));
#5018=CARTESIAN_POINT('',(-11.0000000000016,-0.400000000001569,62.7130242648991));
#5019=CARTESIAN_POINT('',(-11.0000000000016,0.949999999998431,62.7130242648991));
#5020=CARTESIAN_POINT('',(-11.0000000000016,-1.75000000000157,62.7130242648991));
#5021=CARTESIAN_POINT('',(-11.0000000000016,-1.75000000000158,62.7130242648991));
#5022=CARTESIAN_POINT('',(-11.0000000000016,-1.75000000000158,60.7130242648991));
#5023=CARTESIAN_POINT('',(-11.0000000000016,-0.400000000001569,60.7130242648991));
#5024=CARTESIAN_POINT('',(-11.0000000000016,0.949999999998431,60.7130242648991));
#5025=CARTESIAN_POINT('',(-11.0000000000016,-1.75000000000157,60.7130242648991));
#5026=CARTESIAN_POINT('',(-11.0000000000016,0.949999999998425,60.7130242648991));
#5027=CARTESIAN_POINT('',(-11.0000000000016,0.949999999998425,62.7130242648991));
#5028=CARTESIAN_POINT('',(-11.0000000000016,-0.400000000001555,10.7130242648991));
#5029=CARTESIAN_POINT('',(-11.0000000000016,-1.75000000000155,10.7130242648991));
#5030=CARTESIAN_POINT('',(-11.0000000000016,0.949999999998445,10.7130242648991));
#5031=CARTESIAN_POINT('',(-11.0000000000016,-0.400000000001555,12.7130242648991));
#5032=CARTESIAN_POINT('',(-11.0000000000016,-1.75000000000155,12.7130242648991));
#5033=CARTESIAN_POINT('',(-11.0000000000016,0.949999999998445,12.7130242648991));
#5034=CARTESIAN_POINT('',(-11.0000000000016,-0.400000000001569,62.7130242648991));
#5035=CARTESIAN_POINT('',(-11.0000000000016,-1.75000000000157,62.7130242648991));
#5036=CARTESIAN_POINT('',(-11.0000000000016,0.949999999998431,62.7130242648991));
#5037=CARTESIAN_POINT('',(-11.0000000000016,-0.400000000001569,60.7130242648991));
#5038=CARTESIAN_POINT('',(-11.0000000000016,-1.75000000000157,60.7130242648991));
#5039=CARTESIAN_POINT('',(-11.0000000000016,0.949999999998431,60.7130242648991));
#5040=CARTESIAN_POINT('',(-11.5000000000016,-0.400000000001573,60.7130242648991));
#5041=CARTESIAN_POINT('',(-14.0000000000016,-0.400000000001569,60.7130242648991));
#5042=CARTESIAN_POINT('',(-11.5000000000016,-2.90000000000157,60.7130242648991));
#5043=CARTESIAN_POINT('',(-14.0000000000016,-0.400000000001569,62.7130242648991));
#5044=CARTESIAN_POINT('',(-14.0000000000016,-0.400000000001569,60.7130242648991));
#5045=CARTESIAN_POINT('',(-11.5000000000016,-0.400000000001573,62.7130242648991));
#5046=CARTESIAN_POINT('',(-14.0000000000016,-0.400000000001569,62.7130242648991));
#5047=CARTESIAN_POINT('',(-11.5000000000016,-2.90000000000157,62.7130242648991));
#5048=CARTESIAN_POINT('',(-11.5000000000016,-2.90000000000157,60.7130242648991));
#5049=CARTESIAN_POINT('',(-11.5000000000016,-2.90000000000157,62.7130242648991));
#5050=CARTESIAN_POINT('',(-14.0000000000016,32.0999999999984,12.7130242648991));
#5051=CARTESIAN_POINT('',(-14.0000000000016,32.0999999999984,60.7130242648991));
#5052=CARTESIAN_POINT('',(-14.0000000000016,-0.400000000001555,10.7130242648991));
#5053=CARTESIAN_POINT('',(-14.0000000000016,-0.400000000001555,12.7130242648991));
#5054=CARTESIAN_POINT('',(-14.0000000000016,34.0999999999984,60.7130242648991));
#5055=CARTESIAN_POINT('',(-14.0000000000016,34.0999999999984,12.7130242648991));
#5056=CARTESIAN_POINT('',(15.9999999999984,32.0999999999984,60.7130242648991));
#5057=CARTESIAN_POINT('',(15.9999999999984,32.0999999999984,12.7130242648991));
#5058=CARTESIAN_POINT('',(15.9999999999984,-0.400000000001569,62.7130242648991));
#5059=CARTESIAN_POINT('',(15.9999999999984,-0.400000000001569,60.7130242648991));
#5060=CARTESIAN_POINT('',(15.9999999999984,34.0999999999984,12.7130242648991));
#5061=CARTESIAN_POINT('',(15.9999999999984,34.0999999999984,60.7130242648991));
#5062=CARTESIAN_POINT('',(15.9999999999984,-0.400000000001555,12.7130242648991));
#5063=CARTESIAN_POINT('',(15.9999999999984,-0.400000000001555,10.7130242648991));
#5064=CARTESIAN_POINT('',(13.4999999999984,-0.400000000001572,60.7130242648991));
#5065=CARTESIAN_POINT('',(13.4999999999984,-2.90000000000157,60.7130242648991));
#5066=CARTESIAN_POINT('',(15.9999999999984,-0.400000000001569,60.7130242648991));
#5067=CARTESIAN_POINT('',(13.4999999999984,-2.90000000000157,62.7130242648991));
#5068=CARTESIAN_POINT('',(13.4999999999984,-2.90000000000157,60.7130242648991));
#5069=CARTESIAN_POINT('',(13.4999999999984,-0.400000000001572,62.7130242648991));
#5070=CARTESIAN_POINT('',(13.4999999999984,-2.90000000000157,62.7130242648991));
#5071=CARTESIAN_POINT('',(15.9999999999984,-0.400000000001569,62.7130242648991));
#5072=CARTESIAN_POINT('',(-11.5000000000016,-2.90000000000155,12.7130242648991));
#5073=CARTESIAN_POINT('',(-11.5000000000016,-2.90000000000155,10.7130242648991));
#5074=CARTESIAN_POINT('',(13.4999999999984,-2.90000000000155,10.7130242648991));
#5075=CARTESIAN_POINT('',(13.4999999999984,-2.90000000000155,12.7130242648991));
#5076=CARTESIAN_POINT('',(-11.5000000000016,-0.400000000001557,10.7130242648991));
#5077=CARTESIAN_POINT('',(-14.0000000000016,-0.400000000001555,10.7130242648991));
#5078=CARTESIAN_POINT('',(-11.5000000000016,-2.90000000000156,10.7130242648991));
#5079=CARTESIAN_POINT('',(-11.5000000000016,-0.400000000001557,12.7130242648991));
#5080=CARTESIAN_POINT('',(-14.0000000000016,-0.400000000001555,12.7130242648991));
#5081=CARTESIAN_POINT('',(-11.5000000000016,-2.90000000000156,12.7130242648991));
#5082=CARTESIAN_POINT('',(13.4999999999985,-0.400000000001558,10.7130242648991));
#5083=CARTESIAN_POINT('',(13.4999999999984,-2.90000000000155,10.7130242648991));
#5084=CARTESIAN_POINT('',(15.9999999999984,-0.400000000001555,10.7130242648991));
#5085=CARTESIAN_POINT('',(13.4999999999985,-0.400000000001558,12.7130242648991));
#5086=CARTESIAN_POINT('',(13.4999999999984,-2.90000000000155,12.7130242648991));
#5087=CARTESIAN_POINT('',(15.9999999999984,-0.400000000001555,12.7130242648991));
#5088=CARTESIAN_POINT('',(-14.0000000000016,32.0999999999984,60.7130242648991));
#5089=CARTESIAN_POINT('',(-14.0000000000016,32.0999999999984,62.7130242648991));
#5090=CARTESIAN_POINT('',(-14.0000000000016,34.0999999999984,60.7130242648991));
#5091=CARTESIAN_POINT('',(15.9999999999984,34.0999999999984,60.7130242648991));
#5092=CARTESIAN_POINT('',(-14.0000000000016,34.0999999999984,60.7130242648991));
#5093=CARTESIAN_POINT('',(15.9999999999984,32.0999999999984,60.7130242648991));
#5094=CARTESIAN_POINT('',(15.9999999999984,34.0999999999984,60.7130242648991));
#5095=CARTESIAN_POINT('',(15.9999999999984,32.0999999999984,62.7130242648991));
#5096=CARTESIAN_POINT('',(15.9999999999984,34.0999999999984,12.7130242648991));
#5097=CARTESIAN_POINT('',(-14.0000000000016,34.0999999999984,12.7130242648991));
#5098=CARTESIAN_POINT('',(15.9999999999984,32.0999999999984,12.7130242648992));
#5099=CARTESIAN_POINT('',(15.9999999999984,32.0999999999984,10.7130242648991));
#5100=CARTESIAN_POINT('',(15.9999999999984,34.0999999999984,12.7130242648991));
#5101=CARTESIAN_POINT('',(-14.0000000000015,32.0999999999984,12.7130242648991));
#5102=CARTESIAN_POINT('',(-14.0000000000016,34.0999999999984,12.7130242648991));
#5103=CARTESIAN_POINT('',(-14.0000000000016,32.0999999999984,10.7130242648991));
#5104=CARTESIAN_POINT('',(0.999999999998446,34.0999999999984,36.7130242648991));
#5105=CARTESIAN_POINT('',(-5.25000000000155,34.0999999999984,36.7130242648991));
#5106=CARTESIAN_POINT('',(7.24999999999845,34.0999999999984,36.7130242648991));
#5107=CARTESIAN_POINT('',(7.24999999999845,34.0999999999984,36.7130242648991));
#5108=CARTESIAN_POINT('',(7.24999999999845,32.0999999999984,36.7130242648991));
#5109=CARTESIAN_POINT('',(0.999999999998446,32.0999999999984,36.7130242648991));
#5110=CARTESIAN_POINT('',(-5.25000000000155,32.0999999999984,36.7130242648991));
#5111=CARTESIAN_POINT('',(7.24999999999845,32.0999999999984,36.7130242648991));
#5112=CARTESIAN_POINT('',(-5.25000000000155,32.0999999999984,36.7130242648991));
#5113=CARTESIAN_POINT('',(-5.25000000000155,34.0999999999984,36.7130242648991));
#5114=CARTESIAN_POINT('',(0.999999999998446,34.0999999999984,36.7130242648991));
#5115=CARTESIAN_POINT('',(7.24999999999845,34.0999999999984,36.7130242648991));
#5116=CARTESIAN_POINT('',(-5.25000000000155,34.0999999999984,36.7130242648991));
#5117=CARTESIAN_POINT('',(0.999999999998446,32.0999999999984,36.7130242648991));
#5118=CARTESIAN_POINT('',(7.24999999999845,32.0999999999984,36.7130242648991));
#5119=CARTESIAN_POINT('',(-5.25000000000155,32.0999999999984,36.7130242648991));
#5120=CARTESIAN_POINT('',(9.49999999999845,34.0999999999984,45.2130242648991));
#5121=CARTESIAN_POINT('',(11.0999999999984,34.0999999999984,45.2130242648991));
#5122=CARTESIAN_POINT('',(7.89999999999845,34.0999999999984,45.2130242648991));
#5123=CARTESIAN_POINT('',(7.89999999999844,34.0999999999984,45.2130242648991));
#5124=CARTESIAN_POINT('',(7.89999999999844,32.0999999999984,45.2130242648991));
#5125=CARTESIAN_POINT('',(9.49999999999845,32.0999999999984,45.2130242648991));
#5126=CARTESIAN_POINT('',(11.0999999999984,32.0999999999984,45.2130242648991));
#5127=CARTESIAN_POINT('',(7.89999999999845,32.0999999999984,45.2130242648991));
#5128=CARTESIAN_POINT('',(11.0999999999984,32.0999999999984,45.2130242648991));
#5129=CARTESIAN_POINT('',(11.0999999999984,34.0999999999984,45.2130242648991));
#5130=CARTESIAN_POINT('',(9.49999999999845,34.0999999999984,45.2130242648991));
#5131=CARTESIAN_POINT('',(7.89999999999845,34.0999999999984,45.2130242648991));
#5132=CARTESIAN_POINT('',(11.0999999999984,34.0999999999984,45.2130242648991));
#5133=CARTESIAN_POINT('',(9.49999999999845,32.0999999999984,45.2130242648991));
#5134=CARTESIAN_POINT('',(7.89999999999845,32.0999999999984,45.2130242648991));
#5135=CARTESIAN_POINT('',(11.0999999999984,32.0999999999984,45.2130242648991));
#5136=CARTESIAN_POINT('',(-7.50000000000155,34.0999999999984,45.2130242648991));
#5137=CARTESIAN_POINT('',(-5.90000000000155,34.0999999999984,45.2130242648991));
#5138=CARTESIAN_POINT('',(-9.10000000000155,34.0999999999984,45.2130242648991));
#5139=CARTESIAN_POINT('',(-9.10000000000155,34.0999999999984,45.2130242648991));
#5140=CARTESIAN_POINT('',(-9.10000000000155,32.0999999999984,45.2130242648991));
#5141=CARTESIAN_POINT('',(-7.50000000000155,32.0999999999984,45.2130242648991));
#5142=CARTESIAN_POINT('',(-5.90000000000155,32.0999999999984,45.2130242648991));
#5143=CARTESIAN_POINT('',(-9.10000000000155,32.0999999999984,45.2130242648991));
#5144=CARTESIAN_POINT('',(-5.90000000000156,32.0999999999984,45.2130242648991));
#5145=CARTESIAN_POINT('',(-5.90000000000156,34.0999999999984,45.2130242648991));
#5146=CARTESIAN_POINT('',(-7.50000000000155,34.0999999999984,45.2130242648991));
#5147=CARTESIAN_POINT('',(-9.10000000000155,34.0999999999984,45.2130242648991));
#5148=CARTESIAN_POINT('',(-5.90000000000155,34.0999999999984,45.2130242648991));
#5149=CARTESIAN_POINT('',(-7.50000000000155,32.0999999999984,45.2130242648991));
#5150=CARTESIAN_POINT('',(-9.10000000000155,32.0999999999984,45.2130242648991));
#5151=CARTESIAN_POINT('',(-5.90000000000155,32.0999999999984,45.2130242648991));
#5152=CARTESIAN_POINT('',(9.49999999999844,34.0999999999984,28.2130242648992));
#5153=CARTESIAN_POINT('',(11.0999999999984,34.0999999999984,28.2130242648991));
#5154=CARTESIAN_POINT('',(7.89999999999844,34.0999999999984,28.2130242648991));
#5155=CARTESIAN_POINT('',(7.89999999999845,34.0999999999984,28.2130242648991));
#5156=CARTESIAN_POINT('',(7.89999999999845,32.0999999999984,28.2130242648991));
#5157=CARTESIAN_POINT('',(9.49999999999844,32.0999999999984,28.2130242648992));
#5158=CARTESIAN_POINT('',(11.0999999999984,32.0999999999984,28.2130242648991));
#5159=CARTESIAN_POINT('',(7.89999999999844,32.0999999999984,28.2130242648991));
#5160=CARTESIAN_POINT('',(11.0999999999984,32.0999999999984,28.2130242648991));
#5161=CARTESIAN_POINT('',(11.0999999999984,34.0999999999984,28.2130242648991));
#5162=CARTESIAN_POINT('',(9.49999999999844,34.0999999999984,28.2130242648991));
#5163=CARTESIAN_POINT('',(7.89999999999845,34.0999999999984,28.2130242648991));
#5164=CARTESIAN_POINT('',(11.0999999999984,34.0999999999984,28.2130242648991));
#5165=CARTESIAN_POINT('',(9.49999999999844,32.0999999999984,28.2130242648991));
#5166=CARTESIAN_POINT('',(7.89999999999845,32.0999999999984,28.2130242648991));
#5167=CARTESIAN_POINT('',(11.0999999999984,32.0999999999984,28.2130242648991));
#5168=CARTESIAN_POINT('',(-7.50000000000155,34.0999999999984,28.2130242648991));
#5169=CARTESIAN_POINT('',(-5.90000000000155,34.0999999999984,28.2130242648991));
#5170=CARTESIAN_POINT('',(-9.10000000000155,34.0999999999984,28.2130242648991));
#5171=CARTESIAN_POINT('',(-9.10000000000155,34.0999999999984,28.2130242648991));
#5172=CARTESIAN_POINT('',(-9.10000000000155,32.0999999999984,28.2130242648991));
#5173=CARTESIAN_POINT('',(-7.50000000000155,32.0999999999984,28.2130242648991));
#5174=CARTESIAN_POINT('',(-5.90000000000155,32.0999999999984,28.2130242648991));
#5175=CARTESIAN_POINT('',(-9.10000000000155,32.0999999999984,28.2130242648991));
#5176=CARTESIAN_POINT('',(-5.90000000000155,32.0999999999984,28.2130242648991));
#5177=CARTESIAN_POINT('',(-5.90000000000155,34.0999999999984,28.2130242648991));
#5178=CARTESIAN_POINT('',(-7.50000000000155,34.0999999999984,28.2130242648991));
#5179=CARTESIAN_POINT('',(-9.10000000000155,34.0999999999984,28.2130242648991));
#5180=CARTESIAN_POINT('',(-5.90000000000155,34.0999999999984,28.2130242648991));
#5181=CARTESIAN_POINT('',(-7.50000000000155,32.0999999999984,28.2130242648991));
#5182=CARTESIAN_POINT('',(-9.10000000000155,32.0999999999984,28.2130242648991));
#5183=CARTESIAN_POINT('',(-5.90000000000155,32.0999999999984,28.2130242648991));
#5184=CARTESIAN_POINT('',(-9.50000000000155,34.0999999999984,56.7130242648991));
#5185=CARTESIAN_POINT('',(-7.90000000000156,34.0999999999984,56.7130242648991));
#5186=CARTESIAN_POINT('',(-11.1000000000016,34.0999999999984,56.7130242648991));
#5187=CARTESIAN_POINT('',(-11.1000000000016,34.0999999999984,56.7130242648991));
#5188=CARTESIAN_POINT('',(-11.1000000000016,32.0999999999984,56.7130242648991));
#5189=CARTESIAN_POINT('',(-9.50000000000155,32.0999999999984,56.7130242648991));
#5190=CARTESIAN_POINT('',(-7.90000000000156,32.0999999999984,56.7130242648991));
#5191=CARTESIAN_POINT('',(-11.1000000000016,32.0999999999984,56.7130242648991));
#5192=CARTESIAN_POINT('',(-7.90000000000156,32.0999999999984,56.7130242648991));
#5193=CARTESIAN_POINT('',(-7.90000000000156,34.0999999999984,56.7130242648991));
#5194=CARTESIAN_POINT('',(-9.50000000000155,34.0999999999984,56.7130242648991));
#5195=CARTESIAN_POINT('',(-11.1000000000016,34.0999999999984,56.7130242648991));
#5196=CARTESIAN_POINT('',(-7.90000000000155,34.0999999999984,56.7130242648991));
#5197=CARTESIAN_POINT('',(-9.50000000000155,32.0999999999984,56.7130242648991));
#5198=CARTESIAN_POINT('',(-11.1000000000016,32.0999999999984,56.7130242648991));
#5199=CARTESIAN_POINT('',(-7.90000000000155,32.0999999999984,56.7130242648991));
#5200=CARTESIAN_POINT('',(11.4999999999984,34.0999999999984,56.7130242648991));
#5201=CARTESIAN_POINT('',(13.0999999999984,34.0999999999984,56.7130242648991));
#5202=CARTESIAN_POINT('',(9.89999999999844,34.0999999999984,56.7130242648991));
#5203=CARTESIAN_POINT('',(9.89999999999844,34.0999999999984,56.7130242648991));
#5204=CARTESIAN_POINT('',(9.89999999999844,32.0999999999984,56.7130242648991));
#5205=CARTESIAN_POINT('',(11.4999999999984,32.0999999999984,56.7130242648991));
#5206=CARTESIAN_POINT('',(13.0999999999984,32.0999999999984,56.7130242648991));
#5207=CARTESIAN_POINT('',(9.89999999999844,32.0999999999984,56.7130242648991));
#5208=CARTESIAN_POINT('',(13.0999999999984,32.0999999999984,56.7130242648991));
#5209=CARTESIAN_POINT('',(13.0999999999984,34.0999999999984,56.7130242648991));
#5210=CARTESIAN_POINT('',(11.4999999999984,34.0999999999984,56.7130242648991));
#5211=CARTESIAN_POINT('',(9.89999999999844,34.0999999999984,56.7130242648991));
#5212=CARTESIAN_POINT('',(13.0999999999984,34.0999999999984,56.7130242648991));
#5213=CARTESIAN_POINT('',(11.4999999999984,32.0999999999984,56.7130242648991));
#5214=CARTESIAN_POINT('',(9.89999999999844,32.0999999999984,56.7130242648991));
#5215=CARTESIAN_POINT('',(13.0999999999984,32.0999999999984,56.7130242648991));
#5216=CARTESIAN_POINT('',(-9.50000000000155,34.0999999999984,16.7130242648991));
#5217=CARTESIAN_POINT('',(-7.90000000000155,34.0999999999984,16.7130242648991));
#5218=CARTESIAN_POINT('',(-11.1000000000015,34.0999999999984,16.7130242648991));
#5219=CARTESIAN_POINT('',(-11.1000000000016,34.0999999999984,16.7130242648991));
#5220=CARTESIAN_POINT('',(-11.1000000000016,32.0999999999984,16.7130242648991));
#5221=CARTESIAN_POINT('',(-9.50000000000155,32.0999999999984,16.7130242648991));
#5222=CARTESIAN_POINT('',(-7.90000000000155,32.0999999999984,16.7130242648991));
#5223=CARTESIAN_POINT('',(-11.1000000000015,32.0999999999984,16.7130242648991));
#5224=CARTESIAN_POINT('',(-7.90000000000155,32.0999999999984,16.7130242648991));
#5225=CARTESIAN_POINT('',(-7.90000000000155,34.0999999999984,16.7130242648991));
#5226=CARTESIAN_POINT('',(-9.50000000000155,34.0999999999984,16.7130242648991));
#5227=CARTESIAN_POINT('',(-11.1000000000016,34.0999999999984,16.7130242648991));
#5228=CARTESIAN_POINT('',(-7.90000000000155,34.0999999999984,16.7130242648991));
#5229=CARTESIAN_POINT('',(-9.50000000000155,32.0999999999984,16.7130242648991));
#5230=CARTESIAN_POINT('',(-11.1000000000016,32.0999999999984,16.7130242648991));
#5231=CARTESIAN_POINT('',(-7.90000000000155,32.0999999999984,16.7130242648991));
#5232=CARTESIAN_POINT('',(11.4999999999984,34.0999999999984,16.7130242648992));
#5233=CARTESIAN_POINT('',(13.0999999999984,34.0999999999984,16.7130242648991));
#5234=CARTESIAN_POINT('',(9.89999999999845,34.0999999999984,16.7130242648991));
#5235=CARTESIAN_POINT('',(9.89999999999845,34.0999999999984,16.7130242648991));
#5236=CARTESIAN_POINT('',(9.89999999999845,32.0999999999984,16.7130242648991));
#5237=CARTESIAN_POINT('',(11.4999999999984,32.0999999999984,16.7130242648992));
#5238=CARTESIAN_POINT('',(13.0999999999984,32.0999999999984,16.7130242648991));
#5239=CARTESIAN_POINT('',(9.89999999999845,32.0999999999984,16.7130242648991));
#5240=CARTESIAN_POINT('',(13.0999999999984,32.0999999999984,16.7130242648991));
#5241=CARTESIAN_POINT('',(13.0999999999984,34.0999999999984,16.7130242648991));
#5242=CARTESIAN_POINT('',(11.4999999999984,34.0999999999984,16.7130242648991));
#5243=CARTESIAN_POINT('',(9.89999999999845,34.0999999999984,16.7130242648991));
#5244=CARTESIAN_POINT('',(13.0999999999984,34.0999999999984,16.7130242648991));
#5245=CARTESIAN_POINT('',(11.4999999999984,32.0999999999984,16.7130242648991));
#5246=CARTESIAN_POINT('',(9.89999999999845,32.0999999999984,16.7130242648991));
#5247=CARTESIAN_POINT('',(13.0999999999984,32.0999999999984,16.7130242648991));
#5248=CARTESIAN_POINT('',(0.999999999998448,11.5999999999984,10.7130242648991));
#5249=CARTESIAN_POINT('',(0.999999999998448,17.8499999999984,10.7130242648991));
#5250=CARTESIAN_POINT('',(0.999999999998449,5.34999999999845,10.7130242648991));
#5251=CARTESIAN_POINT('',(0.999999999998447,17.8499999999984,10.7130242648991));
#5252=CARTESIAN_POINT('',(0.999999999998447,17.8499999999984,12.7130242648991));
#5253=CARTESIAN_POINT('',(0.999999999998448,11.5999999999984,12.7130242648991));
#5254=CARTESIAN_POINT('',(0.999999999998448,17.8499999999984,12.7130242648991));
#5255=CARTESIAN_POINT('',(0.999999999998449,5.34999999999845,12.7130242648991));
#5256=CARTESIAN_POINT('',(0.999999999998447,5.34999999999845,12.7130242648991));
#5257=CARTESIAN_POINT('',(0.999999999998447,5.34999999999845,10.7130242648991));
#5258=CARTESIAN_POINT('',(0.999999999998444,11.5999999999984,62.7130242648991));
#5259=CARTESIAN_POINT('',(0.999999999998444,17.8499999999984,62.7130242648991));
#5260=CARTESIAN_POINT('',(0.999999999998446,5.34999999999843,62.7130242648991));
#5261=CARTESIAN_POINT('',(0.999999999998443,5.34999999999843,62.7130242648991));
#5262=CARTESIAN_POINT('',(0.999999999998443,5.34999999999843,60.7130242648991));
#5263=CARTESIAN_POINT('',(0.999999999998444,11.5999999999984,60.7130242648991));
#5264=CARTESIAN_POINT('',(0.999999999998444,17.8499999999984,60.7130242648991));
#5265=CARTESIAN_POINT('',(0.999999999998446,5.34999999999843,60.7130242648991));
#5266=CARTESIAN_POINT('',(0.999999999998443,17.8499999999984,60.7130242648991));
#5267=CARTESIAN_POINT('',(0.999999999998443,17.8499999999984,62.7130242648991));
#5268=CARTESIAN_POINT('',(0.999999999998448,11.5999999999984,10.7130242648991));
#5269=CARTESIAN_POINT('',(0.999999999998448,5.34999999999845,10.7130242648991));
#5270=CARTESIAN_POINT('',(0.999999999998447,17.8499999999984,10.7130242648991));
#5271=CARTESIAN_POINT('',(0.999999999998448,11.5999999999984,12.7130242648991));
#5272=CARTESIAN_POINT('',(0.999999999998448,5.34999999999845,12.7130242648991));
#5273=CARTESIAN_POINT('',(0.999999999998447,17.8499999999984,12.7130242648991));
#5274=CARTESIAN_POINT('',(0.999999999998444,11.5999999999984,62.7130242648991));
#5275=CARTESIAN_POINT('',(0.999999999998444,5.34999999999843,62.7130242648991));
#5276=CARTESIAN_POINT('',(0.999999999998444,17.8499999999984,62.7130242648991));
#5277=CARTESIAN_POINT('',(0.999999999998444,11.5999999999984,60.7130242648991));
#5278=CARTESIAN_POINT('',(0.999999999998444,5.34999999999843,60.7130242648991));
#5279=CARTESIAN_POINT('',(0.999999999998444,17.8499999999984,60.7130242648991));
#5280=CARTESIAN_POINT('',(0.,0.,0.));
ENDSEC;
END-ISO-10303-21;
